Using generated target files in: build/zcu104
Board info: Row Hammer Tester SoC on xczu7ev-ffvc1156-2-i, git: 2ab8a67fa2f2c588fdb05145d5d1a7ddbde4a412 2026-09-16 17:29:22

Preparing ...
WARNING: only single word patterns supported, using: 0xaaaaaaaa

Filling memory with data ...

Verifying written memory ...
OK

Running Rowhammer attacks ...
read_count: 1000000
  Iter 1 / 1 Rows = (0, 2), Count =  0.00M /  1.00M  
  Iter 1 / 1 Rows = (0, 2), Count =  0.16M /  1.00M  
  Iter 1 / 1 Rows = (0, 2), Count =  0.31M /  1.00M  
  Iter 1 / 1 Rows = (0, 2), Count =  0.47M /  1.00M  
  Iter 1 / 1 Rows = (0, 2), Count =  0.63M /  1.00M  
  Iter 1 / 1 Rows = (0, 2), Count =  0.79M /  1.00M  
  Iter 1 / 1 Rows = (0, 2), Count =  0.95M /  1.00M  
  Iter 1 / 1 Rows = (0, 2), Count =  1.00M /  1.00M  

Verifying attacked memory ...
OK

Preparing ...
WARNING: only single word patterns supported, using: 0xaaaaaaaa

Filling memory with data ...

Verifying written memory ...
OK

Running Rowhammer attacks ...
read_count: 11000000
  Iter 1 / 1 Rows = (0, 2), Count =  0.00M / 11.00M  
  Iter 1 / 1 Rows = (0, 2), Count =  0.16M / 11.00M  
  Iter 1 / 1 Rows = (0, 2), Count =  0.33M / 11.00M  
  Iter 1 / 1 Rows = (0, 2), Count =  0.50M / 11.00M  
  Iter 1 / 1 Rows = (0, 2), Count =  0.66M / 11.00M  
  Iter 1 / 1 Rows = (0, 2), Count =  0.83M / 11.00M  
  Iter 1 / 1 Rows = (0, 2), Count =  0.99M / 11.00M  
  Iter 1 / 1 Rows = (0, 2), Count =  1.15M / 11.00M  
  Iter 1 / 1 Rows = (0, 2), Count =  1.32M / 11.00M  
  Iter 1 / 1 Rows = (0, 2), Count =  1.47M / 11.00M  
  Iter 1 / 1 Rows = (0, 2), Count =  1.63M / 11.00M  
  Iter 1 / 1 Rows = (0, 2), Count =  1.78M / 11.00M  
  Iter 1 / 1 Rows = (0, 2), Count =  1.95M / 11.00M  
  Iter 1 / 1 Rows = (0, 2), Count =  2.10M / 11.00M  
  Iter 1 / 1 Rows = (0, 2), Count =  2.26M / 11.00M  
  Iter 1 / 1 Rows = (0, 2), Count =  2.44M / 11.00M  
  Iter 1 / 1 Rows = (0, 2), Count =  2.60M / 11.00M  
  Iter 1 / 1 Rows = (0, 2), Count =  2.76M / 11.00M  
  Iter 1 / 1 Rows = (0, 2), Count =  2.93M / 11.00M  
  Iter 1 / 1 Rows = (0, 2), Count =  3.09M / 11.00M  
  Iter 1 / 1 Rows = (0, 2), Count =  3.25M / 11.00M  
  Iter 1 / 1 Rows = (0, 2), Count =  3.42M / 11.00M  
  Iter 1 / 1 Rows = (0, 2), Count =  3.57M / 11.00M  
  Iter 1 / 1 Rows = (0, 2), Count =  3.73M / 11.00M  
  Iter 1 / 1 Rows = (0, 2), Count =  3.88M / 11.00M  
  Iter 1 / 1 Rows = (0, 2), Count =  4.03M / 11.00M  
  Iter 1 / 1 Rows = (0, 2), Count =  4.19M / 11.00M  
  Iter 1 / 1 Rows = (0, 2), Count =  4.34M / 11.00M  
  Iter 1 / 1 Rows = (0, 2), Count =  4.51M / 11.00M  
  Iter 1 / 1 Rows = (0, 2), Count =  4.67M / 11.00M  
  Iter 1 / 1 Rows = (0, 2), Count =  4.82M / 11.00M  
  Iter 1 / 1 Rows = (0, 2), Count =  4.97M / 11.00M  
  Iter 1 / 1 Rows = (0, 2), Count =  5.13M / 11.00M  
  Iter 1 / 1 Rows = (0, 2), Count =  5.28M / 11.00M  
  Iter 1 / 1 Rows = (0, 2), Count =  5.45M / 11.00M  
  Iter 1 / 1 Rows = (0, 2), Count =  5.61M / 11.00M  
  Iter 1 / 1 Rows = (0, 2), Count =  5.77M / 11.00M  
  Iter 1 / 1 Rows = (0, 2), Count =  5.95M / 11.00M  
  Iter 1 / 1 Rows = (0, 2), Count =  6.12M / 11.00M  
  Iter 1 / 1 Rows = (0, 2), Count =  6.29M / 11.00M  
  Iter 1 / 1 Rows = (0, 2), Count =  6.45M / 11.00M  
  Iter 1 / 1 Rows = (0, 2), Count =  6.61M / 11.00M  
  Iter 1 / 1 Rows = (0, 2), Count =  6.78M / 11.00M  
  Iter 1 / 1 Rows = (0, 2), Count =  6.94M / 11.00M  
  Iter 1 / 1 Rows = (0, 2), Count =  7.12M / 11.00M  
  Iter 1 / 1 Rows = (0, 2), Count =  7.28M / 11.00M  
  Iter 1 / 1 Rows = (0, 2), Count =  7.45M / 11.00M  
  Iter 1 / 1 Rows = (0, 2), Count =  7.61M / 11.00M  
  Iter 1 / 1 Rows = (0, 2), Count =  7.78M / 11.00M  
  Iter 1 / 1 Rows = (0, 2), Count =  7.93M / 11.00M  
  Iter 1 / 1 Rows = (0, 2), Count =  8.09M / 11.00M  
  Iter 1 / 1 Rows = (0, 2), Count =  8.24M / 11.00M  
  Iter 1 / 1 Rows = (0, 2), Count =  8.40M / 11.00M  
  Iter 1 / 1 Rows = (0, 2), Count =  8.55M / 11.00M  
  Iter 1 / 1 Rows = (0, 2), Count =  8.72M / 11.00M  
  Iter 1 / 1 Rows = (0, 2), Count =  8.89M / 11.00M  
  Iter 1 / 1 Rows = (0, 2), Count =  9.06M / 11.00M  
  Iter 1 / 1 Rows = (0, 2), Count =  9.24M / 11.00M  
  Iter 1 / 1 Rows = (0, 2), Count =  9.40M / 11.00M  
  Iter 1 / 1 Rows = (0, 2), Count =  9.57M / 11.00M  
  Iter 1 / 1 Rows = (0, 2), Count =  9.74M / 11.00M  
  Iter 1 / 1 Rows = (0, 2), Count =  9.90M / 11.00M  
  Iter 1 / 1 Rows = (0, 2), Count = 10.07M / 11.00M  
  Iter 1 / 1 Rows = (0, 2), Count = 10.23M / 11.00M  
  Iter 1 / 1 Rows = (0, 2), Count = 10.38M / 11.00M  
  Iter 1 / 1 Rows = (0, 2), Count = 10.53M / 11.00M  
  Iter 1 / 1 Rows = (0, 2), Count = 10.69M / 11.00M  
  Iter 1 / 1 Rows = (0, 2), Count = 10.84M / 11.00M  
  Iter 1 / 1 Rows = (0, 2), Count = 11.00M / 11.00M  

Verifying attacked memory ...
OK

Preparing ...
WARNING: only single word patterns supported, using: 0xaaaaaaaa

Filling memory with data ...

Verifying written memory ...
OK

Running Rowhammer attacks ...
read_count: 21000000
  Iter 1 / 1 Rows = (0, 2), Count =  0.00M / 21.00M  
  Iter 1 / 1 Rows = (0, 2), Count =  0.16M / 21.00M  
  Iter 1 / 1 Rows = (0, 2), Count =  0.32M / 21.00M  
  Iter 1 / 1 Rows = (0, 2), Count =  0.48M / 21.00M  
  Iter 1 / 1 Rows = (0, 2), Count =  0.63M / 21.00M  
  Iter 1 / 1 Rows = (0, 2), Count =  0.78M / 21.00M  
  Iter 1 / 1 Rows = (0, 2), Count =  0.94M / 21.00M  
  Iter 1 / 1 Rows = (0, 2), Count =  1.09M / 21.00M  
  Iter 1 / 1 Rows = (0, 2), Count =  1.24M / 21.00M  
  Iter 1 / 1 Rows = (0, 2), Count =  1.40M / 21.00M  
  Iter 1 / 1 Rows = (0, 2), Count =  1.55M / 21.00M  
  Iter 1 / 1 Rows = (0, 2), Count =  1.71M / 21.00M  
  Iter 1 / 1 Rows = (0, 2), Count =  1.86M / 21.00M  
  Iter 1 / 1 Rows = (0, 2), Count =  2.02M / 21.00M  
  Iter 1 / 1 Rows = (0, 2), Count =  2.17M / 21.00M  
  Iter 1 / 1 Rows = (0, 2), Count =  2.33M / 21.00M  
  Iter 1 / 1 Rows = (0, 2), Count =  2.48M / 21.00M  
  Iter 1 / 1 Rows = (0, 2), Count =  2.64M / 21.00M  
  Iter 1 / 1 Rows = (0, 2), Count =  2.79M / 21.00M  
  Iter 1 / 1 Rows = (0, 2), Count =  2.94M / 21.00M  
  Iter 1 / 1 Rows = (0, 2), Count =  3.10M / 21.00M  
  Iter 1 / 1 Rows = (0, 2), Count =  3.25M / 21.00M  
  Iter 1 / 1 Rows = (0, 2), Count =  3.41M / 21.00M  
  Iter 1 / 1 Rows = (0, 2), Count =  3.56M / 21.00M  
  Iter 1 / 1 Rows = (0, 2), Count =  3.72M / 21.00M  
  Iter 1 / 1 Rows = (0, 2), Count =  3.88M / 21.00M  
  Iter 1 / 1 Rows = (0, 2), Count =  4.03M / 21.00M  
  Iter 1 / 1 Rows = (0, 2), Count =  4.18M / 21.00M  
  Iter 1 / 1 Rows = (0, 2), Count =  4.34M / 21.00M  
  Iter 1 / 1 Rows = (0, 2), Count =  4.49M / 21.00M  
  Iter 1 / 1 Rows = (0, 2), Count =  4.64M / 21.00M  
  Iter 1 / 1 Rows = (0, 2), Count =  4.80M / 21.00M  
  Iter 1 / 1 Rows = (0, 2), Count =  4.95M / 21.00M  
  Iter 1 / 1 Rows = (0, 2), Count =  5.11M / 21.00M  
  Iter 1 / 1 Rows = (0, 2), Count =  5.26M / 21.00M  
  Iter 1 / 1 Rows = (0, 2), Count =  5.42M / 21.00M  
  Iter 1 / 1 Rows = (0, 2), Count =  5.57M / 21.00M  
  Iter 1 / 1 Rows = (0, 2), Count =  5.73M / 21.00M  
  Iter 1 / 1 Rows = (0, 2), Count =  5.88M / 21.00M  
  Iter 1 / 1 Rows = (0, 2), Count =  6.03M / 21.00M  
  Iter 1 / 1 Rows = (0, 2), Count =  6.19M / 21.00M  
  Iter 1 / 1 Rows = (0, 2), Count =  6.34M / 21.00M  
  Iter 1 / 1 Rows = (0, 2), Count =  6.50M / 21.00M  
  Iter 1 / 1 Rows = (0, 2), Count =  6.65M / 21.00M  
  Iter 1 / 1 Rows = (0, 2), Count =  6.81M / 21.00M  
  Iter 1 / 1 Rows = (0, 2), Count =  6.96M / 21.00M  
  Iter 1 / 1 Rows = (0, 2), Count =  7.11M / 21.00M  
  Iter 1 / 1 Rows = (0, 2), Count =  7.27M / 21.00M  
  Iter 1 / 1 Rows = (0, 2), Count =  7.42M / 21.00M  
  Iter 1 / 1 Rows = (0, 2), Count =  7.58M / 21.00M  
  Iter 1 / 1 Rows = (0, 2), Count =  7.74M / 21.00M  
  Iter 1 / 1 Rows = (0, 2), Count =  7.89M / 21.00M  
  Iter 1 / 1 Rows = (0, 2), Count =  8.06M / 21.00M  
  Iter 1 / 1 Rows = (0, 2), Count =  8.21M / 21.00M  
  Iter 1 / 1 Rows = (0, 2), Count =  8.37M / 21.00M  
  Iter 1 / 1 Rows = (0, 2), Count =  8.52M / 21.00M  
  Iter 1 / 1 Rows = (0, 2), Count =  8.67M / 21.00M  
  Iter 1 / 1 Rows = (0, 2), Count =  8.83M / 21.00M  
  Iter 1 / 1 Rows = (0, 2), Count =  8.98M / 21.00M  
  Iter 1 / 1 Rows = (0, 2), Count =  9.14M / 21.00M  
  Iter 1 / 1 Rows = (0, 2), Count =  9.29M / 21.00M  
  Iter 1 / 1 Rows = (0, 2), Count =  9.45M / 21.00M  
  Iter 1 / 1 Rows = (0, 2), Count =  9.60M / 21.00M  
  Iter 1 / 1 Rows = (0, 2), Count =  9.76M / 21.00M  
  Iter 1 / 1 Rows = (0, 2), Count =  9.91M / 21.00M  
  Iter 1 / 1 Rows = (0, 2), Count = 10.06M / 21.00M  
  Iter 1 / 1 Rows = (0, 2), Count = 10.22M / 21.00M  
  Iter 1 / 1 Rows = (0, 2), Count = 10.37M / 21.00M  
  Iter 1 / 1 Rows = (0, 2), Count = 10.53M / 21.00M  
  Iter 1 / 1 Rows = (0, 2), Count = 10.68M / 21.00M  
  Iter 1 / 1 Rows = (0, 2), Count = 10.84M / 21.00M  
  Iter 1 / 1 Rows = (0, 2), Count = 10.99M / 21.00M  
  Iter 1 / 1 Rows = (0, 2), Count = 11.15M / 21.00M  
  Iter 1 / 1 Rows = (0, 2), Count = 11.30M / 21.00M  
  Iter 1 / 1 Rows = (0, 2), Count = 11.46M / 21.00M  
  Iter 1 / 1 Rows = (0, 2), Count = 11.62M / 21.00M  
  Iter 1 / 1 Rows = (0, 2), Count = 11.78M / 21.00M  
  Iter 1 / 1 Rows = (0, 2), Count = 11.93M / 21.00M  
  Iter 1 / 1 Rows = (0, 2), Count = 12.08M / 21.00M  
  Iter 1 / 1 Rows = (0, 2), Count = 12.24M / 21.00M  
  Iter 1 / 1 Rows = (0, 2), Count = 12.39M / 21.00M  
  Iter 1 / 1 Rows = (0, 2), Count = 12.55M / 21.00M  
  Iter 1 / 1 Rows = (0, 2), Count = 12.70M / 21.00M  
  Iter 1 / 1 Rows = (0, 2), Count = 12.85M / 21.00M  
  Iter 1 / 1 Rows = (0, 2), Count = 13.01M / 21.00M  
  Iter 1 / 1 Rows = (0, 2), Count = 13.16M / 21.00M  
  Iter 1 / 1 Rows = (0, 2), Count = 13.32M / 21.00M  
  Iter 1 / 1 Rows = (0, 2), Count = 13.47M / 21.00M  
  Iter 1 / 1 Rows = (0, 2), Count = 13.63M / 21.00M  
  Iter 1 / 1 Rows = (0, 2), Count = 13.78M / 21.00M  
  Iter 1 / 1 Rows = (0, 2), Count = 13.94M / 21.00M  
  Iter 1 / 1 Rows = (0, 2), Count = 14.09M / 21.00M  
  Iter 1 / 1 Rows = (0, 2), Count = 14.25M / 21.00M  
  Iter 1 / 1 Rows = (0, 2), Count = 14.41M / 21.00M  
  Iter 1 / 1 Rows = (0, 2), Count = 14.57M / 21.00M  
  Iter 1 / 1 Rows = (0, 2), Count = 14.74M / 21.00M  
  Iter 1 / 1 Rows = (0, 2), Count = 14.89M / 21.00M  
  Iter 1 / 1 Rows = (0, 2), Count = 15.05M / 21.00M  
  Iter 1 / 1 Rows = (0, 2), Count = 15.20M / 21.00M  
  Iter 1 / 1 Rows = (0, 2), Count = 15.36M / 21.00M  
  Iter 1 / 1 Rows = (0, 2), Count = 15.53M / 21.00M  
  Iter 1 / 1 Rows = (0, 2), Count = 15.69M / 21.00M  
  Iter 1 / 1 Rows = (0, 2), Count = 15.85M / 21.00M  
  Iter 1 / 1 Rows = (0, 2), Count = 16.00M / 21.00M  
  Iter 1 / 1 Rows = (0, 2), Count = 16.16M / 21.00M  
  Iter 1 / 1 Rows = (0, 2), Count = 16.32M / 21.00M  
  Iter 1 / 1 Rows = (0, 2), Count = 16.48M / 21.00M  
  Iter 1 / 1 Rows = (0, 2), Count = 16.66M / 21.00M  
  Iter 1 / 1 Rows = (0, 2), Count = 16.82M / 21.00M  
  Iter 1 / 1 Rows = (0, 2), Count = 16.98M / 21.00M  
  Iter 1 / 1 Rows = (0, 2), Count = 17.13M / 21.00M  
  Iter 1 / 1 Rows = (0, 2), Count = 17.29M / 21.00M  
  Iter 1 / 1 Rows = (0, 2), Count = 17.44M / 21.00M  
  Iter 1 / 1 Rows = (0, 2), Count = 17.61M / 21.00M  
  Iter 1 / 1 Rows = (0, 2), Count = 17.76M / 21.00M  
  Iter 1 / 1 Rows = (0, 2), Count = 17.92M / 21.00M  
  Iter 1 / 1 Rows = (0, 2), Count = 18.07M / 21.00M  
  Iter 1 / 1 Rows = (0, 2), Count = 18.23M / 21.00M  
  Iter 1 / 1 Rows = (0, 2), Count = 18.38M / 21.00M  
  Iter 1 / 1 Rows = (0, 2), Count = 18.54M / 21.00M  
  Iter 1 / 1 Rows = (0, 2), Count = 18.69M / 21.00M  
  Iter 1 / 1 Rows = (0, 2), Count = 18.84M / 21.00M  
  Iter 1 / 1 Rows = (0, 2), Count = 19.00M / 21.00M  
  Iter 1 / 1 Rows = (0, 2), Count = 19.16M / 21.00M  
  Iter 1 / 1 Rows = (0, 2), Count = 19.32M / 21.00M  
  Iter 1 / 1 Rows = (0, 2), Count = 19.47M / 21.00M  
  Iter 1 / 1 Rows = (0, 2), Count = 19.63M / 21.00M  
  Iter 1 / 1 Rows = (0, 2), Count = 19.78M / 21.00M  
  Iter 1 / 1 Rows = (0, 2), Count = 19.94M / 21.00M  
  Iter 1 / 1 Rows = (0, 2), Count = 20.09M / 21.00M  
  Iter 1 / 1 Rows = (0, 2), Count = 20.25M / 21.00M  
  Iter 1 / 1 Rows = (0, 2), Count = 20.42M / 21.00M  
  Iter 1 / 1 Rows = (0, 2), Count = 20.57M / 21.00M  
  Iter 1 / 1 Rows = (0, 2), Count = 20.72M / 21.00M  
  Iter 1 / 1 Rows = (0, 2), Count = 20.88M / 21.00M  
  Iter 1 / 1 Rows = (0, 2), Count = 21.00M / 21.00M  

Verifying attacked memory ...
OK

Preparing ...
WARNING: only single word patterns supported, using: 0xaaaaaaaa

Filling memory with data ...

Verifying written memory ...
OK

Running Rowhammer attacks ...
read_count: 31000000
  Iter 1 / 1 Rows = (0, 2), Count =  0.00M / 31.00M  
  Iter 1 / 1 Rows = (0, 2), Count =  0.16M / 31.00M  
  Iter 1 / 1 Rows = (0, 2), Count =  0.33M / 31.00M  
  Iter 1 / 1 Rows = (0, 2), Count =  0.48M / 31.00M  
  Iter 1 / 1 Rows = (0, 2), Count =  0.64M / 31.00M  
  Iter 1 / 1 Rows = (0, 2), Count =  0.80M / 31.00M  
  Iter 1 / 1 Rows = (0, 2), Count =  0.96M / 31.00M  
  Iter 1 / 1 Rows = (0, 2), Count =  1.13M / 31.00M  
  Iter 1 / 1 Rows = (0, 2), Count =  1.29M / 31.00M  
  Iter 1 / 1 Rows = (0, 2), Count =  1.48M / 31.00M  
  Iter 1 / 1 Rows = (0, 2), Count =  1.64M / 31.00M  
  Iter 1 / 1 Rows = (0, 2), Count =  1.79M / 31.00M  
  Iter 1 / 1 Rows = (0, 2), Count =  1.95M / 31.00M  
  Iter 1 / 1 Rows = (0, 2), Count =  2.10M / 31.00M  
  Iter 1 / 1 Rows = (0, 2), Count =  2.26M / 31.00M  
  Iter 1 / 1 Rows = (0, 2), Count =  2.41M / 31.00M  
  Iter 1 / 1 Rows = (0, 2), Count =  2.57M / 31.00M  
  Iter 1 / 1 Rows = (0, 2), Count =  2.72M / 31.00M  
  Iter 1 / 1 Rows = (0, 2), Count =  2.87M / 31.00M  
  Iter 1 / 1 Rows = (0, 2), Count =  3.03M / 31.00M  
  Iter 1 / 1 Rows = (0, 2), Count =  3.18M / 31.00M  
  Iter 1 / 1 Rows = (0, 2), Count =  3.34M / 31.00M  
  Iter 1 / 1 Rows = (0, 2), Count =  3.49M / 31.00M  
  Iter 1 / 1 Rows = (0, 2), Count =  3.65M / 31.00M  
  Iter 1 / 1 Rows = (0, 2), Count =  3.80M / 31.00M  
  Iter 1 / 1 Rows = (0, 2), Count =  3.96M / 31.00M  
  Iter 1 / 1 Rows = (0, 2), Count =  4.11M / 31.00M  
  Iter 1 / 1 Rows = (0, 2), Count =  4.26M / 31.00M  
  Iter 1 / 1 Rows = (0, 2), Count =  4.42M / 31.00M  
  Iter 1 / 1 Rows = (0, 2), Count =  4.57M / 31.00M  
  Iter 1 / 1 Rows = (0, 2), Count =  4.73M / 31.00M  
  Iter 1 / 1 Rows = (0, 2), Count =  4.88M / 31.00M  
  Iter 1 / 1 Rows = (0, 2), Count =  5.04M / 31.00M  
  Iter 1 / 1 Rows = (0, 2), Count =  5.20M / 31.00M  
  Iter 1 / 1 Rows = (0, 2), Count =  5.36M / 31.00M  
  Iter 1 / 1 Rows = (0, 2), Count =  5.51M / 31.00M  
  Iter 1 / 1 Rows = (0, 2), Count =  5.68M / 31.00M  
  Iter 1 / 1 Rows = (0, 2), Count =  5.85M / 31.00M  
  Iter 1 / 1 Rows = (0, 2), Count =  6.00M / 31.00M  
  Iter 1 / 1 Rows = (0, 2), Count =  6.17M / 31.00M  
  Iter 1 / 1 Rows = (0, 2), Count =  6.33M / 31.00M  
  Iter 1 / 1 Rows = (0, 2), Count =  6.48M / 31.00M  
  Iter 1 / 1 Rows = (0, 2), Count =  6.63M / 31.00M  
  Iter 1 / 1 Rows = (0, 2), Count =  6.79M / 31.00M  
  Iter 1 / 1 Rows = (0, 2), Count =  6.94M / 31.00M  
  Iter 1 / 1 Rows = (0, 2), Count =  7.11M / 31.00M  
  Iter 1 / 1 Rows = (0, 2), Count =  7.28M / 31.00M  
  Iter 1 / 1 Rows = (0, 2), Count =  7.43M / 31.00M  
  Iter 1 / 1 Rows = (0, 2), Count =  7.60M / 31.00M  
  Iter 1 / 1 Rows = (0, 2), Count =  7.77M / 31.00M  
  Iter 1 / 1 Rows = (0, 2), Count =  7.92M / 31.00M  
  Iter 1 / 1 Rows = (0, 2), Count =  8.08M / 31.00M  
  Iter 1 / 1 Rows = (0, 2), Count =  8.24M / 31.00M  
  Iter 1 / 1 Rows = (0, 2), Count =  8.40M / 31.00M  
  Iter 1 / 1 Rows = (0, 2), Count =  8.55M / 31.00M  
  Iter 1 / 1 Rows = (0, 2), Count =  8.71M / 31.00M  
  Iter 1 / 1 Rows = (0, 2), Count =  8.89M / 31.00M  
  Iter 1 / 1 Rows = (0, 2), Count =  9.05M / 31.00M  
  Iter 1 / 1 Rows = (0, 2), Count =  9.21M / 31.00M  
  Iter 1 / 1 Rows = (0, 2), Count =  9.36M / 31.00M  
  Iter 1 / 1 Rows = (0, 2), Count =  9.52M / 31.00M  
  Iter 1 / 1 Rows = (0, 2), Count =  9.69M / 31.00M  
  Iter 1 / 1 Rows = (0, 2), Count =  9.85M / 31.00M  
  Iter 1 / 1 Rows = (0, 2), Count = 10.01M / 31.00M  
  Iter 1 / 1 Rows = (0, 2), Count = 10.18M / 31.00M  
  Iter 1 / 1 Rows = (0, 2), Count = 10.34M / 31.00M  
  Iter 1 / 1 Rows = (0, 2), Count = 10.51M / 31.00M  
  Iter 1 / 1 Rows = (0, 2), Count = 10.68M / 31.00M  
  Iter 1 / 1 Rows = (0, 2), Count = 10.84M / 31.00M  
  Iter 1 / 1 Rows = (0, 2), Count = 11.00M / 31.00M  
  Iter 1 / 1 Rows = (0, 2), Count = 11.16M / 31.00M  
  Iter 1 / 1 Rows = (0, 2), Count = 11.32M / 31.00M  
  Iter 1 / 1 Rows = (0, 2), Count = 11.48M / 31.00M  
  Iter 1 / 1 Rows = (0, 2), Count = 11.64M / 31.00M  
  Iter 1 / 1 Rows = (0, 2), Count = 11.80M / 31.00M  
  Iter 1 / 1 Rows = (0, 2), Count = 11.96M / 31.00M  
  Iter 1 / 1 Rows = (0, 2), Count = 12.11M / 31.00M  
  Iter 1 / 1 Rows = (0, 2), Count = 12.27M / 31.00M  
  Iter 1 / 1 Rows = (0, 2), Count = 12.43M / 31.00M  
  Iter 1 / 1 Rows = (0, 2), Count = 12.58M / 31.00M  
  Iter 1 / 1 Rows = (0, 2), Count = 12.75M / 31.00M  
  Iter 1 / 1 Rows = (0, 2), Count = 12.92M / 31.00M  
  Iter 1 / 1 Rows = (0, 2), Count = 13.08M / 31.00M  
  Iter 1 / 1 Rows = (0, 2), Count = 13.24M / 31.00M  
  Iter 1 / 1 Rows = (0, 2), Count = 13.40M / 31.00M  
  Iter 1 / 1 Rows = (0, 2), Count = 13.56M / 31.00M  
  Iter 1 / 1 Rows = (0, 2), Count = 13.71M / 31.00M  
  Iter 1 / 1 Rows = (0, 2), Count = 13.87M / 31.00M  
  Iter 1 / 1 Rows = (0, 2), Count = 14.04M / 31.00M  
  Iter 1 / 1 Rows = (0, 2), Count = 14.20M / 31.00M  
  Iter 1 / 1 Rows = (0, 2), Count = 14.36M / 31.00M  
  Iter 1 / 1 Rows = (0, 2), Count = 14.54M / 31.00M  
  Iter 1 / 1 Rows = (0, 2), Count = 14.69M / 31.00M  
  Iter 1 / 1 Rows = (0, 2), Count = 14.86M / 31.00M  
  Iter 1 / 1 Rows = (0, 2), Count = 15.02M / 31.00M  
  Iter 1 / 1 Rows = (0, 2), Count = 15.18M / 31.00M  
  Iter 1 / 1 Rows = (0, 2), Count = 15.33M / 31.00M  
  Iter 1 / 1 Rows = (0, 2), Count = 15.49M / 31.00M  
  Iter 1 / 1 Rows = (0, 2), Count = 15.64M / 31.00M  
  Iter 1 / 1 Rows = (0, 2), Count = 15.80M / 31.00M  
  Iter 1 / 1 Rows = (0, 2), Count = 15.95M / 31.00M  
  Iter 1 / 1 Rows = (0, 2), Count = 16.11M / 31.00M  
  Iter 1 / 1 Rows = (0, 2), Count = 16.26M / 31.00M  
  Iter 1 / 1 Rows = (0, 2), Count = 16.43M / 31.00M  
  Iter 1 / 1 Rows = (0, 2), Count = 16.58M / 31.00M  
  Iter 1 / 1 Rows = (0, 2), Count = 16.74M / 31.00M  
  Iter 1 / 1 Rows = (0, 2), Count = 16.91M / 31.00M  
  Iter 1 / 1 Rows = (0, 2), Count = 17.08M / 31.00M  
  Iter 1 / 1 Rows = (0, 2), Count = 17.26M / 31.00M  
  Iter 1 / 1 Rows = (0, 2), Count = 17.42M / 31.00M  
  Iter 1 / 1 Rows = (0, 2), Count = 17.59M / 31.00M  
  Iter 1 / 1 Rows = (0, 2), Count = 17.76M / 31.00M  
  Iter 1 / 1 Rows = (0, 2), Count = 17.91M / 31.00M  
  Iter 1 / 1 Rows = (0, 2), Count = 18.06M / 31.00M  
  Iter 1 / 1 Rows = (0, 2), Count = 18.22M / 31.00M  
  Iter 1 / 1 Rows = (0, 2), Count = 18.37M / 31.00M  
  Iter 1 / 1 Rows = (0, 2), Count = 18.52M / 31.00M  
  Iter 1 / 1 Rows = (0, 2), Count = 18.68M / 31.00M  
  Iter 1 / 1 Rows = (0, 2), Count = 18.83M / 31.00M  
  Iter 1 / 1 Rows = (0, 2), Count = 18.99M / 31.00M  
  Iter 1 / 1 Rows = (0, 2), Count = 19.14M / 31.00M  
  Iter 1 / 1 Rows = (0, 2), Count = 19.30M / 31.00M  
  Iter 1 / 1 Rows = (0, 2), Count = 19.45M / 31.00M  
  Iter 1 / 1 Rows = (0, 2), Count = 19.61M / 31.00M  
  Iter 1 / 1 Rows = (0, 2), Count = 19.78M / 31.00M  
  Iter 1 / 1 Rows = (0, 2), Count = 19.94M / 31.00M  
  Iter 1 / 1 Rows = (0, 2), Count = 20.10M / 31.00M  
  Iter 1 / 1 Rows = (0, 2), Count = 20.27M / 31.00M  
  Iter 1 / 1 Rows = (0, 2), Count = 20.43M / 31.00M  
  Iter 1 / 1 Rows = (0, 2), Count = 20.59M / 31.00M  
  Iter 1 / 1 Rows = (0, 2), Count = 20.74M / 31.00M  
  Iter 1 / 1 Rows = (0, 2), Count = 20.90M / 31.00M  
  Iter 1 / 1 Rows = (0, 2), Count = 21.05M / 31.00M  
  Iter 1 / 1 Rows = (0, 2), Count = 21.20M / 31.00M  
  Iter 1 / 1 Rows = (0, 2), Count = 21.36M / 31.00M  
  Iter 1 / 1 Rows = (0, 2), Count = 21.51M / 31.00M  
  Iter 1 / 1 Rows = (0, 2), Count = 21.67M / 31.00M  
  Iter 1 / 1 Rows = (0, 2), Count = 21.82M / 31.00M  
  Iter 1 / 1 Rows = (0, 2), Count = 21.98M / 31.00M  
  Iter 1 / 1 Rows = (0, 2), Count = 22.13M / 31.00M  
  Iter 1 / 1 Rows = (0, 2), Count = 22.29M / 31.00M  
  Iter 1 / 1 Rows = (0, 2), Count = 22.44M / 31.00M  
  Iter 1 / 1 Rows = (0, 2), Count = 22.59M / 31.00M  
  Iter 1 / 1 Rows = (0, 2), Count = 22.75M / 31.00M  
  Iter 1 / 1 Rows = (0, 2), Count = 22.90M / 31.00M  
  Iter 1 / 1 Rows = (0, 2), Count = 23.06M / 31.00M  
  Iter 1 / 1 Rows = (0, 2), Count = 23.21M / 31.00M  
  Iter 1 / 1 Rows = (0, 2), Count = 23.37M / 31.00M  
  Iter 1 / 1 Rows = (0, 2), Count = 23.52M / 31.00M  
  Iter 1 / 1 Rows = (0, 2), Count = 23.68M / 31.00M  
  Iter 1 / 1 Rows = (0, 2), Count = 23.83M / 31.00M  
  Iter 1 / 1 Rows = (0, 2), Count = 23.98M / 31.00M  
  Iter 1 / 1 Rows = (0, 2), Count = 24.14M / 31.00M  
  Iter 1 / 1 Rows = (0, 2), Count = 24.29M / 31.00M  
  Iter 1 / 1 Rows = (0, 2), Count = 24.45M / 31.00M  
  Iter 1 / 1 Rows = (0, 2), Count = 24.60M / 31.00M  
  Iter 1 / 1 Rows = (0, 2), Count = 24.76M / 31.00M  
  Iter 1 / 1 Rows = (0, 2), Count = 24.92M / 31.00M  
  Iter 1 / 1 Rows = (0, 2), Count = 25.08M / 31.00M  
  Iter 1 / 1 Rows = (0, 2), Count = 25.25M / 31.00M  
  Iter 1 / 1 Rows = (0, 2), Count = 25.41M / 31.00M  
  Iter 1 / 1 Rows = (0, 2), Count = 25.58M / 31.00M  
  Iter 1 / 1 Rows = (0, 2), Count = 25.74M / 31.00M  
  Iter 1 / 1 Rows = (0, 2), Count = 25.89M / 31.00M  
  Iter 1 / 1 Rows = (0, 2), Count = 26.05M / 31.00M  
  Iter 1 / 1 Rows = (0, 2), Count = 26.21M / 31.00M  
  Iter 1 / 1 Rows = (0, 2), Count = 26.37M / 31.00M  
  Iter 1 / 1 Rows = (0, 2), Count = 26.52M / 31.00M  
  Iter 1 / 1 Rows = (0, 2), Count = 26.70M / 31.00M  
  Iter 1 / 1 Rows = (0, 2), Count = 26.87M / 31.00M  
  Iter 1 / 1 Rows = (0, 2), Count = 27.02M / 31.00M  
  Iter 1 / 1 Rows = (0, 2), Count = 27.18M / 31.00M  
  Iter 1 / 1 Rows = (0, 2), Count = 27.34M / 31.00M  
  Iter 1 / 1 Rows = (0, 2), Count = 27.50M / 31.00M  
  Iter 1 / 1 Rows = (0, 2), Count = 27.65M / 31.00M  
  Iter 1 / 1 Rows = (0, 2), Count = 27.81M / 31.00M  
  Iter 1 / 1 Rows = (0, 2), Count = 27.99M / 31.00M  
  Iter 1 / 1 Rows = (0, 2), Count = 28.14M / 31.00M  
  Iter 1 / 1 Rows = (0, 2), Count = 28.30M / 31.00M  
  Iter 1 / 1 Rows = (0, 2), Count = 28.45M / 31.00M  
  Iter 1 / 1 Rows = (0, 2), Count = 28.63M / 31.00M  
  Iter 1 / 1 Rows = (0, 2), Count = 28.79M / 31.00M  
  Iter 1 / 1 Rows = (0, 2), Count = 28.94M / 31.00M  
  Iter 1 / 1 Rows = (0, 2), Count = 29.10M / 31.00M  
  Iter 1 / 1 Rows = (0, 2), Count = 29.25M / 31.00M  
  Iter 1 / 1 Rows = (0, 2), Count = 29.40M / 31.00M  
  Iter 1 / 1 Rows = (0, 2), Count = 29.56M / 31.00M  
  Iter 1 / 1 Rows = (0, 2), Count = 29.73M / 31.00M  
  Iter 1 / 1 Rows = (0, 2), Count = 29.90M / 31.00M  
  Iter 1 / 1 Rows = (0, 2), Count = 30.06M / 31.00M  
  Iter 1 / 1 Rows = (0, 2), Count = 30.21M / 31.00M  
  Iter 1 / 1 Rows = (0, 2), Count = 30.37M / 31.00M  
  Iter 1 / 1 Rows = (0, 2), Count = 30.52M / 31.00M  
  Iter 1 / 1 Rows = (0, 2), Count = 30.68M / 31.00M  
  Iter 1 / 1 Rows = (0, 2), Count = 30.83M / 31.00M  
  Iter 1 / 1 Rows = (0, 2), Count = 30.99M / 31.00M  
  Iter 1 / 1 Rows = (0, 2), Count = 31.00M / 31.00M  

Verifying attacked memory ...
OK

Preparing ...
WARNING: only single word patterns supported, using: 0xaaaaaaaa

Filling memory with data ...

Verifying written memory ...
OK

Running Rowhammer attacks ...
read_count: 41000000
  Iter 1 / 1 Rows = (0, 2), Count =  0.00M / 41.00M  
  Iter 1 / 1 Rows = (0, 2), Count =  0.16M / 41.00M  
  Iter 1 / 1 Rows = (0, 2), Count =  0.33M / 41.00M  
  Iter 1 / 1 Rows = (0, 2), Count =  0.48M / 41.00M  
  Iter 1 / 1 Rows = (0, 2), Count =  0.64M / 41.00M  
  Iter 1 / 1 Rows = (0, 2), Count =  0.79M / 41.00M  
  Iter 1 / 1 Rows = (0, 2), Count =  0.95M / 41.00M  
  Iter 1 / 1 Rows = (0, 2), Count =  1.11M / 41.00M  
  Iter 1 / 1 Rows = (0, 2), Count =  1.28M / 41.00M  
  Iter 1 / 1 Rows = (0, 2), Count =  1.45M / 41.00M  
  Iter 1 / 1 Rows = (0, 2), Count =  1.60M / 41.00M  
  Iter 1 / 1 Rows = (0, 2), Count =  1.76M / 41.00M  
  Iter 1 / 1 Rows = (0, 2), Count =  1.91M / 41.00M  
  Iter 1 / 1 Rows = (0, 2), Count =  2.07M / 41.00M  
  Iter 1 / 1 Rows = (0, 2), Count =  2.25M / 41.00M  
  Iter 1 / 1 Rows = (0, 2), Count =  2.42M / 41.00M  
  Iter 1 / 1 Rows = (0, 2), Count =  2.58M / 41.00M  
  Iter 1 / 1 Rows = (0, 2), Count =  2.74M / 41.00M  
  Iter 1 / 1 Rows = (0, 2), Count =  2.90M / 41.00M  
  Iter 1 / 1 Rows = (0, 2), Count =  3.09M / 41.00M  
  Iter 1 / 1 Rows = (0, 2), Count =  3.25M / 41.00M  
  Iter 1 / 1 Rows = (0, 2), Count =  3.40M / 41.00M  
  Iter 1 / 1 Rows = (0, 2), Count =  3.56M / 41.00M  
  Iter 1 / 1 Rows = (0, 2), Count =  3.71M / 41.00M  
  Iter 1 / 1 Rows = (0, 2), Count =  3.87M / 41.00M  
  Iter 1 / 1 Rows = (0, 2), Count =  4.02M / 41.00M  
  Iter 1 / 1 Rows = (0, 2), Count =  4.18M / 41.00M  
  Iter 1 / 1 Rows = (0, 2), Count =  4.33M / 41.00M  
  Iter 1 / 1 Rows = (0, 2), Count =  4.48M / 41.00M  
  Iter 1 / 1 Rows = (0, 2), Count =  4.64M / 41.00M  
  Iter 1 / 1 Rows = (0, 2), Count =  4.79M / 41.00M  
  Iter 1 / 1 Rows = (0, 2), Count =  4.96M / 41.00M  
  Iter 1 / 1 Rows = (0, 2), Count =  5.13M / 41.00M  
  Iter 1 / 1 Rows = (0, 2), Count =  5.30M / 41.00M  
  Iter 1 / 1 Rows = (0, 2), Count =  5.47M / 41.00M  
  Iter 1 / 1 Rows = (0, 2), Count =  5.63M / 41.00M  
  Iter 1 / 1 Rows = (0, 2), Count =  5.79M / 41.00M  
  Iter 1 / 1 Rows = (0, 2), Count =  5.94M / 41.00M  
  Iter 1 / 1 Rows = (0, 2), Count =  6.09M / 41.00M  
  Iter 1 / 1 Rows = (0, 2), Count =  6.25M / 41.00M  
  Iter 1 / 1 Rows = (0, 2), Count =  6.42M / 41.00M  
  Iter 1 / 1 Rows = (0, 2), Count =  6.58M / 41.00M  
  Iter 1 / 1 Rows = (0, 2), Count =  6.75M / 41.00M  
  Iter 1 / 1 Rows = (0, 2), Count =  6.91M / 41.00M  
  Iter 1 / 1 Rows = (0, 2), Count =  7.07M / 41.00M  
  Iter 1 / 1 Rows = (0, 2), Count =  7.23M / 41.00M  
  Iter 1 / 1 Rows = (0, 2), Count =  7.39M / 41.00M  
  Iter 1 / 1 Rows = (0, 2), Count =  7.55M / 41.00M  
  Iter 1 / 1 Rows = (0, 2), Count =  7.72M / 41.00M  
  Iter 1 / 1 Rows = (0, 2), Count =  7.89M / 41.00M  
  Iter 1 / 1 Rows = (0, 2), Count =  8.05M / 41.00M  
  Iter 1 / 1 Rows = (0, 2), Count =  8.22M / 41.00M  
  Iter 1 / 1 Rows = (0, 2), Count =  8.37M / 41.00M  
  Iter 1 / 1 Rows = (0, 2), Count =  8.53M / 41.00M  
  Iter 1 / 1 Rows = (0, 2), Count =  8.69M / 41.00M  
  Iter 1 / 1 Rows = (0, 2), Count =  8.85M / 41.00M  
  Iter 1 / 1 Rows = (0, 2), Count =  9.02M / 41.00M  
  Iter 1 / 1 Rows = (0, 2), Count =  9.17M / 41.00M  
  Iter 1 / 1 Rows = (0, 2), Count =  9.34M / 41.00M  
  Iter 1 / 1 Rows = (0, 2), Count =  9.51M / 41.00M  
  Iter 1 / 1 Rows = (0, 2), Count =  9.67M / 41.00M  
  Iter 1 / 1 Rows = (0, 2), Count =  9.83M / 41.00M  
  Iter 1 / 1 Rows = (0, 2), Count =  9.98M / 41.00M  
  Iter 1 / 1 Rows = (0, 2), Count = 10.14M / 41.00M  
  Iter 1 / 1 Rows = (0, 2), Count = 10.32M / 41.00M  
  Iter 1 / 1 Rows = (0, 2), Count = 10.50M / 41.00M  
  Iter 1 / 1 Rows = (0, 2), Count = 10.66M / 41.00M  
  Iter 1 / 1 Rows = (0, 2), Count = 10.82M / 41.00M  
  Iter 1 / 1 Rows = (0, 2), Count = 10.98M / 41.00M  
  Iter 1 / 1 Rows = (0, 2), Count = 11.14M / 41.00M  
  Iter 1 / 1 Rows = (0, 2), Count = 11.31M / 41.00M  
  Iter 1 / 1 Rows = (0, 2), Count = 11.46M / 41.00M  
  Iter 1 / 1 Rows = (0, 2), Count = 11.62M / 41.00M  
  Iter 1 / 1 Rows = (0, 2), Count = 11.77M / 41.00M  
  Iter 1 / 1 Rows = (0, 2), Count = 11.93M / 41.00M  
  Iter 1 / 1 Rows = (0, 2), Count = 12.09M / 41.00M  
  Iter 1 / 1 Rows = (0, 2), Count = 12.26M / 41.00M  
  Iter 1 / 1 Rows = (0, 2), Count = 12.43M / 41.00M  
  Iter 1 / 1 Rows = (0, 2), Count = 12.59M / 41.00M  
  Iter 1 / 1 Rows = (0, 2), Count = 12.75M / 41.00M  
  Iter 1 / 1 Rows = (0, 2), Count = 12.92M / 41.00M  
  Iter 1 / 1 Rows = (0, 2), Count = 13.08M / 41.00M  
  Iter 1 / 1 Rows = (0, 2), Count = 13.24M / 41.00M  
  Iter 1 / 1 Rows = (0, 2), Count = 13.39M / 41.00M  
  Iter 1 / 1 Rows = (0, 2), Count = 13.55M / 41.00M  
  Iter 1 / 1 Rows = (0, 2), Count = 13.70M / 41.00M  
  Iter 1 / 1 Rows = (0, 2), Count = 13.86M / 41.00M  
  Iter 1 / 1 Rows = (0, 2), Count = 14.01M / 41.00M  
  Iter 1 / 1 Rows = (0, 2), Count = 14.18M / 41.00M  
  Iter 1 / 1 Rows = (0, 2), Count = 14.34M / 41.00M  
  Iter 1 / 1 Rows = (0, 2), Count = 14.50M / 41.00M  
  Iter 1 / 1 Rows = (0, 2), Count = 14.66M / 41.00M  
  Iter 1 / 1 Rows = (0, 2), Count = 14.82M / 41.00M  
  Iter 1 / 1 Rows = (0, 2), Count = 14.98M / 41.00M  
  Iter 1 / 1 Rows = (0, 2), Count = 15.14M / 41.00M  
  Iter 1 / 1 Rows = (0, 2), Count = 15.30M / 41.00M  
  Iter 1 / 1 Rows = (0, 2), Count = 15.45M / 41.00M  
  Iter 1 / 1 Rows = (0, 2), Count = 15.61M / 41.00M  
  Iter 1 / 1 Rows = (0, 2), Count = 15.76M / 41.00M  
  Iter 1 / 1 Rows = (0, 2), Count = 15.91M / 41.00M  
  Iter 1 / 1 Rows = (0, 2), Count = 16.07M / 41.00M  
  Iter 1 / 1 Rows = (0, 2), Count = 16.24M / 41.00M  
  Iter 1 / 1 Rows = (0, 2), Count = 16.42M / 41.00M  
  Iter 1 / 1 Rows = (0, 2), Count = 16.58M / 41.00M  
  Iter 1 / 1 Rows = (0, 2), Count = 16.74M / 41.00M  
  Iter 1 / 1 Rows = (0, 2), Count = 16.89M / 41.00M  
  Iter 1 / 1 Rows = (0, 2), Count = 17.05M / 41.00M  
  Iter 1 / 1 Rows = (0, 2), Count = 17.22M / 41.00M  
  Iter 1 / 1 Rows = (0, 2), Count = 17.37M / 41.00M  
  Iter 1 / 1 Rows = (0, 2), Count = 17.54M / 41.00M  
  Iter 1 / 1 Rows = (0, 2), Count = 17.71M / 41.00M  
  Iter 1 / 1 Rows = (0, 2), Count = 17.87M / 41.00M  
  Iter 1 / 1 Rows = (0, 2), Count = 18.03M / 41.00M  
  Iter 1 / 1 Rows = (0, 2), Count = 18.18M / 41.00M  
  Iter 1 / 1 Rows = (0, 2), Count = 18.35M / 41.00M  
  Iter 1 / 1 Rows = (0, 2), Count = 18.52M / 41.00M  
  Iter 1 / 1 Rows = (0, 2), Count = 18.68M / 41.00M  
  Iter 1 / 1 Rows = (0, 2), Count = 18.85M / 41.00M  
  Iter 1 / 1 Rows = (0, 2), Count = 19.00M / 41.00M  
  Iter 1 / 1 Rows = (0, 2), Count = 19.16M / 41.00M  
  Iter 1 / 1 Rows = (0, 2), Count = 19.33M / 41.00M  
  Iter 1 / 1 Rows = (0, 2), Count = 19.49M / 41.00M  
  Iter 1 / 1 Rows = (0, 2), Count = 19.65M / 41.00M  
  Iter 1 / 1 Rows = (0, 2), Count = 19.80M / 41.00M  
  Iter 1 / 1 Rows = (0, 2), Count = 19.96M / 41.00M  
  Iter 1 / 1 Rows = (0, 2), Count = 20.12M / 41.00M  
  Iter 1 / 1 Rows = (0, 2), Count = 20.28M / 41.00M  
  Iter 1 / 1 Rows = (0, 2), Count = 20.43M / 41.00M  
  Iter 1 / 1 Rows = (0, 2), Count = 20.59M / 41.00M  
  Iter 1 / 1 Rows = (0, 2), Count = 20.74M / 41.00M  
  Iter 1 / 1 Rows = (0, 2), Count = 20.89M / 41.00M  
  Iter 1 / 1 Rows = (0, 2), Count = 21.05M / 41.00M  
  Iter 1 / 1 Rows = (0, 2), Count = 21.21M / 41.00M  
  Iter 1 / 1 Rows = (0, 2), Count = 21.37M / 41.00M  
  Iter 1 / 1 Rows = (0, 2), Count = 21.53M / 41.00M  
  Iter 1 / 1 Rows = (0, 2), Count = 21.68M / 41.00M  
  Iter 1 / 1 Rows = (0, 2), Count = 21.84M / 41.00M  
  Iter 1 / 1 Rows = (0, 2), Count = 21.99M / 41.00M  
  Iter 1 / 1 Rows = (0, 2), Count = 22.16M / 41.00M  
  Iter 1 / 1 Rows = (0, 2), Count = 22.31M / 41.00M  
  Iter 1 / 1 Rows = (0, 2), Count = 22.46M / 41.00M  
  Iter 1 / 1 Rows = (0, 2), Count = 22.62M / 41.00M  
  Iter 1 / 1 Rows = (0, 2), Count = 22.78M / 41.00M  
  Iter 1 / 1 Rows = (0, 2), Count = 22.93M / 41.00M  
  Iter 1 / 1 Rows = (0, 2), Count = 23.10M / 41.00M  
  Iter 1 / 1 Rows = (0, 2), Count = 23.27M / 41.00M  
  Iter 1 / 1 Rows = (0, 2), Count = 23.43M / 41.00M  
  Iter 1 / 1 Rows = (0, 2), Count = 23.59M / 41.00M  
  Iter 1 / 1 Rows = (0, 2), Count = 23.74M / 41.00M  
  Iter 1 / 1 Rows = (0, 2), Count = 23.91M / 41.00M  
  Iter 1 / 1 Rows = (0, 2), Count = 24.08M / 41.00M  
  Iter 1 / 1 Rows = (0, 2), Count = 24.24M / 41.00M  
  Iter 1 / 1 Rows = (0, 2), Count = 24.41M / 41.00M  
  Iter 1 / 1 Rows = (0, 2), Count = 24.57M / 41.00M  
  Iter 1 / 1 Rows = (0, 2), Count = 24.73M / 41.00M  
  Iter 1 / 1 Rows = (0, 2), Count = 24.88M / 41.00M  
  Iter 1 / 1 Rows = (0, 2), Count = 25.04M / 41.00M  
  Iter 1 / 1 Rows = (0, 2), Count = 25.21M / 41.00M  
  Iter 1 / 1 Rows = (0, 2), Count = 25.36M / 41.00M  
  Iter 1 / 1 Rows = (0, 2), Count = 25.52M / 41.00M  
  Iter 1 / 1 Rows = (0, 2), Count = 25.67M / 41.00M  
  Iter 1 / 1 Rows = (0, 2), Count = 25.83M / 41.00M  
  Iter 1 / 1 Rows = (0, 2), Count = 25.99M / 41.00M  
  Iter 1 / 1 Rows = (0, 2), Count = 26.15M / 41.00M  
  Iter 1 / 1 Rows = (0, 2), Count = 26.31M / 41.00M  
  Iter 1 / 1 Rows = (0, 2), Count = 26.47M / 41.00M  
  Iter 1 / 1 Rows = (0, 2), Count = 26.62M / 41.00M  
  Iter 1 / 1 Rows = (0, 2), Count = 26.78M / 41.00M  
  Iter 1 / 1 Rows = (0, 2), Count = 26.93M / 41.00M  
  Iter 1 / 1 Rows = (0, 2), Count = 27.09M / 41.00M  
  Iter 1 / 1 Rows = (0, 2), Count = 27.24M / 41.00M  
  Iter 1 / 1 Rows = (0, 2), Count = 27.40M / 41.00M  
  Iter 1 / 1 Rows = (0, 2), Count = 27.56M / 41.00M  
  Iter 1 / 1 Rows = (0, 2), Count = 27.72M / 41.00M  
  Iter 1 / 1 Rows = (0, 2), Count = 27.87M / 41.00M  
  Iter 1 / 1 Rows = (0, 2), Count = 28.03M / 41.00M  
  Iter 1 / 1 Rows = (0, 2), Count = 28.20M / 41.00M  
  Iter 1 / 1 Rows = (0, 2), Count = 28.36M / 41.00M  
  Iter 1 / 1 Rows = (0, 2), Count = 28.52M / 41.00M  
  Iter 1 / 1 Rows = (0, 2), Count = 28.67M / 41.00M  
  Iter 1 / 1 Rows = (0, 2), Count = 28.84M / 41.00M  
  Iter 1 / 1 Rows = (0, 2), Count = 28.99M / 41.00M  
  Iter 1 / 1 Rows = (0, 2), Count = 29.15M / 41.00M  
  Iter 1 / 1 Rows = (0, 2), Count = 29.30M / 41.00M  
  Iter 1 / 1 Rows = (0, 2), Count = 29.46M / 41.00M  
  Iter 1 / 1 Rows = (0, 2), Count = 29.61M / 41.00M  
  Iter 1 / 1 Rows = (0, 2), Count = 29.76M / 41.00M  
  Iter 1 / 1 Rows = (0, 2), Count = 29.92M / 41.00M  
  Iter 1 / 1 Rows = (0, 2), Count = 30.07M / 41.00M  
  Iter 1 / 1 Rows = (0, 2), Count = 30.23M / 41.00M  
  Iter 1 / 1 Rows = (0, 2), Count = 30.38M / 41.00M  
  Iter 1 / 1 Rows = (0, 2), Count = 30.54M / 41.00M  
  Iter 1 / 1 Rows = (0, 2), Count = 30.69M / 41.00M  
  Iter 1 / 1 Rows = (0, 2), Count = 30.85M / 41.00M  
  Iter 1 / 1 Rows = (0, 2), Count = 31.01M / 41.00M  
  Iter 1 / 1 Rows = (0, 2), Count = 31.17M / 41.00M  
  Iter 1 / 1 Rows = (0, 2), Count = 31.32M / 41.00M  
  Iter 1 / 1 Rows = (0, 2), Count = 31.49M / 41.00M  
  Iter 1 / 1 Rows = (0, 2), Count = 31.65M / 41.00M  
  Iter 1 / 1 Rows = (0, 2), Count = 31.81M / 41.00M  
  Iter 1 / 1 Rows = (0, 2), Count = 31.96M / 41.00M  
  Iter 1 / 1 Rows = (0, 2), Count = 32.12M / 41.00M  
  Iter 1 / 1 Rows = (0, 2), Count = 32.27M / 41.00M  
  Iter 1 / 1 Rows = (0, 2), Count = 32.43M / 41.00M  
  Iter 1 / 1 Rows = (0, 2), Count = 32.58M / 41.00M  
  Iter 1 / 1 Rows = (0, 2), Count = 32.74M / 41.00M  
  Iter 1 / 1 Rows = (0, 2), Count = 32.89M / 41.00M  
  Iter 1 / 1 Rows = (0, 2), Count = 33.05M / 41.00M  
  Iter 1 / 1 Rows = (0, 2), Count = 33.20M / 41.00M  
  Iter 1 / 1 Rows = (0, 2), Count = 33.36M / 41.00M  
  Iter 1 / 1 Rows = (0, 2), Count = 33.51M / 41.00M  
  Iter 1 / 1 Rows = (0, 2), Count = 33.66M / 41.00M  
  Iter 1 / 1 Rows = (0, 2), Count = 33.83M / 41.00M  
  Iter 1 / 1 Rows = (0, 2), Count = 34.00M / 41.00M  
  Iter 1 / 1 Rows = (0, 2), Count = 34.15M / 41.00M  
  Iter 1 / 1 Rows = (0, 2), Count = 34.31M / 41.00M  
  Iter 1 / 1 Rows = (0, 2), Count = 34.46M / 41.00M  
  Iter 1 / 1 Rows = (0, 2), Count = 34.61M / 41.00M  
  Iter 1 / 1 Rows = (0, 2), Count = 34.77M / 41.00M  
  Iter 1 / 1 Rows = (0, 2), Count = 34.93M / 41.00M  
  Iter 1 / 1 Rows = (0, 2), Count = 35.10M / 41.00M  
  Iter 1 / 1 Rows = (0, 2), Count = 35.26M / 41.00M  
  Iter 1 / 1 Rows = (0, 2), Count = 35.43M / 41.00M  
  Iter 1 / 1 Rows = (0, 2), Count = 35.58M / 41.00M  
  Iter 1 / 1 Rows = (0, 2), Count = 35.77M / 41.00M  
  Iter 1 / 1 Rows = (0, 2), Count = 35.93M / 41.00M  
  Iter 1 / 1 Rows = (0, 2), Count = 36.10M / 41.00M  
  Iter 1 / 1 Rows = (0, 2), Count = 36.25M / 41.00M  
  Iter 1 / 1 Rows = (0, 2), Count = 36.41M / 41.00M  
  Iter 1 / 1 Rows = (0, 2), Count = 36.57M / 41.00M  
  Iter 1 / 1 Rows = (0, 2), Count = 36.73M / 41.00M  
  Iter 1 / 1 Rows = (0, 2), Count = 36.88M / 41.00M  
  Iter 1 / 1 Rows = (0, 2), Count = 37.04M / 41.00M  
  Iter 1 / 1 Rows = (0, 2), Count = 37.20M / 41.00M  
  Iter 1 / 1 Rows = (0, 2), Count = 37.36M / 41.00M  
  Iter 1 / 1 Rows = (0, 2), Count = 37.52M / 41.00M  
  Iter 1 / 1 Rows = (0, 2), Count = 37.68M / 41.00M  
  Iter 1 / 1 Rows = (0, 2), Count = 37.85M / 41.00M  
  Iter 1 / 1 Rows = (0, 2), Count = 38.01M / 41.00M  
  Iter 1 / 1 Rows = (0, 2), Count = 38.17M / 41.00M  
  Iter 1 / 1 Rows = (0, 2), Count = 38.32M / 41.00M  
  Iter 1 / 1 Rows = (0, 2), Count = 38.48M / 41.00M  
  Iter 1 / 1 Rows = (0, 2), Count = 38.63M / 41.00M  
  Iter 1 / 1 Rows = (0, 2), Count = 38.79M / 41.00M  
  Iter 1 / 1 Rows = (0, 2), Count = 38.94M / 41.00M  
  Iter 1 / 1 Rows = (0, 2), Count = 39.10M / 41.00M  
  Iter 1 / 1 Rows = (0, 2), Count = 39.25M / 41.00M  
  Iter 1 / 1 Rows = (0, 2), Count = 39.40M / 41.00M  
  Iter 1 / 1 Rows = (0, 2), Count = 39.56M / 41.00M  
  Iter 1 / 1 Rows = (0, 2), Count = 39.72M / 41.00M  
  Iter 1 / 1 Rows = (0, 2), Count = 39.87M / 41.00M  
  Iter 1 / 1 Rows = (0, 2), Count = 40.02M / 41.00M  
  Iter 1 / 1 Rows = (0, 2), Count = 40.19M / 41.00M  
  Iter 1 / 1 Rows = (0, 2), Count = 40.35M / 41.00M  
  Iter 1 / 1 Rows = (0, 2), Count = 40.50M / 41.00M  
  Iter 1 / 1 Rows = (0, 2), Count = 40.65M / 41.00M  
  Iter 1 / 1 Rows = (0, 2), Count = 40.81M / 41.00M  
  Iter 1 / 1 Rows = (0, 2), Count = 40.96M / 41.00M  
  Iter 1 / 1 Rows = (0, 2), Count = 41.00M / 41.00M  

Verifying attacked memory ...
OK

Preparing ...
WARNING: only single word patterns supported, using: 0xaaaaaaaa

Filling memory with data ...

Verifying written memory ...
OK

Running Rowhammer attacks ...
read_count: 51000000
  Iter 1 / 1 Rows = (0, 2), Count =  0.00M / 51.00M  
  Iter 1 / 1 Rows = (0, 2), Count =  0.16M / 51.00M  
  Iter 1 / 1 Rows = (0, 2), Count =  0.33M / 51.00M  
  Iter 1 / 1 Rows = (0, 2), Count =  0.48M / 51.00M  
  Iter 1 / 1 Rows = (0, 2), Count =  0.65M / 51.00M  
  Iter 1 / 1 Rows = (0, 2), Count =  0.81M / 51.00M  
  Iter 1 / 1 Rows = (0, 2), Count =  0.96M / 51.00M  
  Iter 1 / 1 Rows = (0, 2), Count =  1.11M / 51.00M  
  Iter 1 / 1 Rows = (0, 2), Count =  1.27M / 51.00M  
  Iter 1 / 1 Rows = (0, 2), Count =  1.42M / 51.00M  
  Iter 1 / 1 Rows = (0, 2), Count =  1.58M / 51.00M  
  Iter 1 / 1 Rows = (0, 2), Count =  1.74M / 51.00M  
  Iter 1 / 1 Rows = (0, 2), Count =  1.90M / 51.00M  
  Iter 1 / 1 Rows = (0, 2), Count =  2.05M / 51.00M  
  Iter 1 / 1 Rows = (0, 2), Count =  2.21M / 51.00M  
  Iter 1 / 1 Rows = (0, 2), Count =  2.36M / 51.00M  
  Iter 1 / 1 Rows = (0, 2), Count =  2.52M / 51.00M  
  Iter 1 / 1 Rows = (0, 2), Count =  2.69M / 51.00M  
  Iter 1 / 1 Rows = (0, 2), Count =  2.85M / 51.00M  
  Iter 1 / 1 Rows = (0, 2), Count =  3.01M / 51.00M  
  Iter 1 / 1 Rows = (0, 2), Count =  3.17M / 51.00M  
  Iter 1 / 1 Rows = (0, 2), Count =  3.33M / 51.00M  
  Iter 1 / 1 Rows = (0, 2), Count =  3.48M / 51.00M  
  Iter 1 / 1 Rows = (0, 2), Count =  3.64M / 51.00M  
  Iter 1 / 1 Rows = (0, 2), Count =  3.79M / 51.00M  
  Iter 1 / 1 Rows = (0, 2), Count =  3.94M / 51.00M  
  Iter 1 / 1 Rows = (0, 2), Count =  4.10M / 51.00M  
  Iter 1 / 1 Rows = (0, 2), Count =  4.25M / 51.00M  
  Iter 1 / 1 Rows = (0, 2), Count =  4.41M / 51.00M  
  Iter 1 / 1 Rows = (0, 2), Count =  4.56M / 51.00M  
  Iter 1 / 1 Rows = (0, 2), Count =  4.72M / 51.00M  
  Iter 1 / 1 Rows = (0, 2), Count =  4.87M / 51.00M  
  Iter 1 / 1 Rows = (0, 2), Count =  5.04M / 51.00M  
  Iter 1 / 1 Rows = (0, 2), Count =  5.19M / 51.00M  
  Iter 1 / 1 Rows = (0, 2), Count =  5.35M / 51.00M  
  Iter 1 / 1 Rows = (0, 2), Count =  5.52M / 51.00M  
  Iter 1 / 1 Rows = (0, 2), Count =  5.68M / 51.00M  
  Iter 1 / 1 Rows = (0, 2), Count =  5.85M / 51.00M  
  Iter 1 / 1 Rows = (0, 2), Count =  6.00M / 51.00M  
  Iter 1 / 1 Rows = (0, 2), Count =  6.16M / 51.00M  
  Iter 1 / 1 Rows = (0, 2), Count =  6.31M / 51.00M  
  Iter 1 / 1 Rows = (0, 2), Count =  6.47M / 51.00M  
  Iter 1 / 1 Rows = (0, 2), Count =  6.62M / 51.00M  
  Iter 1 / 1 Rows = (0, 2), Count =  6.79M / 51.00M  
  Iter 1 / 1 Rows = (0, 2), Count =  6.94M / 51.00M  
  Iter 1 / 1 Rows = (0, 2), Count =  7.10M / 51.00M  
  Iter 1 / 1 Rows = (0, 2), Count =  7.25M / 51.00M  
  Iter 1 / 1 Rows = (0, 2), Count =  7.41M / 51.00M  
  Iter 1 / 1 Rows = (0, 2), Count =  7.56M / 51.00M  
  Iter 1 / 1 Rows = (0, 2), Count =  7.72M / 51.00M  
  Iter 1 / 1 Rows = (0, 2), Count =  7.87M / 51.00M  
  Iter 1 / 1 Rows = (0, 2), Count =  8.02M / 51.00M  
  Iter 1 / 1 Rows = (0, 2), Count =  8.18M / 51.00M  
  Iter 1 / 1 Rows = (0, 2), Count =  8.33M / 51.00M  
  Iter 1 / 1 Rows = (0, 2), Count =  8.49M / 51.00M  
  Iter 1 / 1 Rows = (0, 2), Count =  8.64M / 51.00M  
  Iter 1 / 1 Rows = (0, 2), Count =  8.80M / 51.00M  
  Iter 1 / 1 Rows = (0, 2), Count =  8.95M / 51.00M  
  Iter 1 / 1 Rows = (0, 2), Count =  9.10M / 51.00M  
  Iter 1 / 1 Rows = (0, 2), Count =  9.26M / 51.00M  
  Iter 1 / 1 Rows = (0, 2), Count =  9.41M / 51.00M  
  Iter 1 / 1 Rows = (0, 2), Count =  9.57M / 51.00M  
  Iter 1 / 1 Rows = (0, 2), Count =  9.72M / 51.00M  
  Iter 1 / 1 Rows = (0, 2), Count =  9.88M / 51.00M  
  Iter 1 / 1 Rows = (0, 2), Count = 10.04M / 51.00M  
  Iter 1 / 1 Rows = (0, 2), Count = 10.20M / 51.00M  
  Iter 1 / 1 Rows = (0, 2), Count = 10.36M / 51.00M  
  Iter 1 / 1 Rows = (0, 2), Count = 10.53M / 51.00M  
  Iter 1 / 1 Rows = (0, 2), Count = 10.69M / 51.00M  
  Iter 1 / 1 Rows = (0, 2), Count = 10.84M / 51.00M  
  Iter 1 / 1 Rows = (0, 2), Count = 11.00M / 51.00M  
  Iter 1 / 1 Rows = (0, 2), Count = 11.15M / 51.00M  
  Iter 1 / 1 Rows = (0, 2), Count = 11.31M / 51.00M  
  Iter 1 / 1 Rows = (0, 2), Count = 11.46M / 51.00M  
  Iter 1 / 1 Rows = (0, 2), Count = 11.62M / 51.00M  
  Iter 1 / 1 Rows = (0, 2), Count = 11.77M / 51.00M  
  Iter 1 / 1 Rows = (0, 2), Count = 11.93M / 51.00M  
  Iter 1 / 1 Rows = (0, 2), Count = 12.08M / 51.00M  
  Iter 1 / 1 Rows = (0, 2), Count = 12.24M / 51.00M  
  Iter 1 / 1 Rows = (0, 2), Count = 12.39M / 51.00M  
  Iter 1 / 1 Rows = (0, 2), Count = 12.55M / 51.00M  
  Iter 1 / 1 Rows = (0, 2), Count = 12.71M / 51.00M  
  Iter 1 / 1 Rows = (0, 2), Count = 12.87M / 51.00M  
  Iter 1 / 1 Rows = (0, 2), Count = 13.02M / 51.00M  
  Iter 1 / 1 Rows = (0, 2), Count = 13.18M / 51.00M  
  Iter 1 / 1 Rows = (0, 2), Count = 13.33M / 51.00M  
  Iter 1 / 1 Rows = (0, 2), Count = 13.49M / 51.00M  
  Iter 1 / 1 Rows = (0, 2), Count = 13.65M / 51.00M  
  Iter 1 / 1 Rows = (0, 2), Count = 13.82M / 51.00M  
  Iter 1 / 1 Rows = (0, 2), Count = 13.99M / 51.00M  
  Iter 1 / 1 Rows = (0, 2), Count = 14.14M / 51.00M  
  Iter 1 / 1 Rows = (0, 2), Count = 14.29M / 51.00M  
  Iter 1 / 1 Rows = (0, 2), Count = 14.45M / 51.00M  
  Iter 1 / 1 Rows = (0, 2), Count = 14.60M / 51.00M  
  Iter 1 / 1 Rows = (0, 2), Count = 14.76M / 51.00M  
  Iter 1 / 1 Rows = (0, 2), Count = 14.93M / 51.00M  
  Iter 1 / 1 Rows = (0, 2), Count = 15.08M / 51.00M  
  Iter 1 / 1 Rows = (0, 2), Count = 15.23M / 51.00M  
  Iter 1 / 1 Rows = (0, 2), Count = 15.39M / 51.00M  
  Iter 1 / 1 Rows = (0, 2), Count = 15.56M / 51.00M  
  Iter 1 / 1 Rows = (0, 2), Count = 15.71M / 51.00M  
  Iter 1 / 1 Rows = (0, 2), Count = 15.86M / 51.00M  
  Iter 1 / 1 Rows = (0, 2), Count = 16.02M / 51.00M  
  Iter 1 / 1 Rows = (0, 2), Count = 16.18M / 51.00M  
  Iter 1 / 1 Rows = (0, 2), Count = 16.34M / 51.00M  
  Iter 1 / 1 Rows = (0, 2), Count = 16.50M / 51.00M  
  Iter 1 / 1 Rows = (0, 2), Count = 16.66M / 51.00M  
  Iter 1 / 1 Rows = (0, 2), Count = 16.82M / 51.00M  
  Iter 1 / 1 Rows = (0, 2), Count = 16.97M / 51.00M  
  Iter 1 / 1 Rows = (0, 2), Count = 17.13M / 51.00M  
  Iter 1 / 1 Rows = (0, 2), Count = 17.28M / 51.00M  
  Iter 1 / 1 Rows = (0, 2), Count = 17.43M / 51.00M  
  Iter 1 / 1 Rows = (0, 2), Count = 17.59M / 51.00M  
  Iter 1 / 1 Rows = (0, 2), Count = 17.74M / 51.00M  
  Iter 1 / 1 Rows = (0, 2), Count = 17.90M / 51.00M  
  Iter 1 / 1 Rows = (0, 2), Count = 18.05M / 51.00M  
  Iter 1 / 1 Rows = (0, 2), Count = 18.21M / 51.00M  
  Iter 1 / 1 Rows = (0, 2), Count = 18.36M / 51.00M  
  Iter 1 / 1 Rows = (0, 2), Count = 18.52M / 51.00M  
  Iter 1 / 1 Rows = (0, 2), Count = 18.67M / 51.00M  
  Iter 1 / 1 Rows = (0, 2), Count = 18.82M / 51.00M  
  Iter 1 / 1 Rows = (0, 2), Count = 18.98M / 51.00M  
  Iter 1 / 1 Rows = (0, 2), Count = 19.14M / 51.00M  
  Iter 1 / 1 Rows = (0, 2), Count = 19.30M / 51.00M  
  Iter 1 / 1 Rows = (0, 2), Count = 19.45M / 51.00M  
  Iter 1 / 1 Rows = (0, 2), Count = 19.61M / 51.00M  
  Iter 1 / 1 Rows = (0, 2), Count = 19.76M / 51.00M  
  Iter 1 / 1 Rows = (0, 2), Count = 19.92M / 51.00M  
  Iter 1 / 1 Rows = (0, 2), Count = 20.07M / 51.00M  
  Iter 1 / 1 Rows = (0, 2), Count = 20.23M / 51.00M  
  Iter 1 / 1 Rows = (0, 2), Count = 20.39M / 51.00M  
  Iter 1 / 1 Rows = (0, 2), Count = 20.55M / 51.00M  
  Iter 1 / 1 Rows = (0, 2), Count = 20.71M / 51.00M  
  Iter 1 / 1 Rows = (0, 2), Count = 20.86M / 51.00M  
  Iter 1 / 1 Rows = (0, 2), Count = 21.01M / 51.00M  
  Iter 1 / 1 Rows = (0, 2), Count = 21.17M / 51.00M  
  Iter 1 / 1 Rows = (0, 2), Count = 21.32M / 51.00M  
  Iter 1 / 1 Rows = (0, 2), Count = 21.48M / 51.00M  
  Iter 1 / 1 Rows = (0, 2), Count = 21.63M / 51.00M  
  Iter 1 / 1 Rows = (0, 2), Count = 21.78M / 51.00M  
  Iter 1 / 1 Rows = (0, 2), Count = 21.94M / 51.00M  
  Iter 1 / 1 Rows = (0, 2), Count = 22.09M / 51.00M  
  Iter 1 / 1 Rows = (0, 2), Count = 22.25M / 51.00M  
  Iter 1 / 1 Rows = (0, 2), Count = 22.40M / 51.00M  
  Iter 1 / 1 Rows = (0, 2), Count = 22.56M / 51.00M  
  Iter 1 / 1 Rows = (0, 2), Count = 22.71M / 51.00M  
  Iter 1 / 1 Rows = (0, 2), Count = 22.87M / 51.00M  
  Iter 1 / 1 Rows = (0, 2), Count = 23.02M / 51.00M  
  Iter 1 / 1 Rows = (0, 2), Count = 23.19M / 51.00M  
  Iter 1 / 1 Rows = (0, 2), Count = 23.36M / 51.00M  
  Iter 1 / 1 Rows = (0, 2), Count = 23.51M / 51.00M  
  Iter 1 / 1 Rows = (0, 2), Count = 23.66M / 51.00M  
  Iter 1 / 1 Rows = (0, 2), Count = 23.82M / 51.00M  
  Iter 1 / 1 Rows = (0, 2), Count = 23.97M / 51.00M  
  Iter 1 / 1 Rows = (0, 2), Count = 24.13M / 51.00M  
  Iter 1 / 1 Rows = (0, 2), Count = 24.28M / 51.00M  
  Iter 1 / 1 Rows = (0, 2), Count = 24.44M / 51.00M  
  Iter 1 / 1 Rows = (0, 2), Count = 24.59M / 51.00M  
  Iter 1 / 1 Rows = (0, 2), Count = 24.75M / 51.00M  
  Iter 1 / 1 Rows = (0, 2), Count = 24.90M / 51.00M  
  Iter 1 / 1 Rows = (0, 2), Count = 25.05M / 51.00M  
  Iter 1 / 1 Rows = (0, 2), Count = 25.21M / 51.00M  
  Iter 1 / 1 Rows = (0, 2), Count = 25.36M / 51.00M  
  Iter 1 / 1 Rows = (0, 2), Count = 25.52M / 51.00M  
  Iter 1 / 1 Rows = (0, 2), Count = 25.67M / 51.00M  
  Iter 1 / 1 Rows = (0, 2), Count = 25.83M / 51.00M  
  Iter 1 / 1 Rows = (0, 2), Count = 25.98M / 51.00M  
  Iter 1 / 1 Rows = (0, 2), Count = 26.13M / 51.00M  
  Iter 1 / 1 Rows = (0, 2), Count = 26.29M / 51.00M  
  Iter 1 / 1 Rows = (0, 2), Count = 26.44M / 51.00M  
  Iter 1 / 1 Rows = (0, 2), Count = 26.60M / 51.00M  
  Iter 1 / 1 Rows = (0, 2), Count = 26.75M / 51.00M  
  Iter 1 / 1 Rows = (0, 2), Count = 26.91M / 51.00M  
  Iter 1 / 1 Rows = (0, 2), Count = 27.06M / 51.00M  
  Iter 1 / 1 Rows = (0, 2), Count = 27.21M / 51.00M  
  Iter 1 / 1 Rows = (0, 2), Count = 27.37M / 51.00M  
  Iter 1 / 1 Rows = (0, 2), Count = 27.53M / 51.00M  
  Iter 1 / 1 Rows = (0, 2), Count = 27.68M / 51.00M  
  Iter 1 / 1 Rows = (0, 2), Count = 27.83M / 51.00M  
  Iter 1 / 1 Rows = (0, 2), Count = 27.99M / 51.00M  
  Iter 1 / 1 Rows = (0, 2), Count = 28.14M / 51.00M  
  Iter 1 / 1 Rows = (0, 2), Count = 28.30M / 51.00M  
  Iter 1 / 1 Rows = (0, 2), Count = 28.45M / 51.00M  
  Iter 1 / 1 Rows = (0, 2), Count = 28.61M / 51.00M  
  Iter 1 / 1 Rows = (0, 2), Count = 28.76M / 51.00M  
  Iter 1 / 1 Rows = (0, 2), Count = 28.92M / 51.00M  
  Iter 1 / 1 Rows = (0, 2), Count = 29.09M / 51.00M  
  Iter 1 / 1 Rows = (0, 2), Count = 29.24M / 51.00M  
  Iter 1 / 1 Rows = (0, 2), Count = 29.41M / 51.00M  
  Iter 1 / 1 Rows = (0, 2), Count = 29.56M / 51.00M  
  Iter 1 / 1 Rows = (0, 2), Count = 29.71M / 51.00M  
  Iter 1 / 1 Rows = (0, 2), Count = 29.87M / 51.00M  
  Iter 1 / 1 Rows = (0, 2), Count = 30.02M / 51.00M  
  Iter 1 / 1 Rows = (0, 2), Count = 30.18M / 51.00M  
  Iter 1 / 1 Rows = (0, 2), Count = 30.34M / 51.00M  
  Iter 1 / 1 Rows = (0, 2), Count = 30.50M / 51.00M  
  Iter 1 / 1 Rows = (0, 2), Count = 30.65M / 51.00M  
  Iter 1 / 1 Rows = (0, 2), Count = 30.82M / 51.00M  
  Iter 1 / 1 Rows = (0, 2), Count = 30.98M / 51.00M  
  Iter 1 / 1 Rows = (0, 2), Count = 31.13M / 51.00M  
  Iter 1 / 1 Rows = (0, 2), Count = 31.28M / 51.00M  
  Iter 1 / 1 Rows = (0, 2), Count = 31.44M / 51.00M  
  Iter 1 / 1 Rows = (0, 2), Count = 31.59M / 51.00M  
  Iter 1 / 1 Rows = (0, 2), Count = 31.75M / 51.00M  
  Iter 1 / 1 Rows = (0, 2), Count = 31.90M / 51.00M  
  Iter 1 / 1 Rows = (0, 2), Count = 32.06M / 51.00M  
  Iter 1 / 1 Rows = (0, 2), Count = 32.21M / 51.00M  
  Iter 1 / 1 Rows = (0, 2), Count = 32.37M / 51.00M  
  Iter 1 / 1 Rows = (0, 2), Count = 32.52M / 51.00M  
  Iter 1 / 1 Rows = (0, 2), Count = 32.68M / 51.00M  
  Iter 1 / 1 Rows = (0, 2), Count = 32.84M / 51.00M  
  Iter 1 / 1 Rows = (0, 2), Count = 33.00M / 51.00M  
  Iter 1 / 1 Rows = (0, 2), Count = 33.15M / 51.00M  
  Iter 1 / 1 Rows = (0, 2), Count = 33.31M / 51.00M  
  Iter 1 / 1 Rows = (0, 2), Count = 33.46M / 51.00M  
  Iter 1 / 1 Rows = (0, 2), Count = 33.61M / 51.00M  
  Iter 1 / 1 Rows = (0, 2), Count = 33.77M / 51.00M  
  Iter 1 / 1 Rows = (0, 2), Count = 33.92M / 51.00M  
  Iter 1 / 1 Rows = (0, 2), Count = 34.08M / 51.00M  
  Iter 1 / 1 Rows = (0, 2), Count = 34.23M / 51.00M  
  Iter 1 / 1 Rows = (0, 2), Count = 34.39M / 51.00M  
  Iter 1 / 1 Rows = (0, 2), Count = 34.54M / 51.00M  
  Iter 1 / 1 Rows = (0, 2), Count = 34.70M / 51.00M  
  Iter 1 / 1 Rows = (0, 2), Count = 34.85M / 51.00M  
  Iter 1 / 1 Rows = (0, 2), Count = 35.00M / 51.00M  
  Iter 1 / 1 Rows = (0, 2), Count = 35.16M / 51.00M  
  Iter 1 / 1 Rows = (0, 2), Count = 35.31M / 51.00M  
  Iter 1 / 1 Rows = (0, 2), Count = 35.47M / 51.00M  
  Iter 1 / 1 Rows = (0, 2), Count = 35.62M / 51.00M  
  Iter 1 / 1 Rows = (0, 2), Count = 35.78M / 51.00M  
  Iter 1 / 1 Rows = (0, 2), Count = 35.93M / 51.00M  
  Iter 1 / 1 Rows = (0, 2), Count = 36.08M / 51.00M  
  Iter 1 / 1 Rows = (0, 2), Count = 36.24M / 51.00M  
  Iter 1 / 1 Rows = (0, 2), Count = 36.39M / 51.00M  
  Iter 1 / 1 Rows = (0, 2), Count = 36.55M / 51.00M  
  Iter 1 / 1 Rows = (0, 2), Count = 36.70M / 51.00M  
  Iter 1 / 1 Rows = (0, 2), Count = 36.86M / 51.00M  
  Iter 1 / 1 Rows = (0, 2), Count = 37.01M / 51.00M  
  Iter 1 / 1 Rows = (0, 2), Count = 37.16M / 51.00M  
  Iter 1 / 1 Rows = (0, 2), Count = 37.32M / 51.00M  
  Iter 1 / 1 Rows = (0, 2), Count = 37.47M / 51.00M  
  Iter 1 / 1 Rows = (0, 2), Count = 37.63M / 51.00M  
  Iter 1 / 1 Rows = (0, 2), Count = 37.78M / 51.00M  
  Iter 1 / 1 Rows = (0, 2), Count = 37.94M / 51.00M  
  Iter 1 / 1 Rows = (0, 2), Count = 38.09M / 51.00M  
  Iter 1 / 1 Rows = (0, 2), Count = 38.25M / 51.00M  
  Iter 1 / 1 Rows = (0, 2), Count = 38.40M / 51.00M  
  Iter 1 / 1 Rows = (0, 2), Count = 38.57M / 51.00M  
  Iter 1 / 1 Rows = (0, 2), Count = 38.73M / 51.00M  
  Iter 1 / 1 Rows = (0, 2), Count = 38.88M / 51.00M  
  Iter 1 / 1 Rows = (0, 2), Count = 39.03M / 51.00M  
  Iter 1 / 1 Rows = (0, 2), Count = 39.19M / 51.00M  
  Iter 1 / 1 Rows = (0, 2), Count = 39.35M / 51.00M  
  Iter 1 / 1 Rows = (0, 2), Count = 39.52M / 51.00M  
  Iter 1 / 1 Rows = (0, 2), Count = 39.68M / 51.00M  
  Iter 1 / 1 Rows = (0, 2), Count = 39.83M / 51.00M  
  Iter 1 / 1 Rows = (0, 2), Count = 39.99M / 51.00M  
  Iter 1 / 1 Rows = (0, 2), Count = 40.14M / 51.00M  
  Iter 1 / 1 Rows = (0, 2), Count = 40.30M / 51.00M  
  Iter 1 / 1 Rows = (0, 2), Count = 40.45M / 51.00M  
  Iter 1 / 1 Rows = (0, 2), Count = 40.60M / 51.00M  
  Iter 1 / 1 Rows = (0, 2), Count = 40.76M / 51.00M  
  Iter 1 / 1 Rows = (0, 2), Count = 40.92M / 51.00M  
  Iter 1 / 1 Rows = (0, 2), Count = 41.08M / 51.00M  
  Iter 1 / 1 Rows = (0, 2), Count = 41.24M / 51.00M  
  Iter 1 / 1 Rows = (0, 2), Count = 41.41M / 51.00M  
  Iter 1 / 1 Rows = (0, 2), Count = 41.58M / 51.00M  
  Iter 1 / 1 Rows = (0, 2), Count = 41.74M / 51.00M  
  Iter 1 / 1 Rows = (0, 2), Count = 41.89M / 51.00M  
  Iter 1 / 1 Rows = (0, 2), Count = 42.05M / 51.00M  
  Iter 1 / 1 Rows = (0, 2), Count = 42.22M / 51.00M  
  Iter 1 / 1 Rows = (0, 2), Count = 42.39M / 51.00M  
  Iter 1 / 1 Rows = (0, 2), Count = 42.55M / 51.00M  
  Iter 1 / 1 Rows = (0, 2), Count = 42.71M / 51.00M  
  Iter 1 / 1 Rows = (0, 2), Count = 42.87M / 51.00M  
  Iter 1 / 1 Rows = (0, 2), Count = 43.04M / 51.00M  
  Iter 1 / 1 Rows = (0, 2), Count = 43.21M / 51.00M  
  Iter 1 / 1 Rows = (0, 2), Count = 43.36M / 51.00M  
  Iter 1 / 1 Rows = (0, 2), Count = 43.51M / 51.00M  
  Iter 1 / 1 Rows = (0, 2), Count = 43.68M / 51.00M  
  Iter 1 / 1 Rows = (0, 2), Count = 43.83M / 51.00M  
  Iter 1 / 1 Rows = (0, 2), Count = 43.99M / 51.00M  
  Iter 1 / 1 Rows = (0, 2), Count = 44.14M / 51.00M  
  Iter 1 / 1 Rows = (0, 2), Count = 44.30M / 51.00M  
  Iter 1 / 1 Rows = (0, 2), Count = 44.45M / 51.00M  
  Iter 1 / 1 Rows = (0, 2), Count = 44.61M / 51.00M  
  Iter 1 / 1 Rows = (0, 2), Count = 44.76M / 51.00M  
  Iter 1 / 1 Rows = (0, 2), Count = 44.92M / 51.00M  
  Iter 1 / 1 Rows = (0, 2), Count = 45.07M / 51.00M  
  Iter 1 / 1 Rows = (0, 2), Count = 45.23M / 51.00M  
  Iter 1 / 1 Rows = (0, 2), Count = 45.38M / 51.00M  
  Iter 1 / 1 Rows = (0, 2), Count = 45.53M / 51.00M  
  Iter 1 / 1 Rows = (0, 2), Count = 45.69M / 51.00M  
  Iter 1 / 1 Rows = (0, 2), Count = 45.84M / 51.00M  
  Iter 1 / 1 Rows = (0, 2), Count = 46.00M / 51.00M  
  Iter 1 / 1 Rows = (0, 2), Count = 46.15M / 51.00M  
  Iter 1 / 1 Rows = (0, 2), Count = 46.31M / 51.00M  
  Iter 1 / 1 Rows = (0, 2), Count = 46.46M / 51.00M  
  Iter 1 / 1 Rows = (0, 2), Count = 46.62M / 51.00M  
  Iter 1 / 1 Rows = (0, 2), Count = 46.77M / 51.00M  
  Iter 1 / 1 Rows = (0, 2), Count = 46.94M / 51.00M  
  Iter 1 / 1 Rows = (0, 2), Count = 47.09M / 51.00M  
  Iter 1 / 1 Rows = (0, 2), Count = 47.24M / 51.00M  
  Iter 1 / 1 Rows = (0, 2), Count = 47.40M / 51.00M  
  Iter 1 / 1 Rows = (0, 2), Count = 47.56M / 51.00M  
  Iter 1 / 1 Rows = (0, 2), Count = 47.72M / 51.00M  
  Iter 1 / 1 Rows = (0, 2), Count = 47.88M / 51.00M  
  Iter 1 / 1 Rows = (0, 2), Count = 48.03M / 51.00M  
  Iter 1 / 1 Rows = (0, 2), Count = 48.18M / 51.00M  
  Iter 1 / 1 Rows = (0, 2), Count = 48.34M / 51.00M  
  Iter 1 / 1 Rows = (0, 2), Count = 48.51M / 51.00M  
  Iter 1 / 1 Rows = (0, 2), Count = 48.68M / 51.00M  
  Iter 1 / 1 Rows = (0, 2), Count = 48.84M / 51.00M  
  Iter 1 / 1 Rows = (0, 2), Count = 49.01M / 51.00M  
  Iter 1 / 1 Rows = (0, 2), Count = 49.17M / 51.00M  
  Iter 1 / 1 Rows = (0, 2), Count = 49.32M / 51.00M  
  Iter 1 / 1 Rows = (0, 2), Count = 49.49M / 51.00M  
  Iter 1 / 1 Rows = (0, 2), Count = 49.65M / 51.00M  
  Iter 1 / 1 Rows = (0, 2), Count = 49.81M / 51.00M  
  Iter 1 / 1 Rows = (0, 2), Count = 49.98M / 51.00M  
  Iter 1 / 1 Rows = (0, 2), Count = 50.13M / 51.00M  
  Iter 1 / 1 Rows = (0, 2), Count = 50.28M / 51.00M  
  Iter 1 / 1 Rows = (0, 2), Count = 50.44M / 51.00M  
  Iter 1 / 1 Rows = (0, 2), Count = 50.61M / 51.00M  
  Iter 1 / 1 Rows = (0, 2), Count = 50.77M / 51.00M  
  Iter 1 / 1 Rows = (0, 2), Count = 50.94M / 51.00M  
  Iter 1 / 1 Rows = (0, 2), Count = 51.00M / 51.00M  

Verifying attacked memory ...
OK

Preparing ...
WARNING: only single word patterns supported, using: 0xaaaaaaaa

Filling memory with data ...

Verifying written memory ...
OK

Running Rowhammer attacks ...
read_count: 61000000
  Iter 1 / 1 Rows = (0, 2), Count =  0.00M / 61.00M  
  Iter 1 / 1 Rows = (0, 2), Count =  0.15M / 61.00M  
  Iter 1 / 1 Rows = (0, 2), Count =  0.31M / 61.00M  
  Iter 1 / 1 Rows = (0, 2), Count =  0.46M / 61.00M  
  Iter 1 / 1 Rows = (0, 2), Count =  0.62M / 61.00M  
  Iter 1 / 1 Rows = (0, 2), Count =  0.78M / 61.00M  
  Iter 1 / 1 Rows = (0, 2), Count =  0.93M / 61.00M  
  Iter 1 / 1 Rows = (0, 2), Count =  1.08M / 61.00M  
  Iter 1 / 1 Rows = (0, 2), Count =  1.24M / 61.00M  
  Iter 1 / 1 Rows = (0, 2), Count =  1.39M / 61.00M  
  Iter 1 / 1 Rows = (0, 2), Count =  1.55M / 61.00M  
  Iter 1 / 1 Rows = (0, 2), Count =  1.70M / 61.00M  
  Iter 1 / 1 Rows = (0, 2), Count =  1.86M / 61.00M  
  Iter 1 / 1 Rows = (0, 2), Count =  2.01M / 61.00M  
  Iter 1 / 1 Rows = (0, 2), Count =  2.17M / 61.00M  
  Iter 1 / 1 Rows = (0, 2), Count =  2.32M / 61.00M  
  Iter 1 / 1 Rows = (0, 2), Count =  2.47M / 61.00M  
  Iter 1 / 1 Rows = (0, 2), Count =  2.63M / 61.00M  
  Iter 1 / 1 Rows = (0, 2), Count =  2.78M / 61.00M  
  Iter 1 / 1 Rows = (0, 2), Count =  2.94M / 61.00M  
  Iter 1 / 1 Rows = (0, 2), Count =  3.09M / 61.00M  
  Iter 1 / 1 Rows = (0, 2), Count =  3.24M / 61.00M  
  Iter 1 / 1 Rows = (0, 2), Count =  3.40M / 61.00M  
  Iter 1 / 1 Rows = (0, 2), Count =  3.56M / 61.00M  
  Iter 1 / 1 Rows = (0, 2), Count =  3.71M / 61.00M  
  Iter 1 / 1 Rows = (0, 2), Count =  3.87M / 61.00M  
  Iter 1 / 1 Rows = (0, 2), Count =  4.02M / 61.00M  
  Iter 1 / 1 Rows = (0, 2), Count =  4.17M / 61.00M  
  Iter 1 / 1 Rows = (0, 2), Count =  4.33M / 61.00M  
  Iter 1 / 1 Rows = (0, 2), Count =  4.48M / 61.00M  
  Iter 1 / 1 Rows = (0, 2), Count =  4.64M / 61.00M  
  Iter 1 / 1 Rows = (0, 2), Count =  4.79M / 61.00M  
  Iter 1 / 1 Rows = (0, 2), Count =  4.96M / 61.00M  
  Iter 1 / 1 Rows = (0, 2), Count =  5.11M / 61.00M  
  Iter 1 / 1 Rows = (0, 2), Count =  5.28M / 61.00M  
  Iter 1 / 1 Rows = (0, 2), Count =  5.43M / 61.00M  
  Iter 1 / 1 Rows = (0, 2), Count =  5.59M / 61.00M  
  Iter 1 / 1 Rows = (0, 2), Count =  5.74M / 61.00M  
  Iter 1 / 1 Rows = (0, 2), Count =  5.90M / 61.00M  
  Iter 1 / 1 Rows = (0, 2), Count =  6.05M / 61.00M  
  Iter 1 / 1 Rows = (0, 2), Count =  6.20M / 61.00M  
  Iter 1 / 1 Rows = (0, 2), Count =  6.36M / 61.00M  
  Iter 1 / 1 Rows = (0, 2), Count =  6.51M / 61.00M  
  Iter 1 / 1 Rows = (0, 2), Count =  6.67M / 61.00M  
  Iter 1 / 1 Rows = (0, 2), Count =  6.82M / 61.00M  
  Iter 1 / 1 Rows = (0, 2), Count =  6.97M / 61.00M  
  Iter 1 / 1 Rows = (0, 2), Count =  7.13M / 61.00M  
  Iter 1 / 1 Rows = (0, 2), Count =  7.28M / 61.00M  
  Iter 1 / 1 Rows = (0, 2), Count =  7.44M / 61.00M  
  Iter 1 / 1 Rows = (0, 2), Count =  7.59M / 61.00M  
  Iter 1 / 1 Rows = (0, 2), Count =  7.75M / 61.00M  
  Iter 1 / 1 Rows = (0, 2), Count =  7.90M / 61.00M  
  Iter 1 / 1 Rows = (0, 2), Count =  8.06M / 61.00M  
  Iter 1 / 1 Rows = (0, 2), Count =  8.21M / 61.00M  
  Iter 1 / 1 Rows = (0, 2), Count =  8.37M / 61.00M  
  Iter 1 / 1 Rows = (0, 2), Count =  8.53M / 61.00M  
  Iter 1 / 1 Rows = (0, 2), Count =  8.68M / 61.00M  
  Iter 1 / 1 Rows = (0, 2), Count =  8.83M / 61.00M  
  Iter 1 / 1 Rows = (0, 2), Count =  8.99M / 61.00M  
  Iter 1 / 1 Rows = (0, 2), Count =  9.16M / 61.00M  
  Iter 1 / 1 Rows = (0, 2), Count =  9.34M / 61.00M  
  Iter 1 / 1 Rows = (0, 2), Count =  9.49M / 61.00M  
  Iter 1 / 1 Rows = (0, 2), Count =  9.65M / 61.00M  
  Iter 1 / 1 Rows = (0, 2), Count =  9.80M / 61.00M  
  Iter 1 / 1 Rows = (0, 2), Count =  9.97M / 61.00M  
  Iter 1 / 1 Rows = (0, 2), Count = 10.12M / 61.00M  
  Iter 1 / 1 Rows = (0, 2), Count = 10.28M / 61.00M  
  Iter 1 / 1 Rows = (0, 2), Count = 10.45M / 61.00M  
  Iter 1 / 1 Rows = (0, 2), Count = 10.61M / 61.00M  
  Iter 1 / 1 Rows = (0, 2), Count = 10.78M / 61.00M  
  Iter 1 / 1 Rows = (0, 2), Count = 10.93M / 61.00M  
  Iter 1 / 1 Rows = (0, 2), Count = 11.09M / 61.00M  
  Iter 1 / 1 Rows = (0, 2), Count = 11.24M / 61.00M  
  Iter 1 / 1 Rows = (0, 2), Count = 11.40M / 61.00M  
  Iter 1 / 1 Rows = (0, 2), Count = 11.57M / 61.00M  
  Iter 1 / 1 Rows = (0, 2), Count = 11.73M / 61.00M  
  Iter 1 / 1 Rows = (0, 2), Count = 11.90M / 61.00M  
  Iter 1 / 1 Rows = (0, 2), Count = 12.07M / 61.00M  
  Iter 1 / 1 Rows = (0, 2), Count = 12.23M / 61.00M  
  Iter 1 / 1 Rows = (0, 2), Count = 12.39M / 61.00M  
  Iter 1 / 1 Rows = (0, 2), Count = 12.54M / 61.00M  
  Iter 1 / 1 Rows = (0, 2), Count = 12.71M / 61.00M  
  Iter 1 / 1 Rows = (0, 2), Count = 12.88M / 61.00M  
  Iter 1 / 1 Rows = (0, 2), Count = 13.03M / 61.00M  
  Iter 1 / 1 Rows = (0, 2), Count = 13.19M / 61.00M  
  Iter 1 / 1 Rows = (0, 2), Count = 13.34M / 61.00M  
  Iter 1 / 1 Rows = (0, 2), Count = 13.51M / 61.00M  
  Iter 1 / 1 Rows = (0, 2), Count = 13.66M / 61.00M  
  Iter 1 / 1 Rows = (0, 2), Count = 13.82M / 61.00M  
  Iter 1 / 1 Rows = (0, 2), Count = 13.97M / 61.00M  
  Iter 1 / 1 Rows = (0, 2), Count = 14.12M / 61.00M  
  Iter 1 / 1 Rows = (0, 2), Count = 14.28M / 61.00M  
  Iter 1 / 1 Rows = (0, 2), Count = 14.43M / 61.00M  
  Iter 1 / 1 Rows = (0, 2), Count = 14.58M / 61.00M  
  Iter 1 / 1 Rows = (0, 2), Count = 14.74M / 61.00M  
  Iter 1 / 1 Rows = (0, 2), Count = 14.91M / 61.00M  
  Iter 1 / 1 Rows = (0, 2), Count = 15.07M / 61.00M  
  Iter 1 / 1 Rows = (0, 2), Count = 15.23M / 61.00M  
  Iter 1 / 1 Rows = (0, 2), Count = 15.39M / 61.00M  
  Iter 1 / 1 Rows = (0, 2), Count = 15.57M / 61.00M  
  Iter 1 / 1 Rows = (0, 2), Count = 15.75M / 61.00M  
  Iter 1 / 1 Rows = (0, 2), Count = 15.93M / 61.00M  
  Iter 1 / 1 Rows = (0, 2), Count = 16.09M / 61.00M  
  Iter 1 / 1 Rows = (0, 2), Count = 16.25M / 61.00M  
  Iter 1 / 1 Rows = (0, 2), Count = 16.40M / 61.00M  
  Iter 1 / 1 Rows = (0, 2), Count = 16.57M / 61.00M  
  Iter 1 / 1 Rows = (0, 2), Count = 16.74M / 61.00M  
  Iter 1 / 1 Rows = (0, 2), Count = 16.89M / 61.00M  
  Iter 1 / 1 Rows = (0, 2), Count = 17.06M / 61.00M  
  Iter 1 / 1 Rows = (0, 2), Count = 17.23M / 61.00M  
  Iter 1 / 1 Rows = (0, 2), Count = 17.38M / 61.00M  
  Iter 1 / 1 Rows = (0, 2), Count = 17.54M / 61.00M  
  Iter 1 / 1 Rows = (0, 2), Count = 17.70M / 61.00M  
  Iter 1 / 1 Rows = (0, 2), Count = 17.87M / 61.00M  
  Iter 1 / 1 Rows = (0, 2), Count = 18.04M / 61.00M  
  Iter 1 / 1 Rows = (0, 2), Count = 18.19M / 61.00M  
  Iter 1 / 1 Rows = (0, 2), Count = 18.36M / 61.00M  
  Iter 1 / 1 Rows = (0, 2), Count = 18.51M / 61.00M  
  Iter 1 / 1 Rows = (0, 2), Count = 18.67M / 61.00M  
  Iter 1 / 1 Rows = (0, 2), Count = 18.84M / 61.00M  
  Iter 1 / 1 Rows = (0, 2), Count = 18.99M / 61.00M  
  Iter 1 / 1 Rows = (0, 2), Count = 19.15M / 61.00M  
  Iter 1 / 1 Rows = (0, 2), Count = 19.31M / 61.00M  
  Iter 1 / 1 Rows = (0, 2), Count = 19.47M / 61.00M  
  Iter 1 / 1 Rows = (0, 2), Count = 19.63M / 61.00M  
  Iter 1 / 1 Rows = (0, 2), Count = 19.79M / 61.00M  
  Iter 1 / 1 Rows = (0, 2), Count = 19.94M / 61.00M  
  Iter 1 / 1 Rows = (0, 2), Count = 20.11M / 61.00M  
  Iter 1 / 1 Rows = (0, 2), Count = 20.26M / 61.00M  
  Iter 1 / 1 Rows = (0, 2), Count = 20.42M / 61.00M  
  Iter 1 / 1 Rows = (0, 2), Count = 20.57M / 61.00M  
  Iter 1 / 1 Rows = (0, 2), Count = 20.73M / 61.00M  
  Iter 1 / 1 Rows = (0, 2), Count = 20.88M / 61.00M  
  Iter 1 / 1 Rows = (0, 2), Count = 21.04M / 61.00M  
  Iter 1 / 1 Rows = (0, 2), Count = 21.19M / 61.00M  
  Iter 1 / 1 Rows = (0, 2), Count = 21.35M / 61.00M  
  Iter 1 / 1 Rows = (0, 2), Count = 21.50M / 61.00M  
  Iter 1 / 1 Rows = (0, 2), Count = 21.65M / 61.00M  
  Iter 1 / 1 Rows = (0, 2), Count = 21.81M / 61.00M  
  Iter 1 / 1 Rows = (0, 2), Count = 21.96M / 61.00M  
  Iter 1 / 1 Rows = (0, 2), Count = 22.12M / 61.00M  
  Iter 1 / 1 Rows = (0, 2), Count = 22.27M / 61.00M  
  Iter 1 / 1 Rows = (0, 2), Count = 22.44M / 61.00M  
  Iter 1 / 1 Rows = (0, 2), Count = 22.62M / 61.00M  
  Iter 1 / 1 Rows = (0, 2), Count = 22.79M / 61.00M  
  Iter 1 / 1 Rows = (0, 2), Count = 22.96M / 61.00M  
  Iter 1 / 1 Rows = (0, 2), Count = 23.12M / 61.00M  
  Iter 1 / 1 Rows = (0, 2), Count = 23.29M / 61.00M  
  Iter 1 / 1 Rows = (0, 2), Count = 23.46M / 61.00M  
  Iter 1 / 1 Rows = (0, 2), Count = 23.61M / 61.00M  
  Iter 1 / 1 Rows = (0, 2), Count = 23.77M / 61.00M  
  Iter 1 / 1 Rows = (0, 2), Count = 23.92M / 61.00M  
  Iter 1 / 1 Rows = (0, 2), Count = 24.07M / 61.00M  
  Iter 1 / 1 Rows = (0, 2), Count = 24.23M / 61.00M  
  Iter 1 / 1 Rows = (0, 2), Count = 24.38M / 61.00M  
  Iter 1 / 1 Rows = (0, 2), Count = 24.53M / 61.00M  
  Iter 1 / 1 Rows = (0, 2), Count = 24.69M / 61.00M  
  Iter 1 / 1 Rows = (0, 2), Count = 24.84M / 61.00M  
  Iter 1 / 1 Rows = (0, 2), Count = 25.00M / 61.00M  
  Iter 1 / 1 Rows = (0, 2), Count = 25.15M / 61.00M  
  Iter 1 / 1 Rows = (0, 2), Count = 25.30M / 61.00M  
  Iter 1 / 1 Rows = (0, 2), Count = 25.46M / 61.00M  
  Iter 1 / 1 Rows = (0, 2), Count = 25.61M / 61.00M  
  Iter 1 / 1 Rows = (0, 2), Count = 25.77M / 61.00M  
  Iter 1 / 1 Rows = (0, 2), Count = 25.93M / 61.00M  
  Iter 1 / 1 Rows = (0, 2), Count = 26.08M / 61.00M  
  Iter 1 / 1 Rows = (0, 2), Count = 26.23M / 61.00M  
  Iter 1 / 1 Rows = (0, 2), Count = 26.39M / 61.00M  
  Iter 1 / 1 Rows = (0, 2), Count = 26.54M / 61.00M  
  Iter 1 / 1 Rows = (0, 2), Count = 26.70M / 61.00M  
  Iter 1 / 1 Rows = (0, 2), Count = 26.85M / 61.00M  
  Iter 1 / 1 Rows = (0, 2), Count = 27.00M / 61.00M  
  Iter 1 / 1 Rows = (0, 2), Count = 27.16M / 61.00M  
  Iter 1 / 1 Rows = (0, 2), Count = 27.32M / 61.00M  
  Iter 1 / 1 Rows = (0, 2), Count = 27.47M / 61.00M  
  Iter 1 / 1 Rows = (0, 2), Count = 27.64M / 61.00M  
  Iter 1 / 1 Rows = (0, 2), Count = 27.82M / 61.00M  
  Iter 1 / 1 Rows = (0, 2), Count = 27.99M / 61.00M  
  Iter 1 / 1 Rows = (0, 2), Count = 28.14M / 61.00M  
  Iter 1 / 1 Rows = (0, 2), Count = 28.30M / 61.00M  
  Iter 1 / 1 Rows = (0, 2), Count = 28.45M / 61.00M  
  Iter 1 / 1 Rows = (0, 2), Count = 28.61M / 61.00M  
  Iter 1 / 1 Rows = (0, 2), Count = 28.76M / 61.00M  
  Iter 1 / 1 Rows = (0, 2), Count = 28.93M / 61.00M  
  Iter 1 / 1 Rows = (0, 2), Count = 29.11M / 61.00M  
  Iter 1 / 1 Rows = (0, 2), Count = 29.26M / 61.00M  
  Iter 1 / 1 Rows = (0, 2), Count = 29.43M / 61.00M  
  Iter 1 / 1 Rows = (0, 2), Count = 29.59M / 61.00M  
  Iter 1 / 1 Rows = (0, 2), Count = 29.75M / 61.00M  
  Iter 1 / 1 Rows = (0, 2), Count = 29.91M / 61.00M  
  Iter 1 / 1 Rows = (0, 2), Count = 30.06M / 61.00M  
  Iter 1 / 1 Rows = (0, 2), Count = 30.22M / 61.00M  
  Iter 1 / 1 Rows = (0, 2), Count = 30.39M / 61.00M  
  Iter 1 / 1 Rows = (0, 2), Count = 30.55M / 61.00M  
  Iter 1 / 1 Rows = (0, 2), Count = 30.70M / 61.00M  
  Iter 1 / 1 Rows = (0, 2), Count = 30.86M / 61.00M  
  Iter 1 / 1 Rows = (0, 2), Count = 31.01M / 61.00M  
  Iter 1 / 1 Rows = (0, 2), Count = 31.17M / 61.00M  
  Iter 1 / 1 Rows = (0, 2), Count = 31.32M / 61.00M  
  Iter 1 / 1 Rows = (0, 2), Count = 31.48M / 61.00M  
  Iter 1 / 1 Rows = (0, 2), Count = 31.63M / 61.00M  
  Iter 1 / 1 Rows = (0, 2), Count = 31.78M / 61.00M  
  Iter 1 / 1 Rows = (0, 2), Count = 31.94M / 61.00M  
  Iter 1 / 1 Rows = (0, 2), Count = 32.11M / 61.00M  
  Iter 1 / 1 Rows = (0, 2), Count = 32.26M / 61.00M  
  Iter 1 / 1 Rows = (0, 2), Count = 32.42M / 61.00M  
  Iter 1 / 1 Rows = (0, 2), Count = 32.57M / 61.00M  
  Iter 1 / 1 Rows = (0, 2), Count = 32.74M / 61.00M  
  Iter 1 / 1 Rows = (0, 2), Count = 32.91M / 61.00M  
  Iter 1 / 1 Rows = (0, 2), Count = 33.07M / 61.00M  
  Iter 1 / 1 Rows = (0, 2), Count = 33.23M / 61.00M  
  Iter 1 / 1 Rows = (0, 2), Count = 33.38M / 61.00M  
  Iter 1 / 1 Rows = (0, 2), Count = 33.53M / 61.00M  
  Iter 1 / 1 Rows = (0, 2), Count = 33.69M / 61.00M  
  Iter 1 / 1 Rows = (0, 2), Count = 33.85M / 61.00M  
  Iter 1 / 1 Rows = (0, 2), Count = 34.00M / 61.00M  
  Iter 1 / 1 Rows = (0, 2), Count = 34.17M / 61.00M  
  Iter 1 / 1 Rows = (0, 2), Count = 34.32M / 61.00M  
  Iter 1 / 1 Rows = (0, 2), Count = 34.50M / 61.00M  
  Iter 1 / 1 Rows = (0, 2), Count = 34.68M / 61.00M  
  Iter 1 / 1 Rows = (0, 2), Count = 34.83M / 61.00M  
  Iter 1 / 1 Rows = (0, 2), Count = 34.99M / 61.00M  
  Iter 1 / 1 Rows = (0, 2), Count = 35.15M / 61.00M  
  Iter 1 / 1 Rows = (0, 2), Count = 35.31M / 61.00M  
  Iter 1 / 1 Rows = (0, 2), Count = 35.50M / 61.00M  
  Iter 1 / 1 Rows = (0, 2), Count = 35.66M / 61.00M  
  Iter 1 / 1 Rows = (0, 2), Count = 35.81M / 61.00M  
  Iter 1 / 1 Rows = (0, 2), Count = 35.98M / 61.00M  
  Iter 1 / 1 Rows = (0, 2), Count = 36.15M / 61.00M  
  Iter 1 / 1 Rows = (0, 2), Count = 36.32M / 61.00M  
  Iter 1 / 1 Rows = (0, 2), Count = 36.48M / 61.00M  
  Iter 1 / 1 Rows = (0, 2), Count = 36.64M / 61.00M  
  Iter 1 / 1 Rows = (0, 2), Count = 36.81M / 61.00M  
  Iter 1 / 1 Rows = (0, 2), Count = 36.96M / 61.00M  
  Iter 1 / 1 Rows = (0, 2), Count = 37.13M / 61.00M  
  Iter 1 / 1 Rows = (0, 2), Count = 37.31M / 61.00M  
  Iter 1 / 1 Rows = (0, 2), Count = 37.48M / 61.00M  
  Iter 1 / 1 Rows = (0, 2), Count = 37.65M / 61.00M  
  Iter 1 / 1 Rows = (0, 2), Count = 37.81M / 61.00M  
  Iter 1 / 1 Rows = (0, 2), Count = 37.96M / 61.00M  
  Iter 1 / 1 Rows = (0, 2), Count = 38.12M / 61.00M  
  Iter 1 / 1 Rows = (0, 2), Count = 38.29M / 61.00M  
  Iter 1 / 1 Rows = (0, 2), Count = 38.45M / 61.00M  
  Iter 1 / 1 Rows = (0, 2), Count = 38.62M / 61.00M  
  Iter 1 / 1 Rows = (0, 2), Count = 38.78M / 61.00M  
  Iter 1 / 1 Rows = (0, 2), Count = 38.94M / 61.00M  
  Iter 1 / 1 Rows = (0, 2), Count = 39.10M / 61.00M  
  Iter 1 / 1 Rows = (0, 2), Count = 39.25M / 61.00M  
  Iter 1 / 1 Rows = (0, 2), Count = 39.42M / 61.00M  
  Iter 1 / 1 Rows = (0, 2), Count = 39.57M / 61.00M  
  Iter 1 / 1 Rows = (0, 2), Count = 39.74M / 61.00M  
  Iter 1 / 1 Rows = (0, 2), Count = 39.89M / 61.00M  
  Iter 1 / 1 Rows = (0, 2), Count = 40.05M / 61.00M  
  Iter 1 / 1 Rows = (0, 2), Count = 40.22M / 61.00M  
  Iter 1 / 1 Rows = (0, 2), Count = 40.38M / 61.00M  
  Iter 1 / 1 Rows = (0, 2), Count = 40.54M / 61.00M  
  Iter 1 / 1 Rows = (0, 2), Count = 40.71M / 61.00M  
  Iter 1 / 1 Rows = (0, 2), Count = 40.86M / 61.00M  
  Iter 1 / 1 Rows = (0, 2), Count = 41.01M / 61.00M  
  Iter 1 / 1 Rows = (0, 2), Count = 41.17M / 61.00M  
  Iter 1 / 1 Rows = (0, 2), Count = 41.32M / 61.00M  
  Iter 1 / 1 Rows = (0, 2), Count = 41.48M / 61.00M  
  Iter 1 / 1 Rows = (0, 2), Count = 41.63M / 61.00M  
  Iter 1 / 1 Rows = (0, 2), Count = 41.79M / 61.00M  
  Iter 1 / 1 Rows = (0, 2), Count = 41.95M / 61.00M  
  Iter 1 / 1 Rows = (0, 2), Count = 42.11M / 61.00M  
  Iter 1 / 1 Rows = (0, 2), Count = 42.26M / 61.00M  
  Iter 1 / 1 Rows = (0, 2), Count = 42.43M / 61.00M  
  Iter 1 / 1 Rows = (0, 2), Count = 42.60M / 61.00M  
  Iter 1 / 1 Rows = (0, 2), Count = 42.75M / 61.00M  
  Iter 1 / 1 Rows = (0, 2), Count = 42.91M / 61.00M  
  Iter 1 / 1 Rows = (0, 2), Count = 43.06M / 61.00M  
  Iter 1 / 1 Rows = (0, 2), Count = 43.23M / 61.00M  
  Iter 1 / 1 Rows = (0, 2), Count = 43.38M / 61.00M  
  Iter 1 / 1 Rows = (0, 2), Count = 43.55M / 61.00M  
  Iter 1 / 1 Rows = (0, 2), Count = 43.72M / 61.00M  
  Iter 1 / 1 Rows = (0, 2), Count = 43.87M / 61.00M  
  Iter 1 / 1 Rows = (0, 2), Count = 44.04M / 61.00M  
  Iter 1 / 1 Rows = (0, 2), Count = 44.19M / 61.00M  
  Iter 1 / 1 Rows = (0, 2), Count = 44.36M / 61.00M  
  Iter 1 / 1 Rows = (0, 2), Count = 44.52M / 61.00M  
  Iter 1 / 1 Rows = (0, 2), Count = 44.67M / 61.00M  
  Iter 1 / 1 Rows = (0, 2), Count = 44.84M / 61.00M  
  Iter 1 / 1 Rows = (0, 2), Count = 45.00M / 61.00M  
  Iter 1 / 1 Rows = (0, 2), Count = 45.16M / 61.00M  
  Iter 1 / 1 Rows = (0, 2), Count = 45.31M / 61.00M  
  Iter 1 / 1 Rows = (0, 2), Count = 45.48M / 61.00M  
  Iter 1 / 1 Rows = (0, 2), Count = 45.65M / 61.00M  
  Iter 1 / 1 Rows = (0, 2), Count = 45.82M / 61.00M  
  Iter 1 / 1 Rows = (0, 2), Count = 45.97M / 61.00M  
  Iter 1 / 1 Rows = (0, 2), Count = 46.14M / 61.00M  
  Iter 1 / 1 Rows = (0, 2), Count = 46.31M / 61.00M  
  Iter 1 / 1 Rows = (0, 2), Count = 46.47M / 61.00M  
  Iter 1 / 1 Rows = (0, 2), Count = 46.62M / 61.00M  
  Iter 1 / 1 Rows = (0, 2), Count = 46.78M / 61.00M  
  Iter 1 / 1 Rows = (0, 2), Count = 46.93M / 61.00M  
  Iter 1 / 1 Rows = (0, 2), Count = 47.09M / 61.00M  
  Iter 1 / 1 Rows = (0, 2), Count = 47.24M / 61.00M  
  Iter 1 / 1 Rows = (0, 2), Count = 47.40M / 61.00M  
  Iter 1 / 1 Rows = (0, 2), Count = 47.55M / 61.00M  
  Iter 1 / 1 Rows = (0, 2), Count = 47.71M / 61.00M  
  Iter 1 / 1 Rows = (0, 2), Count = 47.86M / 61.00M  
  Iter 1 / 1 Rows = (0, 2), Count = 48.01M / 61.00M  
  Iter 1 / 1 Rows = (0, 2), Count = 48.17M / 61.00M  
  Iter 1 / 1 Rows = (0, 2), Count = 48.33M / 61.00M  
  Iter 1 / 1 Rows = (0, 2), Count = 48.51M / 61.00M  
  Iter 1 / 1 Rows = (0, 2), Count = 48.66M / 61.00M  
  Iter 1 / 1 Rows = (0, 2), Count = 48.81M / 61.00M  
  Iter 1 / 1 Rows = (0, 2), Count = 48.97M / 61.00M  
  Iter 1 / 1 Rows = (0, 2), Count = 49.12M / 61.00M  
  Iter 1 / 1 Rows = (0, 2), Count = 49.29M / 61.00M  
  Iter 1 / 1 Rows = (0, 2), Count = 49.45M / 61.00M  
  Iter 1 / 1 Rows = (0, 2), Count = 49.61M / 61.00M  
  Iter 1 / 1 Rows = (0, 2), Count = 49.77M / 61.00M  
  Iter 1 / 1 Rows = (0, 2), Count = 49.94M / 61.00M  
  Iter 1 / 1 Rows = (0, 2), Count = 50.10M / 61.00M  
  Iter 1 / 1 Rows = (0, 2), Count = 50.27M / 61.00M  
  Iter 1 / 1 Rows = (0, 2), Count = 50.42M / 61.00M  
  Iter 1 / 1 Rows = (0, 2), Count = 50.58M / 61.00M  
  Iter 1 / 1 Rows = (0, 2), Count = 50.75M / 61.00M  
  Iter 1 / 1 Rows = (0, 2), Count = 50.90M / 61.00M  
  Iter 1 / 1 Rows = (0, 2), Count = 51.05M / 61.00M  
  Iter 1 / 1 Rows = (0, 2), Count = 51.21M / 61.00M  
  Iter 1 / 1 Rows = (0, 2), Count = 51.36M / 61.00M  
  Iter 1 / 1 Rows = (0, 2), Count = 51.52M / 61.00M  
  Iter 1 / 1 Rows = (0, 2), Count = 51.67M / 61.00M  
  Iter 1 / 1 Rows = (0, 2), Count = 51.82M / 61.00M  
  Iter 1 / 1 Rows = (0, 2), Count = 51.98M / 61.00M  
  Iter 1 / 1 Rows = (0, 2), Count = 52.13M / 61.00M  
  Iter 1 / 1 Rows = (0, 2), Count = 52.29M / 61.00M  
  Iter 1 / 1 Rows = (0, 2), Count = 52.44M / 61.00M  
  Iter 1 / 1 Rows = (0, 2), Count = 52.60M / 61.00M  
  Iter 1 / 1 Rows = (0, 2), Count = 52.75M / 61.00M  
  Iter 1 / 1 Rows = (0, 2), Count = 52.91M / 61.00M  
  Iter 1 / 1 Rows = (0, 2), Count = 53.06M / 61.00M  
  Iter 1 / 1 Rows = (0, 2), Count = 53.22M / 61.00M  
  Iter 1 / 1 Rows = (0, 2), Count = 53.37M / 61.00M  
  Iter 1 / 1 Rows = (0, 2), Count = 53.53M / 61.00M  
  Iter 1 / 1 Rows = (0, 2), Count = 53.68M / 61.00M  
  Iter 1 / 1 Rows = (0, 2), Count = 53.85M / 61.00M  
  Iter 1 / 1 Rows = (0, 2), Count = 54.01M / 61.00M  
  Iter 1 / 1 Rows = (0, 2), Count = 54.17M / 61.00M  
  Iter 1 / 1 Rows = (0, 2), Count = 54.33M / 61.00M  
  Iter 1 / 1 Rows = (0, 2), Count = 54.49M / 61.00M  
  Iter 1 / 1 Rows = (0, 2), Count = 54.65M / 61.00M  
  Iter 1 / 1 Rows = (0, 2), Count = 54.80M / 61.00M  
  Iter 1 / 1 Rows = (0, 2), Count = 54.95M / 61.00M  
  Iter 1 / 1 Rows = (0, 2), Count = 55.11M / 61.00M  
  Iter 1 / 1 Rows = (0, 2), Count = 55.26M / 61.00M  
  Iter 1 / 1 Rows = (0, 2), Count = 55.42M / 61.00M  
  Iter 1 / 1 Rows = (0, 2), Count = 55.59M / 61.00M  
  Iter 1 / 1 Rows = (0, 2), Count = 55.74M / 61.00M  
  Iter 1 / 1 Rows = (0, 2), Count = 55.91M / 61.00M  
  Iter 1 / 1 Rows = (0, 2), Count = 56.07M / 61.00M  
  Iter 1 / 1 Rows = (0, 2), Count = 56.23M / 61.00M  
  Iter 1 / 1 Rows = (0, 2), Count = 56.40M / 61.00M  
  Iter 1 / 1 Rows = (0, 2), Count = 56.55M / 61.00M  
  Iter 1 / 1 Rows = (0, 2), Count = 56.70M / 61.00M  
  Iter 1 / 1 Rows = (0, 2), Count = 56.86M / 61.00M  
  Iter 1 / 1 Rows = (0, 2), Count = 57.03M / 61.00M  
  Iter 1 / 1 Rows = (0, 2), Count = 57.20M / 61.00M  
  Iter 1 / 1 Rows = (0, 2), Count = 57.36M / 61.00M  
  Iter 1 / 1 Rows = (0, 2), Count = 57.52M / 61.00M  
  Iter 1 / 1 Rows = (0, 2), Count = 57.68M / 61.00M  
  Iter 1 / 1 Rows = (0, 2), Count = 57.85M / 61.00M  
  Iter 1 / 1 Rows = (0, 2), Count = 58.00M / 61.00M  
  Iter 1 / 1 Rows = (0, 2), Count = 58.16M / 61.00M  
  Iter 1 / 1 Rows = (0, 2), Count = 58.33M / 61.00M  
  Iter 1 / 1 Rows = (0, 2), Count = 58.50M / 61.00M  
  Iter 1 / 1 Rows = (0, 2), Count = 58.66M / 61.00M  
  Iter 1 / 1 Rows = (0, 2), Count = 58.82M / 61.00M  
  Iter 1 / 1 Rows = (0, 2), Count = 58.98M / 61.00M  
  Iter 1 / 1 Rows = (0, 2), Count = 59.14M / 61.00M  
  Iter 1 / 1 Rows = (0, 2), Count = 59.29M / 61.00M  
  Iter 1 / 1 Rows = (0, 2), Count = 59.45M / 61.00M  
  Iter 1 / 1 Rows = (0, 2), Count = 59.60M / 61.00M  
  Iter 1 / 1 Rows = (0, 2), Count = 59.76M / 61.00M  
  Iter 1 / 1 Rows = (0, 2), Count = 59.91M / 61.00M  
  Iter 1 / 1 Rows = (0, 2), Count = 60.06M / 61.00M  
  Iter 1 / 1 Rows = (0, 2), Count = 60.22M / 61.00M  
  Iter 1 / 1 Rows = (0, 2), Count = 60.37M / 61.00M  
  Iter 1 / 1 Rows = (0, 2), Count = 60.53M / 61.00M  
  Iter 1 / 1 Rows = (0, 2), Count = 60.68M / 61.00M  
  Iter 1 / 1 Rows = (0, 2), Count = 60.84M / 61.00M  
  Iter 1 / 1 Rows = (0, 2), Count = 61.00M / 61.00M  

Verifying attacked memory ...
OK

Preparing ...
WARNING: only single word patterns supported, using: 0xaaaaaaaa

Filling memory with data ...

Verifying written memory ...
OK

Running Rowhammer attacks ...
read_count: 71000000
  Iter 1 / 1 Rows = (0, 2), Count =  0.00M / 71.00M  
  Iter 1 / 1 Rows = (0, 2), Count =  0.16M / 71.00M  
  Iter 1 / 1 Rows = (0, 2), Count =  0.32M / 71.00M  
  Iter 1 / 1 Rows = (0, 2), Count =  0.48M / 71.00M  
  Iter 1 / 1 Rows = (0, 2), Count =  0.64M / 71.00M  
  Iter 1 / 1 Rows = (0, 2), Count =  0.79M / 71.00M  
  Iter 1 / 1 Rows = (0, 2), Count =  0.94M / 71.00M  
  Iter 1 / 1 Rows = (0, 2), Count =  1.10M / 71.00M  
  Iter 1 / 1 Rows = (0, 2), Count =  1.25M / 71.00M  
  Iter 1 / 1 Rows = (0, 2), Count =  1.41M / 71.00M  
  Iter 1 / 1 Rows = (0, 2), Count =  1.56M / 71.00M  
  Iter 1 / 1 Rows = (0, 2), Count =  1.72M / 71.00M  
  Iter 1 / 1 Rows = (0, 2), Count =  1.87M / 71.00M  
  Iter 1 / 1 Rows = (0, 2), Count =  2.03M / 71.00M  
  Iter 1 / 1 Rows = (0, 2), Count =  2.19M / 71.00M  
  Iter 1 / 1 Rows = (0, 2), Count =  2.35M / 71.00M  
  Iter 1 / 1 Rows = (0, 2), Count =  2.50M / 71.00M  
  Iter 1 / 1 Rows = (0, 2), Count =  2.67M / 71.00M  
  Iter 1 / 1 Rows = (0, 2), Count =  2.82M / 71.00M  
  Iter 1 / 1 Rows = (0, 2), Count =  2.98M / 71.00M  
  Iter 1 / 1 Rows = (0, 2), Count =  3.13M / 71.00M  
  Iter 1 / 1 Rows = (0, 2), Count =  3.29M / 71.00M  
  Iter 1 / 1 Rows = (0, 2), Count =  3.46M / 71.00M  
  Iter 1 / 1 Rows = (0, 2), Count =  3.61M / 71.00M  
  Iter 1 / 1 Rows = (0, 2), Count =  3.78M / 71.00M  
  Iter 1 / 1 Rows = (0, 2), Count =  3.94M / 71.00M  
  Iter 1 / 1 Rows = (0, 2), Count =  4.09M / 71.00M  
  Iter 1 / 1 Rows = (0, 2), Count =  4.25M / 71.00M  
  Iter 1 / 1 Rows = (0, 2), Count =  4.40M / 71.00M  
  Iter 1 / 1 Rows = (0, 2), Count =  4.56M / 71.00M  
  Iter 1 / 1 Rows = (0, 2), Count =  4.72M / 71.00M  
  Iter 1 / 1 Rows = (0, 2), Count =  4.87M / 71.00M  
  Iter 1 / 1 Rows = (0, 2), Count =  5.02M / 71.00M  
  Iter 1 / 1 Rows = (0, 2), Count =  5.18M / 71.00M  
  Iter 1 / 1 Rows = (0, 2), Count =  5.33M / 71.00M  
  Iter 1 / 1 Rows = (0, 2), Count =  5.49M / 71.00M  
  Iter 1 / 1 Rows = (0, 2), Count =  5.65M / 71.00M  
  Iter 1 / 1 Rows = (0, 2), Count =  5.83M / 71.00M  
  Iter 1 / 1 Rows = (0, 2), Count =  5.99M / 71.00M  
  Iter 1 / 1 Rows = (0, 2), Count =  6.15M / 71.00M  
  Iter 1 / 1 Rows = (0, 2), Count =  6.30M / 71.00M  
  Iter 1 / 1 Rows = (0, 2), Count =  6.45M / 71.00M  
  Iter 1 / 1 Rows = (0, 2), Count =  6.61M / 71.00M  
  Iter 1 / 1 Rows = (0, 2), Count =  6.78M / 71.00M  
  Iter 1 / 1 Rows = (0, 2), Count =  6.95M / 71.00M  
  Iter 1 / 1 Rows = (0, 2), Count =  7.11M / 71.00M  
  Iter 1 / 1 Rows = (0, 2), Count =  7.28M / 71.00M  
  Iter 1 / 1 Rows = (0, 2), Count =  7.43M / 71.00M  
  Iter 1 / 1 Rows = (0, 2), Count =  7.59M / 71.00M  
  Iter 1 / 1 Rows = (0, 2), Count =  7.74M / 71.00M  
  Iter 1 / 1 Rows = (0, 2), Count =  7.90M / 71.00M  
  Iter 1 / 1 Rows = (0, 2), Count =  8.05M / 71.00M  
  Iter 1 / 1 Rows = (0, 2), Count =  8.20M / 71.00M  
  Iter 1 / 1 Rows = (0, 2), Count =  8.36M / 71.00M  
  Iter 1 / 1 Rows = (0, 2), Count =  8.51M / 71.00M  
  Iter 1 / 1 Rows = (0, 2), Count =  8.68M / 71.00M  
  Iter 1 / 1 Rows = (0, 2), Count =  8.85M / 71.00M  
  Iter 1 / 1 Rows = (0, 2), Count =  9.02M / 71.00M  
  Iter 1 / 1 Rows = (0, 2), Count =  9.18M / 71.00M  
  Iter 1 / 1 Rows = (0, 2), Count =  9.34M / 71.00M  
  Iter 1 / 1 Rows = (0, 2), Count =  9.51M / 71.00M  
  Iter 1 / 1 Rows = (0, 2), Count =  9.67M / 71.00M  
  Iter 1 / 1 Rows = (0, 2), Count =  9.83M / 71.00M  
  Iter 1 / 1 Rows = (0, 2), Count =  9.98M / 71.00M  
  Iter 1 / 1 Rows = (0, 2), Count = 10.15M / 71.00M  
  Iter 1 / 1 Rows = (0, 2), Count = 10.32M / 71.00M  
  Iter 1 / 1 Rows = (0, 2), Count = 10.48M / 71.00M  
  Iter 1 / 1 Rows = (0, 2), Count = 10.65M / 71.00M  
  Iter 1 / 1 Rows = (0, 2), Count = 10.82M / 71.00M  
  Iter 1 / 1 Rows = (0, 2), Count = 10.99M / 71.00M  
  Iter 1 / 1 Rows = (0, 2), Count = 11.15M / 71.00M  
  Iter 1 / 1 Rows = (0, 2), Count = 11.31M / 71.00M  
  Iter 1 / 1 Rows = (0, 2), Count = 11.46M / 71.00M  
  Iter 1 / 1 Rows = (0, 2), Count = 11.61M / 71.00M  
  Iter 1 / 1 Rows = (0, 2), Count = 11.76M / 71.00M  
  Iter 1 / 1 Rows = (0, 2), Count = 11.92M / 71.00M  
  Iter 1 / 1 Rows = (0, 2), Count = 12.07M / 71.00M  
  Iter 1 / 1 Rows = (0, 2), Count = 12.23M / 71.00M  
  Iter 1 / 1 Rows = (0, 2), Count = 12.38M / 71.00M  
  Iter 1 / 1 Rows = (0, 2), Count = 12.54M / 71.00M  
  Iter 1 / 1 Rows = (0, 2), Count = 12.69M / 71.00M  
  Iter 1 / 1 Rows = (0, 2), Count = 12.84M / 71.00M  
  Iter 1 / 1 Rows = (0, 2), Count = 13.00M / 71.00M  
  Iter 1 / 1 Rows = (0, 2), Count = 13.15M / 71.00M  
  Iter 1 / 1 Rows = (0, 2), Count = 13.31M / 71.00M  
  Iter 1 / 1 Rows = (0, 2), Count = 13.46M / 71.00M  
  Iter 1 / 1 Rows = (0, 2), Count = 13.62M / 71.00M  
  Iter 1 / 1 Rows = (0, 2), Count = 13.78M / 71.00M  
  Iter 1 / 1 Rows = (0, 2), Count = 13.93M / 71.00M  
  Iter 1 / 1 Rows = (0, 2), Count = 14.08M / 71.00M  
  Iter 1 / 1 Rows = (0, 2), Count = 14.24M / 71.00M  
  Iter 1 / 1 Rows = (0, 2), Count = 14.39M / 71.00M  
  Iter 1 / 1 Rows = (0, 2), Count = 14.55M / 71.00M  
  Iter 1 / 1 Rows = (0, 2), Count = 14.70M / 71.00M  
  Iter 1 / 1 Rows = (0, 2), Count = 14.86M / 71.00M  
  Iter 1 / 1 Rows = (0, 2), Count = 15.01M / 71.00M  
  Iter 1 / 1 Rows = (0, 2), Count = 15.17M / 71.00M  
  Iter 1 / 1 Rows = (0, 2), Count = 15.32M / 71.00M  
  Iter 1 / 1 Rows = (0, 2), Count = 15.48M / 71.00M  
  Iter 1 / 1 Rows = (0, 2), Count = 15.64M / 71.00M  
  Iter 1 / 1 Rows = (0, 2), Count = 15.80M / 71.00M  
  Iter 1 / 1 Rows = (0, 2), Count = 15.96M / 71.00M  
  Iter 1 / 1 Rows = (0, 2), Count = 16.12M / 71.00M  
  Iter 1 / 1 Rows = (0, 2), Count = 16.27M / 71.00M  
  Iter 1 / 1 Rows = (0, 2), Count = 16.43M / 71.00M  
  Iter 1 / 1 Rows = (0, 2), Count = 16.58M / 71.00M  
  Iter 1 / 1 Rows = (0, 2), Count = 16.74M / 71.00M  
  Iter 1 / 1 Rows = (0, 2), Count = 16.89M / 71.00M  
  Iter 1 / 1 Rows = (0, 2), Count = 17.04M / 71.00M  
  Iter 1 / 1 Rows = (0, 2), Count = 17.20M / 71.00M  
  Iter 1 / 1 Rows = (0, 2), Count = 17.35M / 71.00M  
  Iter 1 / 1 Rows = (0, 2), Count = 17.51M / 71.00M  
  Iter 1 / 1 Rows = (0, 2), Count = 17.66M / 71.00M  
  Iter 1 / 1 Rows = (0, 2), Count = 17.82M / 71.00M  
  Iter 1 / 1 Rows = (0, 2), Count = 17.97M / 71.00M  
  Iter 1 / 1 Rows = (0, 2), Count = 18.13M / 71.00M  
  Iter 1 / 1 Rows = (0, 2), Count = 18.28M / 71.00M  
  Iter 1 / 1 Rows = (0, 2), Count = 18.43M / 71.00M  
  Iter 1 / 1 Rows = (0, 2), Count = 18.59M / 71.00M  
  Iter 1 / 1 Rows = (0, 2), Count = 18.75M / 71.00M  
  Iter 1 / 1 Rows = (0, 2), Count = 18.90M / 71.00M  
  Iter 1 / 1 Rows = (0, 2), Count = 19.06M / 71.00M  
  Iter 1 / 1 Rows = (0, 2), Count = 19.22M / 71.00M  
  Iter 1 / 1 Rows = (0, 2), Count = 19.38M / 71.00M  
  Iter 1 / 1 Rows = (0, 2), Count = 19.53M / 71.00M  
  Iter 1 / 1 Rows = (0, 2), Count = 19.70M / 71.00M  
  Iter 1 / 1 Rows = (0, 2), Count = 19.85M / 71.00M  
  Iter 1 / 1 Rows = (0, 2), Count = 20.01M / 71.00M  
  Iter 1 / 1 Rows = (0, 2), Count = 20.16M / 71.00M  
  Iter 1 / 1 Rows = (0, 2), Count = 20.33M / 71.00M  
  Iter 1 / 1 Rows = (0, 2), Count = 20.48M / 71.00M  
  Iter 1 / 1 Rows = (0, 2), Count = 20.64M / 71.00M  
  Iter 1 / 1 Rows = (0, 2), Count = 20.79M / 71.00M  
  Iter 1 / 1 Rows = (0, 2), Count = 20.95M / 71.00M  
  Iter 1 / 1 Rows = (0, 2), Count = 21.12M / 71.00M  
  Iter 1 / 1 Rows = (0, 2), Count = 21.28M / 71.00M  
  Iter 1 / 1 Rows = (0, 2), Count = 21.43M / 71.00M  
  Iter 1 / 1 Rows = (0, 2), Count = 21.59M / 71.00M  
  Iter 1 / 1 Rows = (0, 2), Count = 21.75M / 71.00M  
  Iter 1 / 1 Rows = (0, 2), Count = 21.91M / 71.00M  
  Iter 1 / 1 Rows = (0, 2), Count = 22.07M / 71.00M  
  Iter 1 / 1 Rows = (0, 2), Count = 22.24M / 71.00M  
  Iter 1 / 1 Rows = (0, 2), Count = 22.40M / 71.00M  
  Iter 1 / 1 Rows = (0, 2), Count = 22.57M / 71.00M  
  Iter 1 / 1 Rows = (0, 2), Count = 22.72M / 71.00M  
  Iter 1 / 1 Rows = (0, 2), Count = 22.88M / 71.00M  
  Iter 1 / 1 Rows = (0, 2), Count = 23.03M / 71.00M  
  Iter 1 / 1 Rows = (0, 2), Count = 23.19M / 71.00M  
  Iter 1 / 1 Rows = (0, 2), Count = 23.34M / 71.00M  
  Iter 1 / 1 Rows = (0, 2), Count = 23.50M / 71.00M  
  Iter 1 / 1 Rows = (0, 2), Count = 23.65M / 71.00M  
  Iter 1 / 1 Rows = (0, 2), Count = 23.80M / 71.00M  
  Iter 1 / 1 Rows = (0, 2), Count = 23.96M / 71.00M  
  Iter 1 / 1 Rows = (0, 2), Count = 24.11M / 71.00M  
  Iter 1 / 1 Rows = (0, 2), Count = 24.27M / 71.00M  
  Iter 1 / 1 Rows = (0, 2), Count = 24.43M / 71.00M  
  Iter 1 / 1 Rows = (0, 2), Count = 24.59M / 71.00M  
  Iter 1 / 1 Rows = (0, 2), Count = 24.74M / 71.00M  
  Iter 1 / 1 Rows = (0, 2), Count = 24.90M / 71.00M  
  Iter 1 / 1 Rows = (0, 2), Count = 25.06M / 71.00M  
  Iter 1 / 1 Rows = (0, 2), Count = 25.22M / 71.00M  
  Iter 1 / 1 Rows = (0, 2), Count = 25.38M / 71.00M  
  Iter 1 / 1 Rows = (0, 2), Count = 25.54M / 71.00M  
  Iter 1 / 1 Rows = (0, 2), Count = 25.70M / 71.00M  
  Iter 1 / 1 Rows = (0, 2), Count = 25.86M / 71.00M  
  Iter 1 / 1 Rows = (0, 2), Count = 26.02M / 71.00M  
  Iter 1 / 1 Rows = (0, 2), Count = 26.17M / 71.00M  
  Iter 1 / 1 Rows = (0, 2), Count = 26.33M / 71.00M  
  Iter 1 / 1 Rows = (0, 2), Count = 26.49M / 71.00M  
  Iter 1 / 1 Rows = (0, 2), Count = 26.65M / 71.00M  
  Iter 1 / 1 Rows = (0, 2), Count = 26.80M / 71.00M  
  Iter 1 / 1 Rows = (0, 2), Count = 26.96M / 71.00M  
  Iter 1 / 1 Rows = (0, 2), Count = 27.11M / 71.00M  
  Iter 1 / 1 Rows = (0, 2), Count = 27.27M / 71.00M  
  Iter 1 / 1 Rows = (0, 2), Count = 27.43M / 71.00M  
  Iter 1 / 1 Rows = (0, 2), Count = 27.59M / 71.00M  
  Iter 1 / 1 Rows = (0, 2), Count = 27.76M / 71.00M  
  Iter 1 / 1 Rows = (0, 2), Count = 27.92M / 71.00M  
  Iter 1 / 1 Rows = (0, 2), Count = 28.08M / 71.00M  
  Iter 1 / 1 Rows = (0, 2), Count = 28.25M / 71.00M  
  Iter 1 / 1 Rows = (0, 2), Count = 28.40M / 71.00M  
  Iter 1 / 1 Rows = (0, 2), Count = 28.57M / 71.00M  
  Iter 1 / 1 Rows = (0, 2), Count = 28.72M / 71.00M  
  Iter 1 / 1 Rows = (0, 2), Count = 28.88M / 71.00M  
  Iter 1 / 1 Rows = (0, 2), Count = 29.04M / 71.00M  
  Iter 1 / 1 Rows = (0, 2), Count = 29.20M / 71.00M  
  Iter 1 / 1 Rows = (0, 2), Count = 29.37M / 71.00M  
  Iter 1 / 1 Rows = (0, 2), Count = 29.52M / 71.00M  
  Iter 1 / 1 Rows = (0, 2), Count = 29.67M / 71.00M  
  Iter 1 / 1 Rows = (0, 2), Count = 29.83M / 71.00M  
  Iter 1 / 1 Rows = (0, 2), Count = 29.98M / 71.00M  
  Iter 1 / 1 Rows = (0, 2), Count = 30.15M / 71.00M  
  Iter 1 / 1 Rows = (0, 2), Count = 30.32M / 71.00M  
  Iter 1 / 1 Rows = (0, 2), Count = 30.47M / 71.00M  
  Iter 1 / 1 Rows = (0, 2), Count = 30.63M / 71.00M  
  Iter 1 / 1 Rows = (0, 2), Count = 30.78M / 71.00M  
  Iter 1 / 1 Rows = (0, 2), Count = 30.94M / 71.00M  
  Iter 1 / 1 Rows = (0, 2), Count = 31.10M / 71.00M  
  Iter 1 / 1 Rows = (0, 2), Count = 31.26M / 71.00M  
  Iter 1 / 1 Rows = (0, 2), Count = 31.41M / 71.00M  
  Iter 1 / 1 Rows = (0, 2), Count = 31.57M / 71.00M  
  Iter 1 / 1 Rows = (0, 2), Count = 31.72M / 71.00M  
  Iter 1 / 1 Rows = (0, 2), Count = 31.88M / 71.00M  
  Iter 1 / 1 Rows = (0, 2), Count = 32.03M / 71.00M  
  Iter 1 / 1 Rows = (0, 2), Count = 32.20M / 71.00M  
  Iter 1 / 1 Rows = (0, 2), Count = 32.35M / 71.00M  
  Iter 1 / 1 Rows = (0, 2), Count = 32.51M / 71.00M  
  Iter 1 / 1 Rows = (0, 2), Count = 32.66M / 71.00M  
  Iter 1 / 1 Rows = (0, 2), Count = 32.81M / 71.00M  
  Iter 1 / 1 Rows = (0, 2), Count = 32.97M / 71.00M  
  Iter 1 / 1 Rows = (0, 2), Count = 33.12M / 71.00M  
  Iter 1 / 1 Rows = (0, 2), Count = 33.28M / 71.00M  
  Iter 1 / 1 Rows = (0, 2), Count = 33.45M / 71.00M  
  Iter 1 / 1 Rows = (0, 2), Count = 33.60M / 71.00M  
  Iter 1 / 1 Rows = (0, 2), Count = 33.78M / 71.00M  
  Iter 1 / 1 Rows = (0, 2), Count = 33.95M / 71.00M  
  Iter 1 / 1 Rows = (0, 2), Count = 34.10M / 71.00M  
  Iter 1 / 1 Rows = (0, 2), Count = 34.26M / 71.00M  
  Iter 1 / 1 Rows = (0, 2), Count = 34.41M / 71.00M  
  Iter 1 / 1 Rows = (0, 2), Count = 34.58M / 71.00M  
  Iter 1 / 1 Rows = (0, 2), Count = 34.74M / 71.00M  
  Iter 1 / 1 Rows = (0, 2), Count = 34.90M / 71.00M  
  Iter 1 / 1 Rows = (0, 2), Count = 35.07M / 71.00M  
  Iter 1 / 1 Rows = (0, 2), Count = 35.23M / 71.00M  
  Iter 1 / 1 Rows = (0, 2), Count = 35.39M / 71.00M  
  Iter 1 / 1 Rows = (0, 2), Count = 35.54M / 71.00M  
  Iter 1 / 1 Rows = (0, 2), Count = 35.70M / 71.00M  
  Iter 1 / 1 Rows = (0, 2), Count = 35.85M / 71.00M  
  Iter 1 / 1 Rows = (0, 2), Count = 36.00M / 71.00M  
  Iter 1 / 1 Rows = (0, 2), Count = 36.16M / 71.00M  
  Iter 1 / 1 Rows = (0, 2), Count = 36.31M / 71.00M  
  Iter 1 / 1 Rows = (0, 2), Count = 36.47M / 71.00M  
  Iter 1 / 1 Rows = (0, 2), Count = 36.62M / 71.00M  
  Iter 1 / 1 Rows = (0, 2), Count = 36.78M / 71.00M  
  Iter 1 / 1 Rows = (0, 2), Count = 36.93M / 71.00M  
  Iter 1 / 1 Rows = (0, 2), Count = 37.09M / 71.00M  
  Iter 1 / 1 Rows = (0, 2), Count = 37.25M / 71.00M  
  Iter 1 / 1 Rows = (0, 2), Count = 37.41M / 71.00M  
  Iter 1 / 1 Rows = (0, 2), Count = 37.57M / 71.00M  
  Iter 1 / 1 Rows = (0, 2), Count = 37.72M / 71.00M  
  Iter 1 / 1 Rows = (0, 2), Count = 37.88M / 71.00M  
  Iter 1 / 1 Rows = (0, 2), Count = 38.04M / 71.00M  
  Iter 1 / 1 Rows = (0, 2), Count = 38.20M / 71.00M  
  Iter 1 / 1 Rows = (0, 2), Count = 38.37M / 71.00M  
  Iter 1 / 1 Rows = (0, 2), Count = 38.53M / 71.00M  
  Iter 1 / 1 Rows = (0, 2), Count = 38.71M / 71.00M  
  Iter 1 / 1 Rows = (0, 2), Count = 38.88M / 71.00M  
  Iter 1 / 1 Rows = (0, 2), Count = 39.05M / 71.00M  
  Iter 1 / 1 Rows = (0, 2), Count = 39.20M / 71.00M  
  Iter 1 / 1 Rows = (0, 2), Count = 39.35M / 71.00M  
  Iter 1 / 1 Rows = (0, 2), Count = 39.51M / 71.00M  
  Iter 1 / 1 Rows = (0, 2), Count = 39.66M / 71.00M  
  Iter 1 / 1 Rows = (0, 2), Count = 39.82M / 71.00M  
  Iter 1 / 1 Rows = (0, 2), Count = 39.97M / 71.00M  
  Iter 1 / 1 Rows = (0, 2), Count = 40.13M / 71.00M  
  Iter 1 / 1 Rows = (0, 2), Count = 40.29M / 71.00M  
  Iter 1 / 1 Rows = (0, 2), Count = 40.46M / 71.00M  
  Iter 1 / 1 Rows = (0, 2), Count = 40.63M / 71.00M  
  Iter 1 / 1 Rows = (0, 2), Count = 40.80M / 71.00M  
  Iter 1 / 1 Rows = (0, 2), Count = 40.95M / 71.00M  
  Iter 1 / 1 Rows = (0, 2), Count = 41.10M / 71.00M  
  Iter 1 / 1 Rows = (0, 2), Count = 41.26M / 71.00M  
  Iter 1 / 1 Rows = (0, 2), Count = 41.41M / 71.00M  
  Iter 1 / 1 Rows = (0, 2), Count = 41.57M / 71.00M  
  Iter 1 / 1 Rows = (0, 2), Count = 41.72M / 71.00M  
  Iter 1 / 1 Rows = (0, 2), Count = 41.89M / 71.00M  
  Iter 1 / 1 Rows = (0, 2), Count = 42.04M / 71.00M  
  Iter 1 / 1 Rows = (0, 2), Count = 42.20M / 71.00M  
  Iter 1 / 1 Rows = (0, 2), Count = 42.36M / 71.00M  
  Iter 1 / 1 Rows = (0, 2), Count = 42.52M / 71.00M  
  Iter 1 / 1 Rows = (0, 2), Count = 42.69M / 71.00M  
  Iter 1 / 1 Rows = (0, 2), Count = 42.85M / 71.00M  
  Iter 1 / 1 Rows = (0, 2), Count = 43.01M / 71.00M  
  Iter 1 / 1 Rows = (0, 2), Count = 43.16M / 71.00M  
  Iter 1 / 1 Rows = (0, 2), Count = 43.32M / 71.00M  
  Iter 1 / 1 Rows = (0, 2), Count = 43.48M / 71.00M  
  Iter 1 / 1 Rows = (0, 2), Count = 43.64M / 71.00M  
  Iter 1 / 1 Rows = (0, 2), Count = 43.82M / 71.00M  
  Iter 1 / 1 Rows = (0, 2), Count = 43.99M / 71.00M  
  Iter 1 / 1 Rows = (0, 2), Count = 44.14M / 71.00M  
  Iter 1 / 1 Rows = (0, 2), Count = 44.31M / 71.00M  
  Iter 1 / 1 Rows = (0, 2), Count = 44.48M / 71.00M  
  Iter 1 / 1 Rows = (0, 2), Count = 44.64M / 71.00M  
  Iter 1 / 1 Rows = (0, 2), Count = 44.80M / 71.00M  
  Iter 1 / 1 Rows = (0, 2), Count = 44.97M / 71.00M  
  Iter 1 / 1 Rows = (0, 2), Count = 45.12M / 71.00M  
  Iter 1 / 1 Rows = (0, 2), Count = 45.27M / 71.00M  
  Iter 1 / 1 Rows = (0, 2), Count = 45.43M / 71.00M  
  Iter 1 / 1 Rows = (0, 2), Count = 45.58M / 71.00M  
  Iter 1 / 1 Rows = (0, 2), Count = 45.74M / 71.00M  
  Iter 1 / 1 Rows = (0, 2), Count = 45.89M / 71.00M  
  Iter 1 / 1 Rows = (0, 2), Count = 46.05M / 71.00M  
  Iter 1 / 1 Rows = (0, 2), Count = 46.22M / 71.00M  
  Iter 1 / 1 Rows = (0, 2), Count = 46.38M / 71.00M  
  Iter 1 / 1 Rows = (0, 2), Count = 46.54M / 71.00M  
  Iter 1 / 1 Rows = (0, 2), Count = 46.71M / 71.00M  
  Iter 1 / 1 Rows = (0, 2), Count = 46.87M / 71.00M  
  Iter 1 / 1 Rows = (0, 2), Count = 47.02M / 71.00M  
  Iter 1 / 1 Rows = (0, 2), Count = 47.18M / 71.00M  
  Iter 1 / 1 Rows = (0, 2), Count = 47.33M / 71.00M  
  Iter 1 / 1 Rows = (0, 2), Count = 47.49M / 71.00M  
  Iter 1 / 1 Rows = (0, 2), Count = 47.64M / 71.00M  
  Iter 1 / 1 Rows = (0, 2), Count = 47.80M / 71.00M  
  Iter 1 / 1 Rows = (0, 2), Count = 47.95M / 71.00M  
  Iter 1 / 1 Rows = (0, 2), Count = 48.11M / 71.00M  
  Iter 1 / 1 Rows = (0, 2), Count = 48.26M / 71.00M  
  Iter 1 / 1 Rows = (0, 2), Count = 48.41M / 71.00M  
  Iter 1 / 1 Rows = (0, 2), Count = 48.57M / 71.00M  
  Iter 1 / 1 Rows = (0, 2), Count = 48.72M / 71.00M  
  Iter 1 / 1 Rows = (0, 2), Count = 48.88M / 71.00M  
  Iter 1 / 1 Rows = (0, 2), Count = 49.05M / 71.00M  
  Iter 1 / 1 Rows = (0, 2), Count = 49.20M / 71.00M  
  Iter 1 / 1 Rows = (0, 2), Count = 49.36M / 71.00M  
  Iter 1 / 1 Rows = (0, 2), Count = 49.52M / 71.00M  
  Iter 1 / 1 Rows = (0, 2), Count = 49.68M / 71.00M  
  Iter 1 / 1 Rows = (0, 2), Count = 49.83M / 71.00M  
  Iter 1 / 1 Rows = (0, 2), Count = 49.98M / 71.00M  
  Iter 1 / 1 Rows = (0, 2), Count = 50.14M / 71.00M  
  Iter 1 / 1 Rows = (0, 2), Count = 50.29M / 71.00M  
  Iter 1 / 1 Rows = (0, 2), Count = 50.45M / 71.00M  
  Iter 1 / 1 Rows = (0, 2), Count = 50.61M / 71.00M  
  Iter 1 / 1 Rows = (0, 2), Count = 50.77M / 71.00M  
  Iter 1 / 1 Rows = (0, 2), Count = 50.92M / 71.00M  
  Iter 1 / 1 Rows = (0, 2), Count = 51.08M / 71.00M  
  Iter 1 / 1 Rows = (0, 2), Count = 51.24M / 71.00M  
  Iter 1 / 1 Rows = (0, 2), Count = 51.40M / 71.00M  
  Iter 1 / 1 Rows = (0, 2), Count = 51.56M / 71.00M  
  Iter 1 / 1 Rows = (0, 2), Count = 51.71M / 71.00M  
  Iter 1 / 1 Rows = (0, 2), Count = 51.88M / 71.00M  
  Iter 1 / 1 Rows = (0, 2), Count = 52.05M / 71.00M  
  Iter 1 / 1 Rows = (0, 2), Count = 52.21M / 71.00M  
  Iter 1 / 1 Rows = (0, 2), Count = 52.37M / 71.00M  
  Iter 1 / 1 Rows = (0, 2), Count = 52.54M / 71.00M  
  Iter 1 / 1 Rows = (0, 2), Count = 52.70M / 71.00M  
  Iter 1 / 1 Rows = (0, 2), Count = 52.87M / 71.00M  
  Iter 1 / 1 Rows = (0, 2), Count = 53.02M / 71.00M  
  Iter 1 / 1 Rows = (0, 2), Count = 53.18M / 71.00M  
  Iter 1 / 1 Rows = (0, 2), Count = 53.33M / 71.00M  
  Iter 1 / 1 Rows = (0, 2), Count = 53.49M / 71.00M  
  Iter 1 / 1 Rows = (0, 2), Count = 53.64M / 71.00M  
  Iter 1 / 1 Rows = (0, 2), Count = 53.81M / 71.00M  
  Iter 1 / 1 Rows = (0, 2), Count = 53.98M / 71.00M  
  Iter 1 / 1 Rows = (0, 2), Count = 54.13M / 71.00M  
  Iter 1 / 1 Rows = (0, 2), Count = 54.30M / 71.00M  
  Iter 1 / 1 Rows = (0, 2), Count = 54.47M / 71.00M  
  Iter 1 / 1 Rows = (0, 2), Count = 54.63M / 71.00M  
  Iter 1 / 1 Rows = (0, 2), Count = 54.79M / 71.00M  
  Iter 1 / 1 Rows = (0, 2), Count = 54.95M / 71.00M  
  Iter 1 / 1 Rows = (0, 2), Count = 55.11M / 71.00M  
  Iter 1 / 1 Rows = (0, 2), Count = 55.26M / 71.00M  
  Iter 1 / 1 Rows = (0, 2), Count = 55.41M / 71.00M  
  Iter 1 / 1 Rows = (0, 2), Count = 55.57M / 71.00M  
  Iter 1 / 1 Rows = (0, 2), Count = 55.72M / 71.00M  
  Iter 1 / 1 Rows = (0, 2), Count = 55.88M / 71.00M  
  Iter 1 / 1 Rows = (0, 2), Count = 56.03M / 71.00M  
  Iter 1 / 1 Rows = (0, 2), Count = 56.19M / 71.00M  
  Iter 1 / 1 Rows = (0, 2), Count = 56.34M / 71.00M  
  Iter 1 / 1 Rows = (0, 2), Count = 56.50M / 71.00M  
  Iter 1 / 1 Rows = (0, 2), Count = 56.65M / 71.00M  
  Iter 1 / 1 Rows = (0, 2), Count = 56.81M / 71.00M  
  Iter 1 / 1 Rows = (0, 2), Count = 56.96M / 71.00M  
  Iter 1 / 1 Rows = (0, 2), Count = 57.12M / 71.00M  
  Iter 1 / 1 Rows = (0, 2), Count = 57.27M / 71.00M  
  Iter 1 / 1 Rows = (0, 2), Count = 57.42M / 71.00M  
  Iter 1 / 1 Rows = (0, 2), Count = 57.58M / 71.00M  
  Iter 1 / 1 Rows = (0, 2), Count = 57.73M / 71.00M  
  Iter 1 / 1 Rows = (0, 2), Count = 57.89M / 71.00M  
  Iter 1 / 1 Rows = (0, 2), Count = 58.04M / 71.00M  
  Iter 1 / 1 Rows = (0, 2), Count = 58.20M / 71.00M  
  Iter 1 / 1 Rows = (0, 2), Count = 58.35M / 71.00M  
  Iter 1 / 1 Rows = (0, 2), Count = 58.51M / 71.00M  
  Iter 1 / 1 Rows = (0, 2), Count = 58.66M / 71.00M  
  Iter 1 / 1 Rows = (0, 2), Count = 58.82M / 71.00M  
  Iter 1 / 1 Rows = (0, 2), Count = 58.98M / 71.00M  
  Iter 1 / 1 Rows = (0, 2), Count = 59.17M / 71.00M  
  Iter 1 / 1 Rows = (0, 2), Count = 59.34M / 71.00M  
  Iter 1 / 1 Rows = (0, 2), Count = 59.49M / 71.00M  
  Iter 1 / 1 Rows = (0, 2), Count = 59.65M / 71.00M  
  Iter 1 / 1 Rows = (0, 2), Count = 59.81M / 71.00M  
  Iter 1 / 1 Rows = (0, 2), Count = 59.96M / 71.00M  
  Iter 1 / 1 Rows = (0, 2), Count = 60.13M / 71.00M  
  Iter 1 / 1 Rows = (0, 2), Count = 60.28M / 71.00M  
  Iter 1 / 1 Rows = (0, 2), Count = 60.44M / 71.00M  
  Iter 1 / 1 Rows = (0, 2), Count = 60.59M / 71.00M  
  Iter 1 / 1 Rows = (0, 2), Count = 60.74M / 71.00M  
  Iter 1 / 1 Rows = (0, 2), Count = 60.90M / 71.00M  
  Iter 1 / 1 Rows = (0, 2), Count = 61.06M / 71.00M  
  Iter 1 / 1 Rows = (0, 2), Count = 61.21M / 71.00M  
  Iter 1 / 1 Rows = (0, 2), Count = 61.36M / 71.00M  
  Iter 1 / 1 Rows = (0, 2), Count = 61.52M / 71.00M  
  Iter 1 / 1 Rows = (0, 2), Count = 61.67M / 71.00M  
  Iter 1 / 1 Rows = (0, 2), Count = 61.83M / 71.00M  
  Iter 1 / 1 Rows = (0, 2), Count = 61.98M / 71.00M  
  Iter 1 / 1 Rows = (0, 2), Count = 62.13M / 71.00M  
  Iter 1 / 1 Rows = (0, 2), Count = 62.29M / 71.00M  
  Iter 1 / 1 Rows = (0, 2), Count = 62.44M / 71.00M  
  Iter 1 / 1 Rows = (0, 2), Count = 62.60M / 71.00M  
  Iter 1 / 1 Rows = (0, 2), Count = 62.76M / 71.00M  
  Iter 1 / 1 Rows = (0, 2), Count = 62.91M / 71.00M  
  Iter 1 / 1 Rows = (0, 2), Count = 63.07M / 71.00M  
  Iter 1 / 1 Rows = (0, 2), Count = 63.23M / 71.00M  
  Iter 1 / 1 Rows = (0, 2), Count = 63.39M / 71.00M  
  Iter 1 / 1 Rows = (0, 2), Count = 63.55M / 71.00M  
  Iter 1 / 1 Rows = (0, 2), Count = 63.71M / 71.00M  
  Iter 1 / 1 Rows = (0, 2), Count = 63.86M / 71.00M  
  Iter 1 / 1 Rows = (0, 2), Count = 64.02M / 71.00M  
  Iter 1 / 1 Rows = (0, 2), Count = 64.17M / 71.00M  
  Iter 1 / 1 Rows = (0, 2), Count = 64.33M / 71.00M  
  Iter 1 / 1 Rows = (0, 2), Count = 64.49M / 71.00M  
  Iter 1 / 1 Rows = (0, 2), Count = 64.65M / 71.00M  
  Iter 1 / 1 Rows = (0, 2), Count = 64.80M / 71.00M  
  Iter 1 / 1 Rows = (0, 2), Count = 64.96M / 71.00M  
  Iter 1 / 1 Rows = (0, 2), Count = 65.12M / 71.00M  
  Iter 1 / 1 Rows = (0, 2), Count = 65.28M / 71.00M  
  Iter 1 / 1 Rows = (0, 2), Count = 65.43M / 71.00M  
  Iter 1 / 1 Rows = (0, 2), Count = 65.58M / 71.00M  
  Iter 1 / 1 Rows = (0, 2), Count = 65.74M / 71.00M  
  Iter 1 / 1 Rows = (0, 2), Count = 65.89M / 71.00M  
  Iter 1 / 1 Rows = (0, 2), Count = 66.05M / 71.00M  
  Iter 1 / 1 Rows = (0, 2), Count = 66.20M / 71.00M  
  Iter 1 / 1 Rows = (0, 2), Count = 66.36M / 71.00M  
  Iter 1 / 1 Rows = (0, 2), Count = 66.51M / 71.00M  
  Iter 1 / 1 Rows = (0, 2), Count = 66.67M / 71.00M  
  Iter 1 / 1 Rows = (0, 2), Count = 66.83M / 71.00M  
  Iter 1 / 1 Rows = (0, 2), Count = 66.99M / 71.00M  
  Iter 1 / 1 Rows = (0, 2), Count = 67.15M / 71.00M  
  Iter 1 / 1 Rows = (0, 2), Count = 67.31M / 71.00M  
  Iter 1 / 1 Rows = (0, 2), Count = 67.47M / 71.00M  
  Iter 1 / 1 Rows = (0, 2), Count = 67.62M / 71.00M  
  Iter 1 / 1 Rows = (0, 2), Count = 67.77M / 71.00M  
  Iter 1 / 1 Rows = (0, 2), Count = 67.93M / 71.00M  
  Iter 1 / 1 Rows = (0, 2), Count = 68.08M / 71.00M  
  Iter 1 / 1 Rows = (0, 2), Count = 68.24M / 71.00M  
  Iter 1 / 1 Rows = (0, 2), Count = 68.39M / 71.00M  
  Iter 1 / 1 Rows = (0, 2), Count = 68.55M / 71.00M  
  Iter 1 / 1 Rows = (0, 2), Count = 68.70M / 71.00M  
  Iter 1 / 1 Rows = (0, 2), Count = 68.85M / 71.00M  
  Iter 1 / 1 Rows = (0, 2), Count = 69.01M / 71.00M  
  Iter 1 / 1 Rows = (0, 2), Count = 69.16M / 71.00M  
  Iter 1 / 1 Rows = (0, 2), Count = 69.32M / 71.00M  
  Iter 1 / 1 Rows = (0, 2), Count = 69.47M / 71.00M  
  Iter 1 / 1 Rows = (0, 2), Count = 69.63M / 71.00M  
  Iter 1 / 1 Rows = (0, 2), Count = 69.78M / 71.00M  
  Iter 1 / 1 Rows = (0, 2), Count = 69.93M / 71.00M  
  Iter 1 / 1 Rows = (0, 2), Count = 70.09M / 71.00M  
  Iter 1 / 1 Rows = (0, 2), Count = 70.25M / 71.00M  
  Iter 1 / 1 Rows = (0, 2), Count = 70.41M / 71.00M  
  Iter 1 / 1 Rows = (0, 2), Count = 70.57M / 71.00M  
  Iter 1 / 1 Rows = (0, 2), Count = 70.72M / 71.00M  
  Iter 1 / 1 Rows = (0, 2), Count = 70.89M / 71.00M  
  Iter 1 / 1 Rows = (0, 2), Count = 71.00M / 71.00M  

Verifying attacked memory ...
OK

Preparing ...
WARNING: only single word patterns supported, using: 0xaaaaaaaa

Filling memory with data ...

Verifying written memory ...
OK

Running Rowhammer attacks ...
read_count: 81000000
  Iter 1 / 1 Rows = (0, 2), Count =  0.00M / 81.00M  
  Iter 1 / 1 Rows = (0, 2), Count =  0.16M / 81.00M  
  Iter 1 / 1 Rows = (0, 2), Count =  0.31M / 81.00M  
  Iter 1 / 1 Rows = (0, 2), Count =  0.47M / 81.00M  
  Iter 1 / 1 Rows = (0, 2), Count =  0.63M / 81.00M  
  Iter 1 / 1 Rows = (0, 2), Count =  0.79M / 81.00M  
  Iter 1 / 1 Rows = (0, 2), Count =  0.95M / 81.00M  
  Iter 1 / 1 Rows = (0, 2), Count =  1.10M / 81.00M  
  Iter 1 / 1 Rows = (0, 2), Count =  1.27M / 81.00M  
  Iter 1 / 1 Rows = (0, 2), Count =  1.42M / 81.00M  
  Iter 1 / 1 Rows = (0, 2), Count =  1.58M / 81.00M  
  Iter 1 / 1 Rows = (0, 2), Count =  1.73M / 81.00M  
  Iter 1 / 1 Rows = (0, 2), Count =  1.90M / 81.00M  
  Iter 1 / 1 Rows = (0, 2), Count =  2.07M / 81.00M  
  Iter 1 / 1 Rows = (0, 2), Count =  2.24M / 81.00M  
  Iter 1 / 1 Rows = (0, 2), Count =  2.40M / 81.00M  
  Iter 1 / 1 Rows = (0, 2), Count =  2.57M / 81.00M  
  Iter 1 / 1 Rows = (0, 2), Count =  2.74M / 81.00M  
  Iter 1 / 1 Rows = (0, 2), Count =  2.89M / 81.00M  
  Iter 1 / 1 Rows = (0, 2), Count =  3.04M / 81.00M  
  Iter 1 / 1 Rows = (0, 2), Count =  3.19M / 81.00M  
  Iter 1 / 1 Rows = (0, 2), Count =  3.35M / 81.00M  
  Iter 1 / 1 Rows = (0, 2), Count =  3.50M / 81.00M  
  Iter 1 / 1 Rows = (0, 2), Count =  3.66M / 81.00M  
  Iter 1 / 1 Rows = (0, 2), Count =  3.81M / 81.00M  
  Iter 1 / 1 Rows = (0, 2), Count =  3.97M / 81.00M  
  Iter 1 / 1 Rows = (0, 2), Count =  4.12M / 81.00M  
  Iter 1 / 1 Rows = (0, 2), Count =  4.27M / 81.00M  
  Iter 1 / 1 Rows = (0, 2), Count =  4.43M / 81.00M  
  Iter 1 / 1 Rows = (0, 2), Count =  4.58M / 81.00M  
  Iter 1 / 1 Rows = (0, 2), Count =  4.74M / 81.00M  
  Iter 1 / 1 Rows = (0, 2), Count =  4.89M / 81.00M  
  Iter 1 / 1 Rows = (0, 2), Count =  5.05M / 81.00M  
  Iter 1 / 1 Rows = (0, 2), Count =  5.21M / 81.00M  
  Iter 1 / 1 Rows = (0, 2), Count =  5.36M / 81.00M  
  Iter 1 / 1 Rows = (0, 2), Count =  5.51M / 81.00M  
  Iter 1 / 1 Rows = (0, 2), Count =  5.67M / 81.00M  
  Iter 1 / 1 Rows = (0, 2), Count =  5.82M / 81.00M  
  Iter 1 / 1 Rows = (0, 2), Count =  5.98M / 81.00M  
  Iter 1 / 1 Rows = (0, 2), Count =  6.13M / 81.00M  
  Iter 1 / 1 Rows = (0, 2), Count =  6.29M / 81.00M  
  Iter 1 / 1 Rows = (0, 2), Count =  6.44M / 81.00M  
  Iter 1 / 1 Rows = (0, 2), Count =  6.59M / 81.00M  
  Iter 1 / 1 Rows = (0, 2), Count =  6.75M / 81.00M  
  Iter 1 / 1 Rows = (0, 2), Count =  6.90M / 81.00M  
  Iter 1 / 1 Rows = (0, 2), Count =  7.06M / 81.00M  
  Iter 1 / 1 Rows = (0, 2), Count =  7.21M / 81.00M  
  Iter 1 / 1 Rows = (0, 2), Count =  7.37M / 81.00M  
  Iter 1 / 1 Rows = (0, 2), Count =  7.54M / 81.00M  
  Iter 1 / 1 Rows = (0, 2), Count =  7.70M / 81.00M  
  Iter 1 / 1 Rows = (0, 2), Count =  7.86M / 81.00M  
  Iter 1 / 1 Rows = (0, 2), Count =  8.03M / 81.00M  
  Iter 1 / 1 Rows = (0, 2), Count =  8.18M / 81.00M  
  Iter 1 / 1 Rows = (0, 2), Count =  8.36M / 81.00M  
  Iter 1 / 1 Rows = (0, 2), Count =  8.53M / 81.00M  
  Iter 1 / 1 Rows = (0, 2), Count =  8.69M / 81.00M  
  Iter 1 / 1 Rows = (0, 2), Count =  8.85M / 81.00M  
  Iter 1 / 1 Rows = (0, 2), Count =  9.01M / 81.00M  
  Iter 1 / 1 Rows = (0, 2), Count =  9.17M / 81.00M  
  Iter 1 / 1 Rows = (0, 2), Count =  9.34M / 81.00M  
  Iter 1 / 1 Rows = (0, 2), Count =  9.51M / 81.00M  
  Iter 1 / 1 Rows = (0, 2), Count =  9.66M / 81.00M  
  Iter 1 / 1 Rows = (0, 2), Count =  9.82M / 81.00M  
  Iter 1 / 1 Rows = (0, 2), Count =  9.98M / 81.00M  
  Iter 1 / 1 Rows = (0, 2), Count = 10.14M / 81.00M  
  Iter 1 / 1 Rows = (0, 2), Count = 10.29M / 81.00M  
  Iter 1 / 1 Rows = (0, 2), Count = 10.45M / 81.00M  
  Iter 1 / 1 Rows = (0, 2), Count = 10.61M / 81.00M  
  Iter 1 / 1 Rows = (0, 2), Count = 10.77M / 81.00M  
  Iter 1 / 1 Rows = (0, 2), Count = 10.94M / 81.00M  
  Iter 1 / 1 Rows = (0, 2), Count = 11.10M / 81.00M  
  Iter 1 / 1 Rows = (0, 2), Count = 11.27M / 81.00M  
  Iter 1 / 1 Rows = (0, 2), Count = 11.44M / 81.00M  
  Iter 1 / 1 Rows = (0, 2), Count = 11.59M / 81.00M  
  Iter 1 / 1 Rows = (0, 2), Count = 11.75M / 81.00M  
  Iter 1 / 1 Rows = (0, 2), Count = 11.91M / 81.00M  
  Iter 1 / 1 Rows = (0, 2), Count = 12.08M / 81.00M  
  Iter 1 / 1 Rows = (0, 2), Count = 12.24M / 81.00M  
  Iter 1 / 1 Rows = (0, 2), Count = 12.40M / 81.00M  
  Iter 1 / 1 Rows = (0, 2), Count = 12.57M / 81.00M  
  Iter 1 / 1 Rows = (0, 2), Count = 12.74M / 81.00M  
  Iter 1 / 1 Rows = (0, 2), Count = 12.89M / 81.00M  
  Iter 1 / 1 Rows = (0, 2), Count = 13.06M / 81.00M  
  Iter 1 / 1 Rows = (0, 2), Count = 13.24M / 81.00M  
  Iter 1 / 1 Rows = (0, 2), Count = 13.39M / 81.00M  
  Iter 1 / 1 Rows = (0, 2), Count = 13.55M / 81.00M  
  Iter 1 / 1 Rows = (0, 2), Count = 13.70M / 81.00M  
  Iter 1 / 1 Rows = (0, 2), Count = 13.86M / 81.00M  
  Iter 1 / 1 Rows = (0, 2), Count = 14.01M / 81.00M  
  Iter 1 / 1 Rows = (0, 2), Count = 14.17M / 81.00M  
  Iter 1 / 1 Rows = (0, 2), Count = 14.32M / 81.00M  
  Iter 1 / 1 Rows = (0, 2), Count = 14.49M / 81.00M  
  Iter 1 / 1 Rows = (0, 2), Count = 14.67M / 81.00M  
  Iter 1 / 1 Rows = (0, 2), Count = 14.82M / 81.00M  
  Iter 1 / 1 Rows = (0, 2), Count = 14.99M / 81.00M  
  Iter 1 / 1 Rows = (0, 2), Count = 15.14M / 81.00M  
  Iter 1 / 1 Rows = (0, 2), Count = 15.30M / 81.00M  
  Iter 1 / 1 Rows = (0, 2), Count = 15.45M / 81.00M  
  Iter 1 / 1 Rows = (0, 2), Count = 15.60M / 81.00M  
  Iter 1 / 1 Rows = (0, 2), Count = 15.76M / 81.00M  
  Iter 1 / 1 Rows = (0, 2), Count = 15.92M / 81.00M  
  Iter 1 / 1 Rows = (0, 2), Count = 16.07M / 81.00M  
  Iter 1 / 1 Rows = (0, 2), Count = 16.23M / 81.00M  
  Iter 1 / 1 Rows = (0, 2), Count = 16.38M / 81.00M  
  Iter 1 / 1 Rows = (0, 2), Count = 16.55M / 81.00M  
  Iter 1 / 1 Rows = (0, 2), Count = 16.70M / 81.00M  
  Iter 1 / 1 Rows = (0, 2), Count = 16.85M / 81.00M  
  Iter 1 / 1 Rows = (0, 2), Count = 17.01M / 81.00M  
  Iter 1 / 1 Rows = (0, 2), Count = 17.16M / 81.00M  
  Iter 1 / 1 Rows = (0, 2), Count = 17.31M / 81.00M  
  Iter 1 / 1 Rows = (0, 2), Count = 17.47M / 81.00M  
  Iter 1 / 1 Rows = (0, 2), Count = 17.63M / 81.00M  
  Iter 1 / 1 Rows = (0, 2), Count = 17.78M / 81.00M  
  Iter 1 / 1 Rows = (0, 2), Count = 17.93M / 81.00M  
  Iter 1 / 1 Rows = (0, 2), Count = 18.09M / 81.00M  
  Iter 1 / 1 Rows = (0, 2), Count = 18.25M / 81.00M  
  Iter 1 / 1 Rows = (0, 2), Count = 18.41M / 81.00M  
  Iter 1 / 1 Rows = (0, 2), Count = 18.57M / 81.00M  
  Iter 1 / 1 Rows = (0, 2), Count = 18.72M / 81.00M  
  Iter 1 / 1 Rows = (0, 2), Count = 18.88M / 81.00M  
  Iter 1 / 1 Rows = (0, 2), Count = 19.03M / 81.00M  
  Iter 1 / 1 Rows = (0, 2), Count = 19.18M / 81.00M  
  Iter 1 / 1 Rows = (0, 2), Count = 19.34M / 81.00M  
  Iter 1 / 1 Rows = (0, 2), Count = 19.50M / 81.00M  
  Iter 1 / 1 Rows = (0, 2), Count = 19.65M / 81.00M  
  Iter 1 / 1 Rows = (0, 2), Count = 19.80M / 81.00M  
  Iter 1 / 1 Rows = (0, 2), Count = 19.96M / 81.00M  
  Iter 1 / 1 Rows = (0, 2), Count = 20.11M / 81.00M  
  Iter 1 / 1 Rows = (0, 2), Count = 20.29M / 81.00M  
  Iter 1 / 1 Rows = (0, 2), Count = 20.45M / 81.00M  
  Iter 1 / 1 Rows = (0, 2), Count = 20.60M / 81.00M  
  Iter 1 / 1 Rows = (0, 2), Count = 20.76M / 81.00M  
  Iter 1 / 1 Rows = (0, 2), Count = 20.91M / 81.00M  
  Iter 1 / 1 Rows = (0, 2), Count = 21.06M / 81.00M  
  Iter 1 / 1 Rows = (0, 2), Count = 21.22M / 81.00M  
  Iter 1 / 1 Rows = (0, 2), Count = 21.38M / 81.00M  
  Iter 1 / 1 Rows = (0, 2), Count = 21.54M / 81.00M  
  Iter 1 / 1 Rows = (0, 2), Count = 21.71M / 81.00M  
  Iter 1 / 1 Rows = (0, 2), Count = 21.86M / 81.00M  
  Iter 1 / 1 Rows = (0, 2), Count = 22.02M / 81.00M  
  Iter 1 / 1 Rows = (0, 2), Count = 22.17M / 81.00M  
  Iter 1 / 1 Rows = (0, 2), Count = 22.35M / 81.00M  
  Iter 1 / 1 Rows = (0, 2), Count = 22.51M / 81.00M  
  Iter 1 / 1 Rows = (0, 2), Count = 22.66M / 81.00M  
  Iter 1 / 1 Rows = (0, 2), Count = 22.82M / 81.00M  
  Iter 1 / 1 Rows = (0, 2), Count = 22.98M / 81.00M  
  Iter 1 / 1 Rows = (0, 2), Count = 23.14M / 81.00M  
  Iter 1 / 1 Rows = (0, 2), Count = 23.29M / 81.00M  
  Iter 1 / 1 Rows = (0, 2), Count = 23.46M / 81.00M  
  Iter 1 / 1 Rows = (0, 2), Count = 23.62M / 81.00M  
  Iter 1 / 1 Rows = (0, 2), Count = 23.78M / 81.00M  
  Iter 1 / 1 Rows = (0, 2), Count = 23.93M / 81.00M  
  Iter 1 / 1 Rows = (0, 2), Count = 24.09M / 81.00M  
  Iter 1 / 1 Rows = (0, 2), Count = 24.25M / 81.00M  
  Iter 1 / 1 Rows = (0, 2), Count = 24.40M / 81.00M  
  Iter 1 / 1 Rows = (0, 2), Count = 24.55M / 81.00M  
  Iter 1 / 1 Rows = (0, 2), Count = 24.71M / 81.00M  
  Iter 1 / 1 Rows = (0, 2), Count = 24.88M / 81.00M  
  Iter 1 / 1 Rows = (0, 2), Count = 25.03M / 81.00M  
  Iter 1 / 1 Rows = (0, 2), Count = 25.18M / 81.00M  
  Iter 1 / 1 Rows = (0, 2), Count = 25.34M / 81.00M  
  Iter 1 / 1 Rows = (0, 2), Count = 25.49M / 81.00M  
  Iter 1 / 1 Rows = (0, 2), Count = 25.65M / 81.00M  
  Iter 1 / 1 Rows = (0, 2), Count = 25.80M / 81.00M  
  Iter 1 / 1 Rows = (0, 2), Count = 25.96M / 81.00M  
  Iter 1 / 1 Rows = (0, 2), Count = 26.11M / 81.00M  
  Iter 1 / 1 Rows = (0, 2), Count = 26.27M / 81.00M  
  Iter 1 / 1 Rows = (0, 2), Count = 26.43M / 81.00M  
  Iter 1 / 1 Rows = (0, 2), Count = 26.59M / 81.00M  
  Iter 1 / 1 Rows = (0, 2), Count = 26.74M / 81.00M  
  Iter 1 / 1 Rows = (0, 2), Count = 26.90M / 81.00M  
  Iter 1 / 1 Rows = (0, 2), Count = 27.05M / 81.00M  
  Iter 1 / 1 Rows = (0, 2), Count = 27.21M / 81.00M  
  Iter 1 / 1 Rows = (0, 2), Count = 27.36M / 81.00M  
  Iter 1 / 1 Rows = (0, 2), Count = 27.51M / 81.00M  
  Iter 1 / 1 Rows = (0, 2), Count = 27.67M / 81.00M  
  Iter 1 / 1 Rows = (0, 2), Count = 27.82M / 81.00M  
  Iter 1 / 1 Rows = (0, 2), Count = 27.98M / 81.00M  
  Iter 1 / 1 Rows = (0, 2), Count = 28.13M / 81.00M  
  Iter 1 / 1 Rows = (0, 2), Count = 28.29M / 81.00M  
  Iter 1 / 1 Rows = (0, 2), Count = 28.44M / 81.00M  
  Iter 1 / 1 Rows = (0, 2), Count = 28.60M / 81.00M  
  Iter 1 / 1 Rows = (0, 2), Count = 28.75M / 81.00M  
  Iter 1 / 1 Rows = (0, 2), Count = 28.90M / 81.00M  
  Iter 1 / 1 Rows = (0, 2), Count = 29.06M / 81.00M  
  Iter 1 / 1 Rows = (0, 2), Count = 29.22M / 81.00M  
  Iter 1 / 1 Rows = (0, 2), Count = 29.38M / 81.00M  
  Iter 1 / 1 Rows = (0, 2), Count = 29.53M / 81.00M  
  Iter 1 / 1 Rows = (0, 2), Count = 29.69M / 81.00M  
  Iter 1 / 1 Rows = (0, 2), Count = 29.84M / 81.00M  
  Iter 1 / 1 Rows = (0, 2), Count = 30.00M / 81.00M  
  Iter 1 / 1 Rows = (0, 2), Count = 30.15M / 81.00M  
  Iter 1 / 1 Rows = (0, 2), Count = 30.32M / 81.00M  
  Iter 1 / 1 Rows = (0, 2), Count = 30.47M / 81.00M  
  Iter 1 / 1 Rows = (0, 2), Count = 30.63M / 81.00M  
  Iter 1 / 1 Rows = (0, 2), Count = 30.78M / 81.00M  
  Iter 1 / 1 Rows = (0, 2), Count = 30.94M / 81.00M  
  Iter 1 / 1 Rows = (0, 2), Count = 31.11M / 81.00M  
  Iter 1 / 1 Rows = (0, 2), Count = 31.26M / 81.00M  
  Iter 1 / 1 Rows = (0, 2), Count = 31.41M / 81.00M  
  Iter 1 / 1 Rows = (0, 2), Count = 31.57M / 81.00M  
  Iter 1 / 1 Rows = (0, 2), Count = 31.72M / 81.00M  
  Iter 1 / 1 Rows = (0, 2), Count = 31.88M / 81.00M  
  Iter 1 / 1 Rows = (0, 2), Count = 32.03M / 81.00M  
  Iter 1 / 1 Rows = (0, 2), Count = 32.19M / 81.00M  
  Iter 1 / 1 Rows = (0, 2), Count = 32.34M / 81.00M  
  Iter 1 / 1 Rows = (0, 2), Count = 32.49M / 81.00M  
  Iter 1 / 1 Rows = (0, 2), Count = 32.65M / 81.00M  
  Iter 1 / 1 Rows = (0, 2), Count = 32.80M / 81.00M  
  Iter 1 / 1 Rows = (0, 2), Count = 32.96M / 81.00M  
  Iter 1 / 1 Rows = (0, 2), Count = 33.11M / 81.00M  
  Iter 1 / 1 Rows = (0, 2), Count = 33.27M / 81.00M  
  Iter 1 / 1 Rows = (0, 2), Count = 33.45M / 81.00M  
  Iter 1 / 1 Rows = (0, 2), Count = 33.60M / 81.00M  
  Iter 1 / 1 Rows = (0, 2), Count = 33.76M / 81.00M  
  Iter 1 / 1 Rows = (0, 2), Count = 33.94M / 81.00M  
  Iter 1 / 1 Rows = (0, 2), Count = 34.10M / 81.00M  
  Iter 1 / 1 Rows = (0, 2), Count = 34.26M / 81.00M  
  Iter 1 / 1 Rows = (0, 2), Count = 34.41M / 81.00M  
  Iter 1 / 1 Rows = (0, 2), Count = 34.57M / 81.00M  
  Iter 1 / 1 Rows = (0, 2), Count = 34.74M / 81.00M  
  Iter 1 / 1 Rows = (0, 2), Count = 34.89M / 81.00M  
  Iter 1 / 1 Rows = (0, 2), Count = 35.04M / 81.00M  
  Iter 1 / 1 Rows = (0, 2), Count = 35.20M / 81.00M  
  Iter 1 / 1 Rows = (0, 2), Count = 35.35M / 81.00M  
  Iter 1 / 1 Rows = (0, 2), Count = 35.51M / 81.00M  
  Iter 1 / 1 Rows = (0, 2), Count = 35.66M / 81.00M  
  Iter 1 / 1 Rows = (0, 2), Count = 35.83M / 81.00M  
  Iter 1 / 1 Rows = (0, 2), Count = 35.99M / 81.00M  
  Iter 1 / 1 Rows = (0, 2), Count = 36.15M / 81.00M  
  Iter 1 / 1 Rows = (0, 2), Count = 36.31M / 81.00M  
  Iter 1 / 1 Rows = (0, 2), Count = 36.46M / 81.00M  
  Iter 1 / 1 Rows = (0, 2), Count = 36.61M / 81.00M  
  Iter 1 / 1 Rows = (0, 2), Count = 36.77M / 81.00M  
  Iter 1 / 1 Rows = (0, 2), Count = 36.92M / 81.00M  
  Iter 1 / 1 Rows = (0, 2), Count = 37.08M / 81.00M  
  Iter 1 / 1 Rows = (0, 2), Count = 37.23M / 81.00M  
  Iter 1 / 1 Rows = (0, 2), Count = 37.38M / 81.00M  
  Iter 1 / 1 Rows = (0, 2), Count = 37.54M / 81.00M  
  Iter 1 / 1 Rows = (0, 2), Count = 37.69M / 81.00M  
  Iter 1 / 1 Rows = (0, 2), Count = 37.85M / 81.00M  
  Iter 1 / 1 Rows = (0, 2), Count = 38.00M / 81.00M  
  Iter 1 / 1 Rows = (0, 2), Count = 38.16M / 81.00M  
  Iter 1 / 1 Rows = (0, 2), Count = 38.31M / 81.00M  
  Iter 1 / 1 Rows = (0, 2), Count = 38.48M / 81.00M  
  Iter 1 / 1 Rows = (0, 2), Count = 38.64M / 81.00M  
  Iter 1 / 1 Rows = (0, 2), Count = 38.80M / 81.00M  
  Iter 1 / 1 Rows = (0, 2), Count = 38.97M / 81.00M  
  Iter 1 / 1 Rows = (0, 2), Count = 39.13M / 81.00M  
  Iter 1 / 1 Rows = (0, 2), Count = 39.29M / 81.00M  
  Iter 1 / 1 Rows = (0, 2), Count = 39.46M / 81.00M  
  Iter 1 / 1 Rows = (0, 2), Count = 39.61M / 81.00M  
  Iter 1 / 1 Rows = (0, 2), Count = 39.77M / 81.00M  
  Iter 1 / 1 Rows = (0, 2), Count = 39.92M / 81.00M  
  Iter 1 / 1 Rows = (0, 2), Count = 40.08M / 81.00M  
  Iter 1 / 1 Rows = (0, 2), Count = 40.25M / 81.00M  
  Iter 1 / 1 Rows = (0, 2), Count = 40.41M / 81.00M  
  Iter 1 / 1 Rows = (0, 2), Count = 40.57M / 81.00M  
  Iter 1 / 1 Rows = (0, 2), Count = 40.73M / 81.00M  
  Iter 1 / 1 Rows = (0, 2), Count = 40.89M / 81.00M  
  Iter 1 / 1 Rows = (0, 2), Count = 41.04M / 81.00M  
  Iter 1 / 1 Rows = (0, 2), Count = 41.21M / 81.00M  
  Iter 1 / 1 Rows = (0, 2), Count = 41.37M / 81.00M  
  Iter 1 / 1 Rows = (0, 2), Count = 41.53M / 81.00M  
  Iter 1 / 1 Rows = (0, 2), Count = 41.69M / 81.00M  
  Iter 1 / 1 Rows = (0, 2), Count = 41.84M / 81.00M  
  Iter 1 / 1 Rows = (0, 2), Count = 42.01M / 81.00M  
  Iter 1 / 1 Rows = (0, 2), Count = 42.17M / 81.00M  
  Iter 1 / 1 Rows = (0, 2), Count = 42.33M / 81.00M  
  Iter 1 / 1 Rows = (0, 2), Count = 42.49M / 81.00M  
  Iter 1 / 1 Rows = (0, 2), Count = 42.65M / 81.00M  
  Iter 1 / 1 Rows = (0, 2), Count = 42.81M / 81.00M  
  Iter 1 / 1 Rows = (0, 2), Count = 42.96M / 81.00M  
  Iter 1 / 1 Rows = (0, 2), Count = 43.11M / 81.00M  
  Iter 1 / 1 Rows = (0, 2), Count = 43.27M / 81.00M  
  Iter 1 / 1 Rows = (0, 2), Count = 43.44M / 81.00M  
  Iter 1 / 1 Rows = (0, 2), Count = 43.60M / 81.00M  
  Iter 1 / 1 Rows = (0, 2), Count = 43.76M / 81.00M  
  Iter 1 / 1 Rows = (0, 2), Count = 43.91M / 81.00M  
  Iter 1 / 1 Rows = (0, 2), Count = 44.06M / 81.00M  
  Iter 1 / 1 Rows = (0, 2), Count = 44.22M / 81.00M  
  Iter 1 / 1 Rows = (0, 2), Count = 44.37M / 81.00M  
  Iter 1 / 1 Rows = (0, 2), Count = 44.53M / 81.00M  
  Iter 1 / 1 Rows = (0, 2), Count = 44.70M / 81.00M  
  Iter 1 / 1 Rows = (0, 2), Count = 44.85M / 81.00M  
  Iter 1 / 1 Rows = (0, 2), Count = 45.01M / 81.00M  
  Iter 1 / 1 Rows = (0, 2), Count = 45.17M / 81.00M  
  Iter 1 / 1 Rows = (0, 2), Count = 45.33M / 81.00M  
  Iter 1 / 1 Rows = (0, 2), Count = 45.50M / 81.00M  
  Iter 1 / 1 Rows = (0, 2), Count = 45.65M / 81.00M  
  Iter 1 / 1 Rows = (0, 2), Count = 45.83M / 81.00M  
  Iter 1 / 1 Rows = (0, 2), Count = 45.99M / 81.00M  
  Iter 1 / 1 Rows = (0, 2), Count = 46.14M / 81.00M  
  Iter 1 / 1 Rows = (0, 2), Count = 46.30M / 81.00M  
  Iter 1 / 1 Rows = (0, 2), Count = 46.46M / 81.00M  
  Iter 1 / 1 Rows = (0, 2), Count = 46.62M / 81.00M  
  Iter 1 / 1 Rows = (0, 2), Count = 46.77M / 81.00M  
  Iter 1 / 1 Rows = (0, 2), Count = 46.92M / 81.00M  
  Iter 1 / 1 Rows = (0, 2), Count = 47.08M / 81.00M  
  Iter 1 / 1 Rows = (0, 2), Count = 47.23M / 81.00M  
  Iter 1 / 1 Rows = (0, 2), Count = 47.39M / 81.00M  
  Iter 1 / 1 Rows = (0, 2), Count = 47.56M / 81.00M  
  Iter 1 / 1 Rows = (0, 2), Count = 47.72M / 81.00M  
  Iter 1 / 1 Rows = (0, 2), Count = 47.89M / 81.00M  
  Iter 1 / 1 Rows = (0, 2), Count = 48.06M / 81.00M  
  Iter 1 / 1 Rows = (0, 2), Count = 48.23M / 81.00M  
  Iter 1 / 1 Rows = (0, 2), Count = 48.39M / 81.00M  
  Iter 1 / 1 Rows = (0, 2), Count = 48.58M / 81.00M  
  Iter 1 / 1 Rows = (0, 2), Count = 48.74M / 81.00M  
  Iter 1 / 1 Rows = (0, 2), Count = 48.91M / 81.00M  
  Iter 1 / 1 Rows = (0, 2), Count = 49.08M / 81.00M  
  Iter 1 / 1 Rows = (0, 2), Count = 49.24M / 81.00M  
  Iter 1 / 1 Rows = (0, 2), Count = 49.41M / 81.00M  
  Iter 1 / 1 Rows = (0, 2), Count = 49.58M / 81.00M  
  Iter 1 / 1 Rows = (0, 2), Count = 49.74M / 81.00M  
  Iter 1 / 1 Rows = (0, 2), Count = 49.89M / 81.00M  
  Iter 1 / 1 Rows = (0, 2), Count = 50.05M / 81.00M  
  Iter 1 / 1 Rows = (0, 2), Count = 50.22M / 81.00M  
  Iter 1 / 1 Rows = (0, 2), Count = 50.39M / 81.00M  
  Iter 1 / 1 Rows = (0, 2), Count = 50.55M / 81.00M  
  Iter 1 / 1 Rows = (0, 2), Count = 50.71M / 81.00M  
  Iter 1 / 1 Rows = (0, 2), Count = 50.87M / 81.00M  
  Iter 1 / 1 Rows = (0, 2), Count = 51.03M / 81.00M  
  Iter 1 / 1 Rows = (0, 2), Count = 51.19M / 81.00M  
  Iter 1 / 1 Rows = (0, 2), Count = 51.34M / 81.00M  
  Iter 1 / 1 Rows = (0, 2), Count = 51.49M / 81.00M  
  Iter 1 / 1 Rows = (0, 2), Count = 51.65M / 81.00M  
  Iter 1 / 1 Rows = (0, 2), Count = 51.80M / 81.00M  
  Iter 1 / 1 Rows = (0, 2), Count = 51.95M / 81.00M  
  Iter 1 / 1 Rows = (0, 2), Count = 52.11M / 81.00M  
  Iter 1 / 1 Rows = (0, 2), Count = 52.27M / 81.00M  
  Iter 1 / 1 Rows = (0, 2), Count = 52.42M / 81.00M  
  Iter 1 / 1 Rows = (0, 2), Count = 52.58M / 81.00M  
  Iter 1 / 1 Rows = (0, 2), Count = 52.73M / 81.00M  
  Iter 1 / 1 Rows = (0, 2), Count = 52.88M / 81.00M  
  Iter 1 / 1 Rows = (0, 2), Count = 53.04M / 81.00M  
  Iter 1 / 1 Rows = (0, 2), Count = 53.19M / 81.00M  
  Iter 1 / 1 Rows = (0, 2), Count = 53.35M / 81.00M  
  Iter 1 / 1 Rows = (0, 2), Count = 53.50M / 81.00M  
  Iter 1 / 1 Rows = (0, 2), Count = 53.67M / 81.00M  
  Iter 1 / 1 Rows = (0, 2), Count = 53.82M / 81.00M  
  Iter 1 / 1 Rows = (0, 2), Count = 53.98M / 81.00M  
  Iter 1 / 1 Rows = (0, 2), Count = 54.14M / 81.00M  
  Iter 1 / 1 Rows = (0, 2), Count = 54.30M / 81.00M  
  Iter 1 / 1 Rows = (0, 2), Count = 54.47M / 81.00M  
  Iter 1 / 1 Rows = (0, 2), Count = 54.62M / 81.00M  
  Iter 1 / 1 Rows = (0, 2), Count = 54.78M / 81.00M  
  Iter 1 / 1 Rows = (0, 2), Count = 54.94M / 81.00M  
  Iter 1 / 1 Rows = (0, 2), Count = 55.10M / 81.00M  
  Iter 1 / 1 Rows = (0, 2), Count = 55.25M / 81.00M  
  Iter 1 / 1 Rows = (0, 2), Count = 55.41M / 81.00M  
  Iter 1 / 1 Rows = (0, 2), Count = 55.56M / 81.00M  
  Iter 1 / 1 Rows = (0, 2), Count = 55.71M / 81.00M  
  Iter 1 / 1 Rows = (0, 2), Count = 55.87M / 81.00M  
  Iter 1 / 1 Rows = (0, 2), Count = 56.02M / 81.00M  
  Iter 1 / 1 Rows = (0, 2), Count = 56.18M / 81.00M  
  Iter 1 / 1 Rows = (0, 2), Count = 56.33M / 81.00M  
  Iter 1 / 1 Rows = (0, 2), Count = 56.49M / 81.00M  
  Iter 1 / 1 Rows = (0, 2), Count = 56.64M / 81.00M  
  Iter 1 / 1 Rows = (0, 2), Count = 56.80M / 81.00M  
  Iter 1 / 1 Rows = (0, 2), Count = 56.96M / 81.00M  
  Iter 1 / 1 Rows = (0, 2), Count = 57.12M / 81.00M  
  Iter 1 / 1 Rows = (0, 2), Count = 57.27M / 81.00M  
  Iter 1 / 1 Rows = (0, 2), Count = 57.43M / 81.00M  
  Iter 1 / 1 Rows = (0, 2), Count = 57.58M / 81.00M  
  Iter 1 / 1 Rows = (0, 2), Count = 57.73M / 81.00M  
  Iter 1 / 1 Rows = (0, 2), Count = 57.89M / 81.00M  
  Iter 1 / 1 Rows = (0, 2), Count = 58.05M / 81.00M  
  Iter 1 / 1 Rows = (0, 2), Count = 58.20M / 81.00M  
  Iter 1 / 1 Rows = (0, 2), Count = 58.35M / 81.00M  
  Iter 1 / 1 Rows = (0, 2), Count = 58.50M / 81.00M  
  Iter 1 / 1 Rows = (0, 2), Count = 58.66M / 81.00M  
  Iter 1 / 1 Rows = (0, 2), Count = 58.81M / 81.00M  
  Iter 1 / 1 Rows = (0, 2), Count = 58.97M / 81.00M  
  Iter 1 / 1 Rows = (0, 2), Count = 59.12M / 81.00M  
  Iter 1 / 1 Rows = (0, 2), Count = 59.28M / 81.00M  
  Iter 1 / 1 Rows = (0, 2), Count = 59.43M / 81.00M  
  Iter 1 / 1 Rows = (0, 2), Count = 59.59M / 81.00M  
  Iter 1 / 1 Rows = (0, 2), Count = 59.74M / 81.00M  
  Iter 1 / 1 Rows = (0, 2), Count = 59.89M / 81.00M  
  Iter 1 / 1 Rows = (0, 2), Count = 60.05M / 81.00M  
  Iter 1 / 1 Rows = (0, 2), Count = 60.21M / 81.00M  
  Iter 1 / 1 Rows = (0, 2), Count = 60.36M / 81.00M  
  Iter 1 / 1 Rows = (0, 2), Count = 60.52M / 81.00M  
  Iter 1 / 1 Rows = (0, 2), Count = 60.67M / 81.00M  
  Iter 1 / 1 Rows = (0, 2), Count = 60.83M / 81.00M  
  Iter 1 / 1 Rows = (0, 2), Count = 60.98M / 81.00M  
  Iter 1 / 1 Rows = (0, 2), Count = 61.14M / 81.00M  
  Iter 1 / 1 Rows = (0, 2), Count = 61.30M / 81.00M  
  Iter 1 / 1 Rows = (0, 2), Count = 61.47M / 81.00M  
  Iter 1 / 1 Rows = (0, 2), Count = 61.62M / 81.00M  
  Iter 1 / 1 Rows = (0, 2), Count = 61.78M / 81.00M  
  Iter 1 / 1 Rows = (0, 2), Count = 61.93M / 81.00M  
  Iter 1 / 1 Rows = (0, 2), Count = 62.09M / 81.00M  
  Iter 1 / 1 Rows = (0, 2), Count = 62.25M / 81.00M  
  Iter 1 / 1 Rows = (0, 2), Count = 62.41M / 81.00M  
  Iter 1 / 1 Rows = (0, 2), Count = 62.56M / 81.00M  
  Iter 1 / 1 Rows = (0, 2), Count = 62.72M / 81.00M  
  Iter 1 / 1 Rows = (0, 2), Count = 62.87M / 81.00M  
  Iter 1 / 1 Rows = (0, 2), Count = 63.03M / 81.00M  
  Iter 1 / 1 Rows = (0, 2), Count = 63.18M / 81.00M  
  Iter 1 / 1 Rows = (0, 2), Count = 63.34M / 81.00M  
  Iter 1 / 1 Rows = (0, 2), Count = 63.51M / 81.00M  
  Iter 1 / 1 Rows = (0, 2), Count = 63.67M / 81.00M  
  Iter 1 / 1 Rows = (0, 2), Count = 63.84M / 81.00M  
  Iter 1 / 1 Rows = (0, 2), Count = 64.00M / 81.00M  
  Iter 1 / 1 Rows = (0, 2), Count = 64.16M / 81.00M  
  Iter 1 / 1 Rows = (0, 2), Count = 64.32M / 81.00M  
  Iter 1 / 1 Rows = (0, 2), Count = 64.48M / 81.00M  
  Iter 1 / 1 Rows = (0, 2), Count = 64.65M / 81.00M  
  Iter 1 / 1 Rows = (0, 2), Count = 64.83M / 81.00M  
  Iter 1 / 1 Rows = (0, 2), Count = 65.00M / 81.00M  
  Iter 1 / 1 Rows = (0, 2), Count = 65.15M / 81.00M  
  Iter 1 / 1 Rows = (0, 2), Count = 65.30M / 81.00M  
  Iter 1 / 1 Rows = (0, 2), Count = 65.46M / 81.00M  
  Iter 1 / 1 Rows = (0, 2), Count = 65.62M / 81.00M  
  Iter 1 / 1 Rows = (0, 2), Count = 65.80M / 81.00M  
  Iter 1 / 1 Rows = (0, 2), Count = 65.96M / 81.00M  
  Iter 1 / 1 Rows = (0, 2), Count = 66.12M / 81.00M  
  Iter 1 / 1 Rows = (0, 2), Count = 66.27M / 81.00M  
  Iter 1 / 1 Rows = (0, 2), Count = 66.42M / 81.00M  
  Iter 1 / 1 Rows = (0, 2), Count = 66.58M / 81.00M  
  Iter 1 / 1 Rows = (0, 2), Count = 66.73M / 81.00M  
  Iter 1 / 1 Rows = (0, 2), Count = 66.89M / 81.00M  
  Iter 1 / 1 Rows = (0, 2), Count = 67.04M / 81.00M  
  Iter 1 / 1 Rows = (0, 2), Count = 67.20M / 81.00M  
  Iter 1 / 1 Rows = (0, 2), Count = 67.35M / 81.00M  
  Iter 1 / 1 Rows = (0, 2), Count = 67.50M / 81.00M  
  Iter 1 / 1 Rows = (0, 2), Count = 67.66M / 81.00M  
  Iter 1 / 1 Rows = (0, 2), Count = 67.81M / 81.00M  
  Iter 1 / 1 Rows = (0, 2), Count = 67.97M / 81.00M  
  Iter 1 / 1 Rows = (0, 2), Count = 68.12M / 81.00M  
  Iter 1 / 1 Rows = (0, 2), Count = 68.28M / 81.00M  
  Iter 1 / 1 Rows = (0, 2), Count = 68.43M / 81.00M  
  Iter 1 / 1 Rows = (0, 2), Count = 68.59M / 81.00M  
  Iter 1 / 1 Rows = (0, 2), Count = 68.74M / 81.00M  
  Iter 1 / 1 Rows = (0, 2), Count = 68.90M / 81.00M  
  Iter 1 / 1 Rows = (0, 2), Count = 69.05M / 81.00M  
  Iter 1 / 1 Rows = (0, 2), Count = 69.21M / 81.00M  
  Iter 1 / 1 Rows = (0, 2), Count = 69.36M / 81.00M  
  Iter 1 / 1 Rows = (0, 2), Count = 69.53M / 81.00M  
  Iter 1 / 1 Rows = (0, 2), Count = 69.68M / 81.00M  
  Iter 1 / 1 Rows = (0, 2), Count = 69.84M / 81.00M  
  Iter 1 / 1 Rows = (0, 2), Count = 69.99M / 81.00M  
  Iter 1 / 1 Rows = (0, 2), Count = 70.15M / 81.00M  
  Iter 1 / 1 Rows = (0, 2), Count = 70.32M / 81.00M  
  Iter 1 / 1 Rows = (0, 2), Count = 70.48M / 81.00M  
  Iter 1 / 1 Rows = (0, 2), Count = 70.65M / 81.00M  
  Iter 1 / 1 Rows = (0, 2), Count = 70.80M / 81.00M  
  Iter 1 / 1 Rows = (0, 2), Count = 70.95M / 81.00M  
  Iter 1 / 1 Rows = (0, 2), Count = 71.11M / 81.00M  
  Iter 1 / 1 Rows = (0, 2), Count = 71.27M / 81.00M  
  Iter 1 / 1 Rows = (0, 2), Count = 71.42M / 81.00M  
  Iter 1 / 1 Rows = (0, 2), Count = 71.57M / 81.00M  
  Iter 1 / 1 Rows = (0, 2), Count = 71.73M / 81.00M  
  Iter 1 / 1 Rows = (0, 2), Count = 71.88M / 81.00M  
  Iter 1 / 1 Rows = (0, 2), Count = 72.05M / 81.00M  
  Iter 1 / 1 Rows = (0, 2), Count = 72.22M / 81.00M  
  Iter 1 / 1 Rows = (0, 2), Count = 72.39M / 81.00M  
  Iter 1 / 1 Rows = (0, 2), Count = 72.55M / 81.00M  
  Iter 1 / 1 Rows = (0, 2), Count = 72.71M / 81.00M  
  Iter 1 / 1 Rows = (0, 2), Count = 72.86M / 81.00M  
  Iter 1 / 1 Rows = (0, 2), Count = 73.02M / 81.00M  
  Iter 1 / 1 Rows = (0, 2), Count = 73.18M / 81.00M  
  Iter 1 / 1 Rows = (0, 2), Count = 73.34M / 81.00M  
  Iter 1 / 1 Rows = (0, 2), Count = 73.49M / 81.00M  
  Iter 1 / 1 Rows = (0, 2), Count = 73.65M / 81.00M  
  Iter 1 / 1 Rows = (0, 2), Count = 73.80M / 81.00M  
  Iter 1 / 1 Rows = (0, 2), Count = 73.96M / 81.00M  
  Iter 1 / 1 Rows = (0, 2), Count = 74.11M / 81.00M  
  Iter 1 / 1 Rows = (0, 2), Count = 74.27M / 81.00M  
  Iter 1 / 1 Rows = (0, 2), Count = 74.42M / 81.00M  
  Iter 1 / 1 Rows = (0, 2), Count = 74.60M / 81.00M  
  Iter 1 / 1 Rows = (0, 2), Count = 74.77M / 81.00M  
  Iter 1 / 1 Rows = (0, 2), Count = 74.92M / 81.00M  
  Iter 1 / 1 Rows = (0, 2), Count = 75.07M / 81.00M  
  Iter 1 / 1 Rows = (0, 2), Count = 75.23M / 81.00M  
  Iter 1 / 1 Rows = (0, 2), Count = 75.38M / 81.00M  
  Iter 1 / 1 Rows = (0, 2), Count = 75.54M / 81.00M  
  Iter 1 / 1 Rows = (0, 2), Count = 75.69M / 81.00M  
  Iter 1 / 1 Rows = (0, 2), Count = 75.85M / 81.00M  
  Iter 1 / 1 Rows = (0, 2), Count = 76.00M / 81.00M  
  Iter 1 / 1 Rows = (0, 2), Count = 76.16M / 81.00M  
  Iter 1 / 1 Rows = (0, 2), Count = 76.32M / 81.00M  
  Iter 1 / 1 Rows = (0, 2), Count = 76.48M / 81.00M  
  Iter 1 / 1 Rows = (0, 2), Count = 76.64M / 81.00M  
  Iter 1 / 1 Rows = (0, 2), Count = 76.80M / 81.00M  
  Iter 1 / 1 Rows = (0, 2), Count = 76.97M / 81.00M  
  Iter 1 / 1 Rows = (0, 2), Count = 77.12M / 81.00M  
  Iter 1 / 1 Rows = (0, 2), Count = 77.28M / 81.00M  
  Iter 1 / 1 Rows = (0, 2), Count = 77.44M / 81.00M  
  Iter 1 / 1 Rows = (0, 2), Count = 77.60M / 81.00M  
  Iter 1 / 1 Rows = (0, 2), Count = 77.75M / 81.00M  
  Iter 1 / 1 Rows = (0, 2), Count = 77.91M / 81.00M  
  Iter 1 / 1 Rows = (0, 2), Count = 78.06M / 81.00M  
  Iter 1 / 1 Rows = (0, 2), Count = 78.22M / 81.00M  
  Iter 1 / 1 Rows = (0, 2), Count = 78.37M / 81.00M  
  Iter 1 / 1 Rows = (0, 2), Count = 78.52M / 81.00M  
  Iter 1 / 1 Rows = (0, 2), Count = 78.68M / 81.00M  
  Iter 1 / 1 Rows = (0, 2), Count = 78.83M / 81.00M  
  Iter 1 / 1 Rows = (0, 2), Count = 78.99M / 81.00M  
  Iter 1 / 1 Rows = (0, 2), Count = 79.14M / 81.00M  
  Iter 1 / 1 Rows = (0, 2), Count = 79.30M / 81.00M  
  Iter 1 / 1 Rows = (0, 2), Count = 79.45M / 81.00M  
  Iter 1 / 1 Rows = (0, 2), Count = 79.61M / 81.00M  
  Iter 1 / 1 Rows = (0, 2), Count = 79.76M / 81.00M  
  Iter 1 / 1 Rows = (0, 2), Count = 79.91M / 81.00M  
  Iter 1 / 1 Rows = (0, 2), Count = 80.07M / 81.00M  
  Iter 1 / 1 Rows = (0, 2), Count = 80.22M / 81.00M  
  Iter 1 / 1 Rows = (0, 2), Count = 80.38M / 81.00M  
  Iter 1 / 1 Rows = (0, 2), Count = 80.53M / 81.00M  
  Iter 1 / 1 Rows = (0, 2), Count = 80.69M / 81.00M  
  Iter 1 / 1 Rows = (0, 2), Count = 80.84M / 81.00M  
  Iter 1 / 1 Rows = (0, 2), Count = 80.99M / 81.00M  
  Iter 1 / 1 Rows = (0, 2), Count = 81.00M / 81.00M  

Verifying attacked memory ...
OK

Preparing ...
WARNING: only single word patterns supported, using: 0xaaaaaaaa

Filling memory with data ...

Verifying written memory ...
OK

Running Rowhammer attacks ...
read_count: 91000000
  Iter 1 / 1 Rows = (0, 2), Count =  0.00M / 91.00M  
  Iter 1 / 1 Rows = (0, 2), Count =  0.16M / 91.00M  
  Iter 1 / 1 Rows = (0, 2), Count =  0.31M / 91.00M  
  Iter 1 / 1 Rows = (0, 2), Count =  0.47M / 91.00M  
  Iter 1 / 1 Rows = (0, 2), Count =  0.62M / 91.00M  
  Iter 1 / 1 Rows = (0, 2), Count =  0.79M / 91.00M  
  Iter 1 / 1 Rows = (0, 2), Count =  0.96M / 91.00M  
  Iter 1 / 1 Rows = (0, 2), Count =  1.11M / 91.00M  
  Iter 1 / 1 Rows = (0, 2), Count =  1.27M / 91.00M  
  Iter 1 / 1 Rows = (0, 2), Count =  1.43M / 91.00M  
  Iter 1 / 1 Rows = (0, 2), Count =  1.59M / 91.00M  
  Iter 1 / 1 Rows = (0, 2), Count =  1.74M / 91.00M  
  Iter 1 / 1 Rows = (0, 2), Count =  1.91M / 91.00M  
  Iter 1 / 1 Rows = (0, 2), Count =  2.06M / 91.00M  
  Iter 1 / 1 Rows = (0, 2), Count =  2.22M / 91.00M  
  Iter 1 / 1 Rows = (0, 2), Count =  2.39M / 91.00M  
  Iter 1 / 1 Rows = (0, 2), Count =  2.55M / 91.00M  
  Iter 1 / 1 Rows = (0, 2), Count =  2.71M / 91.00M  
  Iter 1 / 1 Rows = (0, 2), Count =  2.86M / 91.00M  
  Iter 1 / 1 Rows = (0, 2), Count =  3.02M / 91.00M  
  Iter 1 / 1 Rows = (0, 2), Count =  3.17M / 91.00M  
  Iter 1 / 1 Rows = (0, 2), Count =  3.32M / 91.00M  
  Iter 1 / 1 Rows = (0, 2), Count =  3.48M / 91.00M  
  Iter 1 / 1 Rows = (0, 2), Count =  3.63M / 91.00M  
  Iter 1 / 1 Rows = (0, 2), Count =  3.79M / 91.00M  
  Iter 1 / 1 Rows = (0, 2), Count =  3.95M / 91.00M  
  Iter 1 / 1 Rows = (0, 2), Count =  4.11M / 91.00M  
  Iter 1 / 1 Rows = (0, 2), Count =  4.27M / 91.00M  
  Iter 1 / 1 Rows = (0, 2), Count =  4.42M / 91.00M  
  Iter 1 / 1 Rows = (0, 2), Count =  4.59M / 91.00M  
  Iter 1 / 1 Rows = (0, 2), Count =  4.74M / 91.00M  
  Iter 1 / 1 Rows = (0, 2), Count =  4.91M / 91.00M  
  Iter 1 / 1 Rows = (0, 2), Count =  5.06M / 91.00M  
  Iter 1 / 1 Rows = (0, 2), Count =  5.22M / 91.00M  
  Iter 1 / 1 Rows = (0, 2), Count =  5.39M / 91.00M  
  Iter 1 / 1 Rows = (0, 2), Count =  5.54M / 91.00M  
  Iter 1 / 1 Rows = (0, 2), Count =  5.71M / 91.00M  
  Iter 1 / 1 Rows = (0, 2), Count =  5.88M / 91.00M  
  Iter 1 / 1 Rows = (0, 2), Count =  6.04M / 91.00M  
  Iter 1 / 1 Rows = (0, 2), Count =  6.20M / 91.00M  
  Iter 1 / 1 Rows = (0, 2), Count =  6.35M / 91.00M  
  Iter 1 / 1 Rows = (0, 2), Count =  6.51M / 91.00M  
  Iter 1 / 1 Rows = (0, 2), Count =  6.66M / 91.00M  
  Iter 1 / 1 Rows = (0, 2), Count =  6.83M / 91.00M  
  Iter 1 / 1 Rows = (0, 2), Count =  6.98M / 91.00M  
  Iter 1 / 1 Rows = (0, 2), Count =  7.15M / 91.00M  
  Iter 1 / 1 Rows = (0, 2), Count =  7.30M / 91.00M  
  Iter 1 / 1 Rows = (0, 2), Count =  7.46M / 91.00M  
  Iter 1 / 1 Rows = (0, 2), Count =  7.61M / 91.00M  
  Iter 1 / 1 Rows = (0, 2), Count =  7.77M / 91.00M  
  Iter 1 / 1 Rows = (0, 2), Count =  7.94M / 91.00M  
  Iter 1 / 1 Rows = (0, 2), Count =  8.10M / 91.00M  
  Iter 1 / 1 Rows = (0, 2), Count =  8.26M / 91.00M  
  Iter 1 / 1 Rows = (0, 2), Count =  8.42M / 91.00M  
  Iter 1 / 1 Rows = (0, 2), Count =  8.58M / 91.00M  
  Iter 1 / 1 Rows = (0, 2), Count =  8.73M / 91.00M  
  Iter 1 / 1 Rows = (0, 2), Count =  8.89M / 91.00M  
  Iter 1 / 1 Rows = (0, 2), Count =  9.06M / 91.00M  
  Iter 1 / 1 Rows = (0, 2), Count =  9.22M / 91.00M  
  Iter 1 / 1 Rows = (0, 2), Count =  9.39M / 91.00M  
  Iter 1 / 1 Rows = (0, 2), Count =  9.56M / 91.00M  
  Iter 1 / 1 Rows = (0, 2), Count =  9.71M / 91.00M  
  Iter 1 / 1 Rows = (0, 2), Count =  9.87M / 91.00M  
  Iter 1 / 1 Rows = (0, 2), Count = 10.02M / 91.00M  
  Iter 1 / 1 Rows = (0, 2), Count = 10.19M / 91.00M  
  Iter 1 / 1 Rows = (0, 2), Count = 10.35M / 91.00M  
  Iter 1 / 1 Rows = (0, 2), Count = 10.51M / 91.00M  
  Iter 1 / 1 Rows = (0, 2), Count = 10.66M / 91.00M  
  Iter 1 / 1 Rows = (0, 2), Count = 10.82M / 91.00M  
  Iter 1 / 1 Rows = (0, 2), Count = 10.97M / 91.00M  
  Iter 1 / 1 Rows = (0, 2), Count = 11.13M / 91.00M  
  Iter 1 / 1 Rows = (0, 2), Count = 11.28M / 91.00M  
  Iter 1 / 1 Rows = (0, 2), Count = 11.44M / 91.00M  
  Iter 1 / 1 Rows = (0, 2), Count = 11.60M / 91.00M  
  Iter 1 / 1 Rows = (0, 2), Count = 11.76M / 91.00M  
  Iter 1 / 1 Rows = (0, 2), Count = 11.91M / 91.00M  
  Iter 1 / 1 Rows = (0, 2), Count = 12.06M / 91.00M  
  Iter 1 / 1 Rows = (0, 2), Count = 12.22M / 91.00M  
  Iter 1 / 1 Rows = (0, 2), Count = 12.37M / 91.00M  
  Iter 1 / 1 Rows = (0, 2), Count = 12.53M / 91.00M  
  Iter 1 / 1 Rows = (0, 2), Count = 12.68M / 91.00M  
  Iter 1 / 1 Rows = (0, 2), Count = 12.84M / 91.00M  
  Iter 1 / 1 Rows = (0, 2), Count = 12.99M / 91.00M  
  Iter 1 / 1 Rows = (0, 2), Count = 13.14M / 91.00M  
  Iter 1 / 1 Rows = (0, 2), Count = 13.30M / 91.00M  
  Iter 1 / 1 Rows = (0, 2), Count = 13.45M / 91.00M  
  Iter 1 / 1 Rows = (0, 2), Count = 13.61M / 91.00M  
  Iter 1 / 1 Rows = (0, 2), Count = 13.76M / 91.00M  
  Iter 1 / 1 Rows = (0, 2), Count = 13.92M / 91.00M  
  Iter 1 / 1 Rows = (0, 2), Count = 14.07M / 91.00M  
  Iter 1 / 1 Rows = (0, 2), Count = 14.23M / 91.00M  
  Iter 1 / 1 Rows = (0, 2), Count = 14.38M / 91.00M  
  Iter 1 / 1 Rows = (0, 2), Count = 14.54M / 91.00M  
  Iter 1 / 1 Rows = (0, 2), Count = 14.70M / 91.00M  
  Iter 1 / 1 Rows = (0, 2), Count = 14.86M / 91.00M  
  Iter 1 / 1 Rows = (0, 2), Count = 15.01M / 91.00M  
  Iter 1 / 1 Rows = (0, 2), Count = 15.17M / 91.00M  
  Iter 1 / 1 Rows = (0, 2), Count = 15.34M / 91.00M  
  Iter 1 / 1 Rows = (0, 2), Count = 15.50M / 91.00M  
  Iter 1 / 1 Rows = (0, 2), Count = 15.66M / 91.00M  
  Iter 1 / 1 Rows = (0, 2), Count = 15.81M / 91.00M  
  Iter 1 / 1 Rows = (0, 2), Count = 15.97M / 91.00M  
  Iter 1 / 1 Rows = (0, 2), Count = 16.12M / 91.00M  
  Iter 1 / 1 Rows = (0, 2), Count = 16.27M / 91.00M  
  Iter 1 / 1 Rows = (0, 2), Count = 16.43M / 91.00M  
  Iter 1 / 1 Rows = (0, 2), Count = 16.58M / 91.00M  
  Iter 1 / 1 Rows = (0, 2), Count = 16.74M / 91.00M  
  Iter 1 / 1 Rows = (0, 2), Count = 16.89M / 91.00M  
  Iter 1 / 1 Rows = (0, 2), Count = 17.05M / 91.00M  
  Iter 1 / 1 Rows = (0, 2), Count = 17.20M / 91.00M  
  Iter 1 / 1 Rows = (0, 2), Count = 17.35M / 91.00M  
  Iter 1 / 1 Rows = (0, 2), Count = 17.51M / 91.00M  
  Iter 1 / 1 Rows = (0, 2), Count = 17.67M / 91.00M  
  Iter 1 / 1 Rows = (0, 2), Count = 17.83M / 91.00M  
  Iter 1 / 1 Rows = (0, 2), Count = 17.99M / 91.00M  
  Iter 1 / 1 Rows = (0, 2), Count = 18.14M / 91.00M  
  Iter 1 / 1 Rows = (0, 2), Count = 18.29M / 91.00M  
  Iter 1 / 1 Rows = (0, 2), Count = 18.45M / 91.00M  
  Iter 1 / 1 Rows = (0, 2), Count = 18.60M / 91.00M  
  Iter 1 / 1 Rows = (0, 2), Count = 18.76M / 91.00M  
  Iter 1 / 1 Rows = (0, 2), Count = 18.91M / 91.00M  
  Iter 1 / 1 Rows = (0, 2), Count = 19.07M / 91.00M  
  Iter 1 / 1 Rows = (0, 2), Count = 19.22M / 91.00M  
  Iter 1 / 1 Rows = (0, 2), Count = 19.38M / 91.00M  
  Iter 1 / 1 Rows = (0, 2), Count = 19.53M / 91.00M  
  Iter 1 / 1 Rows = (0, 2), Count = 19.68M / 91.00M  
  Iter 1 / 1 Rows = (0, 2), Count = 19.84M / 91.00M  
  Iter 1 / 1 Rows = (0, 2), Count = 19.99M / 91.00M  
  Iter 1 / 1 Rows = (0, 2), Count = 20.15M / 91.00M  
  Iter 1 / 1 Rows = (0, 2), Count = 20.30M / 91.00M  
  Iter 1 / 1 Rows = (0, 2), Count = 20.46M / 91.00M  
  Iter 1 / 1 Rows = (0, 2), Count = 20.61M / 91.00M  
  Iter 1 / 1 Rows = (0, 2), Count = 20.77M / 91.00M  
  Iter 1 / 1 Rows = (0, 2), Count = 20.92M / 91.00M  
  Iter 1 / 1 Rows = (0, 2), Count = 21.09M / 91.00M  
  Iter 1 / 1 Rows = (0, 2), Count = 21.24M / 91.00M  
  Iter 1 / 1 Rows = (0, 2), Count = 21.40M / 91.00M  
  Iter 1 / 1 Rows = (0, 2), Count = 21.55M / 91.00M  
  Iter 1 / 1 Rows = (0, 2), Count = 21.71M / 91.00M  
  Iter 1 / 1 Rows = (0, 2), Count = 21.86M / 91.00M  
  Iter 1 / 1 Rows = (0, 2), Count = 22.01M / 91.00M  
  Iter 1 / 1 Rows = (0, 2), Count = 22.17M / 91.00M  
  Iter 1 / 1 Rows = (0, 2), Count = 22.32M / 91.00M  
  Iter 1 / 1 Rows = (0, 2), Count = 22.48M / 91.00M  
  Iter 1 / 1 Rows = (0, 2), Count = 22.65M / 91.00M  
  Iter 1 / 1 Rows = (0, 2), Count = 22.80M / 91.00M  
  Iter 1 / 1 Rows = (0, 2), Count = 22.95M / 91.00M  
  Iter 1 / 1 Rows = (0, 2), Count = 23.11M / 91.00M  
  Iter 1 / 1 Rows = (0, 2), Count = 23.26M / 91.00M  
  Iter 1 / 1 Rows = (0, 2), Count = 23.42M / 91.00M  
  Iter 1 / 1 Rows = (0, 2), Count = 23.57M / 91.00M  
  Iter 1 / 1 Rows = (0, 2), Count = 23.73M / 91.00M  
  Iter 1 / 1 Rows = (0, 2), Count = 23.88M / 91.00M  
  Iter 1 / 1 Rows = (0, 2), Count = 24.04M / 91.00M  
  Iter 1 / 1 Rows = (0, 2), Count = 24.19M / 91.00M  
  Iter 1 / 1 Rows = (0, 2), Count = 24.35M / 91.00M  
  Iter 1 / 1 Rows = (0, 2), Count = 24.51M / 91.00M  
  Iter 1 / 1 Rows = (0, 2), Count = 24.67M / 91.00M  
  Iter 1 / 1 Rows = (0, 2), Count = 24.82M / 91.00M  
  Iter 1 / 1 Rows = (0, 2), Count = 24.97M / 91.00M  
  Iter 1 / 1 Rows = (0, 2), Count = 25.14M / 91.00M  
  Iter 1 / 1 Rows = (0, 2), Count = 25.30M / 91.00M  
  Iter 1 / 1 Rows = (0, 2), Count = 25.45M / 91.00M  
  Iter 1 / 1 Rows = (0, 2), Count = 25.61M / 91.00M  
  Iter 1 / 1 Rows = (0, 2), Count = 25.76M / 91.00M  
  Iter 1 / 1 Rows = (0, 2), Count = 25.92M / 91.00M  
  Iter 1 / 1 Rows = (0, 2), Count = 26.07M / 91.00M  
  Iter 1 / 1 Rows = (0, 2), Count = 26.22M / 91.00M  
  Iter 1 / 1 Rows = (0, 2), Count = 26.38M / 91.00M  
  Iter 1 / 1 Rows = (0, 2), Count = 26.53M / 91.00M  
  Iter 1 / 1 Rows = (0, 2), Count = 26.69M / 91.00M  
  Iter 1 / 1 Rows = (0, 2), Count = 26.84M / 91.00M  
  Iter 1 / 1 Rows = (0, 2), Count = 26.99M / 91.00M  
  Iter 1 / 1 Rows = (0, 2), Count = 27.15M / 91.00M  
  Iter 1 / 1 Rows = (0, 2), Count = 27.30M / 91.00M  
  Iter 1 / 1 Rows = (0, 2), Count = 27.46M / 91.00M  
  Iter 1 / 1 Rows = (0, 2), Count = 27.61M / 91.00M  
  Iter 1 / 1 Rows = (0, 2), Count = 27.77M / 91.00M  
  Iter 1 / 1 Rows = (0, 2), Count = 27.94M / 91.00M  
  Iter 1 / 1 Rows = (0, 2), Count = 28.09M / 91.00M  
  Iter 1 / 1 Rows = (0, 2), Count = 28.25M / 91.00M  
  Iter 1 / 1 Rows = (0, 2), Count = 28.40M / 91.00M  
  Iter 1 / 1 Rows = (0, 2), Count = 28.56M / 91.00M  
  Iter 1 / 1 Rows = (0, 2), Count = 28.71M / 91.00M  
  Iter 1 / 1 Rows = (0, 2), Count = 28.86M / 91.00M  
  Iter 1 / 1 Rows = (0, 2), Count = 29.03M / 91.00M  
  Iter 1 / 1 Rows = (0, 2), Count = 29.18M / 91.00M  
  Iter 1 / 1 Rows = (0, 2), Count = 29.34M / 91.00M  
  Iter 1 / 1 Rows = (0, 2), Count = 29.50M / 91.00M  
  Iter 1 / 1 Rows = (0, 2), Count = 29.66M / 91.00M  
  Iter 1 / 1 Rows = (0, 2), Count = 29.82M / 91.00M  
  Iter 1 / 1 Rows = (0, 2), Count = 29.97M / 91.00M  
  Iter 1 / 1 Rows = (0, 2), Count = 30.13M / 91.00M  
  Iter 1 / 1 Rows = (0, 2), Count = 30.28M / 91.00M  
  Iter 1 / 1 Rows = (0, 2), Count = 30.43M / 91.00M  
  Iter 1 / 1 Rows = (0, 2), Count = 30.60M / 91.00M  
  Iter 1 / 1 Rows = (0, 2), Count = 30.77M / 91.00M  
  Iter 1 / 1 Rows = (0, 2), Count = 30.93M / 91.00M  
  Iter 1 / 1 Rows = (0, 2), Count = 31.09M / 91.00M  
  Iter 1 / 1 Rows = (0, 2), Count = 31.25M / 91.00M  
  Iter 1 / 1 Rows = (0, 2), Count = 31.41M / 91.00M  
  Iter 1 / 1 Rows = (0, 2), Count = 31.58M / 91.00M  
  Iter 1 / 1 Rows = (0, 2), Count = 31.76M / 91.00M  
  Iter 1 / 1 Rows = (0, 2), Count = 31.93M / 91.00M  
  Iter 1 / 1 Rows = (0, 2), Count = 32.08M / 91.00M  
  Iter 1 / 1 Rows = (0, 2), Count = 32.24M / 91.00M  
  Iter 1 / 1 Rows = (0, 2), Count = 32.40M / 91.00M  
  Iter 1 / 1 Rows = (0, 2), Count = 32.56M / 91.00M  
  Iter 1 / 1 Rows = (0, 2), Count = 32.73M / 91.00M  
  Iter 1 / 1 Rows = (0, 2), Count = 32.89M / 91.00M  
  Iter 1 / 1 Rows = (0, 2), Count = 33.05M / 91.00M  
  Iter 1 / 1 Rows = (0, 2), Count = 33.20M / 91.00M  
  Iter 1 / 1 Rows = (0, 2), Count = 33.37M / 91.00M  
  Iter 1 / 1 Rows = (0, 2), Count = 33.52M / 91.00M  
  Iter 1 / 1 Rows = (0, 2), Count = 33.68M / 91.00M  
  Iter 1 / 1 Rows = (0, 2), Count = 33.83M / 91.00M  
  Iter 1 / 1 Rows = (0, 2), Count = 33.99M / 91.00M  
  Iter 1 / 1 Rows = (0, 2), Count = 34.14M / 91.00M  
  Iter 1 / 1 Rows = (0, 2), Count = 34.29M / 91.00M  
  Iter 1 / 1 Rows = (0, 2), Count = 34.45M / 91.00M  
  Iter 1 / 1 Rows = (0, 2), Count = 34.61M / 91.00M  
  Iter 1 / 1 Rows = (0, 2), Count = 34.77M / 91.00M  
  Iter 1 / 1 Rows = (0, 2), Count = 34.93M / 91.00M  
  Iter 1 / 1 Rows = (0, 2), Count = 35.08M / 91.00M  
  Iter 1 / 1 Rows = (0, 2), Count = 35.24M / 91.00M  
  Iter 1 / 1 Rows = (0, 2), Count = 35.39M / 91.00M  
  Iter 1 / 1 Rows = (0, 2), Count = 35.54M / 91.00M  
  Iter 1 / 1 Rows = (0, 2), Count = 35.70M / 91.00M  
  Iter 1 / 1 Rows = (0, 2), Count = 35.85M / 91.00M  
  Iter 1 / 1 Rows = (0, 2), Count = 36.01M / 91.00M  
  Iter 1 / 1 Rows = (0, 2), Count = 36.17M / 91.00M  
  Iter 1 / 1 Rows = (0, 2), Count = 36.33M / 91.00M  
  Iter 1 / 1 Rows = (0, 2), Count = 36.48M / 91.00M  
  Iter 1 / 1 Rows = (0, 2), Count = 36.64M / 91.00M  
  Iter 1 / 1 Rows = (0, 2), Count = 36.81M / 91.00M  
  Iter 1 / 1 Rows = (0, 2), Count = 36.97M / 91.00M  
  Iter 1 / 1 Rows = (0, 2), Count = 37.14M / 91.00M  
  Iter 1 / 1 Rows = (0, 2), Count = 37.31M / 91.00M  
  Iter 1 / 1 Rows = (0, 2), Count = 37.47M / 91.00M  
  Iter 1 / 1 Rows = (0, 2), Count = 37.63M / 91.00M  
  Iter 1 / 1 Rows = (0, 2), Count = 37.80M / 91.00M  
  Iter 1 / 1 Rows = (0, 2), Count = 37.95M / 91.00M  
  Iter 1 / 1 Rows = (0, 2), Count = 38.11M / 91.00M  
  Iter 1 / 1 Rows = (0, 2), Count = 38.26M / 91.00M  
  Iter 1 / 1 Rows = (0, 2), Count = 38.41M / 91.00M  
  Iter 1 / 1 Rows = (0, 2), Count = 38.57M / 91.00M  
  Iter 1 / 1 Rows = (0, 2), Count = 38.72M / 91.00M  
  Iter 1 / 1 Rows = (0, 2), Count = 38.88M / 91.00M  
  Iter 1 / 1 Rows = (0, 2), Count = 39.03M / 91.00M  
  Iter 1 / 1 Rows = (0, 2), Count = 39.19M / 91.00M  
  Iter 1 / 1 Rows = (0, 2), Count = 39.35M / 91.00M  
  Iter 1 / 1 Rows = (0, 2), Count = 39.51M / 91.00M  
  Iter 1 / 1 Rows = (0, 2), Count = 39.66M / 91.00M  
  Iter 1 / 1 Rows = (0, 2), Count = 39.82M / 91.00M  
  Iter 1 / 1 Rows = (0, 2), Count = 39.99M / 91.00M  
  Iter 1 / 1 Rows = (0, 2), Count = 40.14M / 91.00M  
  Iter 1 / 1 Rows = (0, 2), Count = 40.30M / 91.00M  
  Iter 1 / 1 Rows = (0, 2), Count = 40.46M / 91.00M  
  Iter 1 / 1 Rows = (0, 2), Count = 40.63M / 91.00M  
  Iter 1 / 1 Rows = (0, 2), Count = 40.78M / 91.00M  
  Iter 1 / 1 Rows = (0, 2), Count = 40.94M / 91.00M  
  Iter 1 / 1 Rows = (0, 2), Count = 41.10M / 91.00M  
  Iter 1 / 1 Rows = (0, 2), Count = 41.26M / 91.00M  
  Iter 1 / 1 Rows = (0, 2), Count = 41.41M / 91.00M  
  Iter 1 / 1 Rows = (0, 2), Count = 41.57M / 91.00M  
  Iter 1 / 1 Rows = (0, 2), Count = 41.73M / 91.00M  
  Iter 1 / 1 Rows = (0, 2), Count = 41.89M / 91.00M  
  Iter 1 / 1 Rows = (0, 2), Count = 42.05M / 91.00M  
  Iter 1 / 1 Rows = (0, 2), Count = 42.21M / 91.00M  
  Iter 1 / 1 Rows = (0, 2), Count = 42.38M / 91.00M  
  Iter 1 / 1 Rows = (0, 2), Count = 42.55M / 91.00M  
  Iter 1 / 1 Rows = (0, 2), Count = 42.70M / 91.00M  
  Iter 1 / 1 Rows = (0, 2), Count = 42.86M / 91.00M  
  Iter 1 / 1 Rows = (0, 2), Count = 43.02M / 91.00M  
  Iter 1 / 1 Rows = (0, 2), Count = 43.18M / 91.00M  
  Iter 1 / 1 Rows = (0, 2), Count = 43.33M / 91.00M  
  Iter 1 / 1 Rows = (0, 2), Count = 43.50M / 91.00M  
  Iter 1 / 1 Rows = (0, 2), Count = 43.67M / 91.00M  
  Iter 1 / 1 Rows = (0, 2), Count = 43.83M / 91.00M  
  Iter 1 / 1 Rows = (0, 2), Count = 44.00M / 91.00M  
  Iter 1 / 1 Rows = (0, 2), Count = 44.16M / 91.00M  
  Iter 1 / 1 Rows = (0, 2), Count = 44.31M / 91.00M  
  Iter 1 / 1 Rows = (0, 2), Count = 44.48M / 91.00M  
  Iter 1 / 1 Rows = (0, 2), Count = 44.64M / 91.00M  
  Iter 1 / 1 Rows = (0, 2), Count = 44.80M / 91.00M  
  Iter 1 / 1 Rows = (0, 2), Count = 44.97M / 91.00M  
  Iter 1 / 1 Rows = (0, 2), Count = 45.12M / 91.00M  
  Iter 1 / 1 Rows = (0, 2), Count = 45.30M / 91.00M  
  Iter 1 / 1 Rows = (0, 2), Count = 45.46M / 91.00M  
  Iter 1 / 1 Rows = (0, 2), Count = 45.61M / 91.00M  
  Iter 1 / 1 Rows = (0, 2), Count = 45.77M / 91.00M  
  Iter 1 / 1 Rows = (0, 2), Count = 45.93M / 91.00M  
  Iter 1 / 1 Rows = (0, 2), Count = 46.09M / 91.00M  
  Iter 1 / 1 Rows = (0, 2), Count = 46.24M / 91.00M  
  Iter 1 / 1 Rows = (0, 2), Count = 46.41M / 91.00M  
  Iter 1 / 1 Rows = (0, 2), Count = 46.58M / 91.00M  
  Iter 1 / 1 Rows = (0, 2), Count = 46.73M / 91.00M  
  Iter 1 / 1 Rows = (0, 2), Count = 46.89M / 91.00M  
  Iter 1 / 1 Rows = (0, 2), Count = 47.06M / 91.00M  
  Iter 1 / 1 Rows = (0, 2), Count = 47.22M / 91.00M  
  Iter 1 / 1 Rows = (0, 2), Count = 47.39M / 91.00M  
  Iter 1 / 1 Rows = (0, 2), Count = 47.56M / 91.00M  
  Iter 1 / 1 Rows = (0, 2), Count = 47.72M / 91.00M  
  Iter 1 / 1 Rows = (0, 2), Count = 47.87M / 91.00M  
  Iter 1 / 1 Rows = (0, 2), Count = 48.03M / 91.00M  
  Iter 1 / 1 Rows = (0, 2), Count = 48.19M / 91.00M  
  Iter 1 / 1 Rows = (0, 2), Count = 48.35M / 91.00M  
  Iter 1 / 1 Rows = (0, 2), Count = 48.51M / 91.00M  
  Iter 1 / 1 Rows = (0, 2), Count = 48.66M / 91.00M  
  Iter 1 / 1 Rows = (0, 2), Count = 48.83M / 91.00M  
  Iter 1 / 1 Rows = (0, 2), Count = 49.00M / 91.00M  
  Iter 1 / 1 Rows = (0, 2), Count = 49.16M / 91.00M  
  Iter 1 / 1 Rows = (0, 2), Count = 49.32M / 91.00M  
  Iter 1 / 1 Rows = (0, 2), Count = 49.48M / 91.00M  
  Iter 1 / 1 Rows = (0, 2), Count = 49.64M / 91.00M  
  Iter 1 / 1 Rows = (0, 2), Count = 49.79M / 91.00M  
  Iter 1 / 1 Rows = (0, 2), Count = 49.95M / 91.00M  
  Iter 1 / 1 Rows = (0, 2), Count = 50.12M / 91.00M  
  Iter 1 / 1 Rows = (0, 2), Count = 50.27M / 91.00M  
  Iter 1 / 1 Rows = (0, 2), Count = 50.42M / 91.00M  
  Iter 1 / 1 Rows = (0, 2), Count = 50.58M / 91.00M  
  Iter 1 / 1 Rows = (0, 2), Count = 50.73M / 91.00M  
  Iter 1 / 1 Rows = (0, 2), Count = 50.90M / 91.00M  
  Iter 1 / 1 Rows = (0, 2), Count = 51.05M / 91.00M  
  Iter 1 / 1 Rows = (0, 2), Count = 51.21M / 91.00M  
  Iter 1 / 1 Rows = (0, 2), Count = 51.36M / 91.00M  
  Iter 1 / 1 Rows = (0, 2), Count = 51.52M / 91.00M  
  Iter 1 / 1 Rows = (0, 2), Count = 51.67M / 91.00M  
  Iter 1 / 1 Rows = (0, 2), Count = 51.84M / 91.00M  
  Iter 1 / 1 Rows = (0, 2), Count = 51.99M / 91.00M  
  Iter 1 / 1 Rows = (0, 2), Count = 52.15M / 91.00M  
  Iter 1 / 1 Rows = (0, 2), Count = 52.30M / 91.00M  
  Iter 1 / 1 Rows = (0, 2), Count = 52.46M / 91.00M  
  Iter 1 / 1 Rows = (0, 2), Count = 52.63M / 91.00M  
  Iter 1 / 1 Rows = (0, 2), Count = 52.78M / 91.00M  
  Iter 1 / 1 Rows = (0, 2), Count = 52.93M / 91.00M  
  Iter 1 / 1 Rows = (0, 2), Count = 53.09M / 91.00M  
  Iter 1 / 1 Rows = (0, 2), Count = 53.24M / 91.00M  
  Iter 1 / 1 Rows = (0, 2), Count = 53.40M / 91.00M  
  Iter 1 / 1 Rows = (0, 2), Count = 53.55M / 91.00M  
  Iter 1 / 1 Rows = (0, 2), Count = 53.71M / 91.00M  
  Iter 1 / 1 Rows = (0, 2), Count = 53.86M / 91.00M  
  Iter 1 / 1 Rows = (0, 2), Count = 54.02M / 91.00M  
  Iter 1 / 1 Rows = (0, 2), Count = 54.17M / 91.00M  
  Iter 1 / 1 Rows = (0, 2), Count = 54.32M / 91.00M  
  Iter 1 / 1 Rows = (0, 2), Count = 54.48M / 91.00M  
  Iter 1 / 1 Rows = (0, 2), Count = 54.65M / 91.00M  
  Iter 1 / 1 Rows = (0, 2), Count = 54.81M / 91.00M  
  Iter 1 / 1 Rows = (0, 2), Count = 54.98M / 91.00M  
  Iter 1 / 1 Rows = (0, 2), Count = 55.14M / 91.00M  
  Iter 1 / 1 Rows = (0, 2), Count = 55.30M / 91.00M  
  Iter 1 / 1 Rows = (0, 2), Count = 55.46M / 91.00M  
  Iter 1 / 1 Rows = (0, 2), Count = 55.61M / 91.00M  
  Iter 1 / 1 Rows = (0, 2), Count = 55.77M / 91.00M  
  Iter 1 / 1 Rows = (0, 2), Count = 55.92M / 91.00M  
  Iter 1 / 1 Rows = (0, 2), Count = 56.07M / 91.00M  
  Iter 1 / 1 Rows = (0, 2), Count = 56.23M / 91.00M  
  Iter 1 / 1 Rows = (0, 2), Count = 56.38M / 91.00M  
  Iter 1 / 1 Rows = (0, 2), Count = 56.54M / 91.00M  
  Iter 1 / 1 Rows = (0, 2), Count = 56.69M / 91.00M  
  Iter 1 / 1 Rows = (0, 2), Count = 56.86M / 91.00M  
  Iter 1 / 1 Rows = (0, 2), Count = 57.02M / 91.00M  
  Iter 1 / 1 Rows = (0, 2), Count = 57.18M / 91.00M  
  Iter 1 / 1 Rows = (0, 2), Count = 57.35M / 91.00M  
  Iter 1 / 1 Rows = (0, 2), Count = 57.51M / 91.00M  
  Iter 1 / 1 Rows = (0, 2), Count = 57.68M / 91.00M  
  Iter 1 / 1 Rows = (0, 2), Count = 57.87M / 91.00M  
  Iter 1 / 1 Rows = (0, 2), Count = 58.03M / 91.00M  
  Iter 1 / 1 Rows = (0, 2), Count = 58.18M / 91.00M  
  Iter 1 / 1 Rows = (0, 2), Count = 58.34M / 91.00M  
  Iter 1 / 1 Rows = (0, 2), Count = 58.51M / 91.00M  
  Iter 1 / 1 Rows = (0, 2), Count = 58.69M / 91.00M  
  Iter 1 / 1 Rows = (0, 2), Count = 58.85M / 91.00M  
  Iter 1 / 1 Rows = (0, 2), Count = 59.01M / 91.00M  
  Iter 1 / 1 Rows = (0, 2), Count = 59.16M / 91.00M  
  Iter 1 / 1 Rows = (0, 2), Count = 59.32M / 91.00M  
  Iter 1 / 1 Rows = (0, 2), Count = 59.47M / 91.00M  
  Iter 1 / 1 Rows = (0, 2), Count = 59.63M / 91.00M  
  Iter 1 / 1 Rows = (0, 2), Count = 59.78M / 91.00M  
  Iter 1 / 1 Rows = (0, 2), Count = 59.94M / 91.00M  
  Iter 1 / 1 Rows = (0, 2), Count = 60.09M / 91.00M  
  Iter 1 / 1 Rows = (0, 2), Count = 60.24M / 91.00M  
  Iter 1 / 1 Rows = (0, 2), Count = 60.40M / 91.00M  
  Iter 1 / 1 Rows = (0, 2), Count = 60.55M / 91.00M  
  Iter 1 / 1 Rows = (0, 2), Count = 60.71M / 91.00M  
  Iter 1 / 1 Rows = (0, 2), Count = 60.86M / 91.00M  
  Iter 1 / 1 Rows = (0, 2), Count = 61.02M / 91.00M  
  Iter 1 / 1 Rows = (0, 2), Count = 61.17M / 91.00M  
  Iter 1 / 1 Rows = (0, 2), Count = 61.33M / 91.00M  
  Iter 1 / 1 Rows = (0, 2), Count = 61.50M / 91.00M  
  Iter 1 / 1 Rows = (0, 2), Count = 61.67M / 91.00M  
  Iter 1 / 1 Rows = (0, 2), Count = 61.83M / 91.00M  
  Iter 1 / 1 Rows = (0, 2), Count = 61.98M / 91.00M  
  Iter 1 / 1 Rows = (0, 2), Count = 62.14M / 91.00M  
  Iter 1 / 1 Rows = (0, 2), Count = 62.32M / 91.00M  
  Iter 1 / 1 Rows = (0, 2), Count = 62.49M / 91.00M  
  Iter 1 / 1 Rows = (0, 2), Count = 62.65M / 91.00M  
  Iter 1 / 1 Rows = (0, 2), Count = 62.82M / 91.00M  
  Iter 1 / 1 Rows = (0, 2), Count = 62.98M / 91.00M  
  Iter 1 / 1 Rows = (0, 2), Count = 63.14M / 91.00M  
  Iter 1 / 1 Rows = (0, 2), Count = 63.29M / 91.00M  
  Iter 1 / 1 Rows = (0, 2), Count = 63.45M / 91.00M  
  Iter 1 / 1 Rows = (0, 2), Count = 63.60M / 91.00M  
  Iter 1 / 1 Rows = (0, 2), Count = 63.76M / 91.00M  
  Iter 1 / 1 Rows = (0, 2), Count = 63.91M / 91.00M  
  Iter 1 / 1 Rows = (0, 2), Count = 64.07M / 91.00M  
  Iter 1 / 1 Rows = (0, 2), Count = 64.22M / 91.00M  
  Iter 1 / 1 Rows = (0, 2), Count = 64.37M / 91.00M  
  Iter 1 / 1 Rows = (0, 2), Count = 64.53M / 91.00M  
  Iter 1 / 1 Rows = (0, 2), Count = 64.68M / 91.00M  
  Iter 1 / 1 Rows = (0, 2), Count = 64.84M / 91.00M  
  Iter 1 / 1 Rows = (0, 2), Count = 64.99M / 91.00M  
  Iter 1 / 1 Rows = (0, 2), Count = 65.15M / 91.00M  
  Iter 1 / 1 Rows = (0, 2), Count = 65.30M / 91.00M  
  Iter 1 / 1 Rows = (0, 2), Count = 65.46M / 91.00M  
  Iter 1 / 1 Rows = (0, 2), Count = 65.61M / 91.00M  
  Iter 1 / 1 Rows = (0, 2), Count = 65.77M / 91.00M  
  Iter 1 / 1 Rows = (0, 2), Count = 65.92M / 91.00M  
  Iter 1 / 1 Rows = (0, 2), Count = 66.07M / 91.00M  
  Iter 1 / 1 Rows = (0, 2), Count = 66.23M / 91.00M  
  Iter 1 / 1 Rows = (0, 2), Count = 66.40M / 91.00M  
  Iter 1 / 1 Rows = (0, 2), Count = 66.55M / 91.00M  
  Iter 1 / 1 Rows = (0, 2), Count = 66.71M / 91.00M  
  Iter 1 / 1 Rows = (0, 2), Count = 66.86M / 91.00M  
  Iter 1 / 1 Rows = (0, 2), Count = 67.01M / 91.00M  
  Iter 1 / 1 Rows = (0, 2), Count = 67.17M / 91.00M  
  Iter 1 / 1 Rows = (0, 2), Count = 67.32M / 91.00M  
  Iter 1 / 1 Rows = (0, 2), Count = 67.48M / 91.00M  
  Iter 1 / 1 Rows = (0, 2), Count = 67.63M / 91.00M  
  Iter 1 / 1 Rows = (0, 2), Count = 67.79M / 91.00M  
  Iter 1 / 1 Rows = (0, 2), Count = 67.96M / 91.00M  
  Iter 1 / 1 Rows = (0, 2), Count = 68.11M / 91.00M  
  Iter 1 / 1 Rows = (0, 2), Count = 68.26M / 91.00M  
  Iter 1 / 1 Rows = (0, 2), Count = 68.42M / 91.00M  
  Iter 1 / 1 Rows = (0, 2), Count = 68.57M / 91.00M  
  Iter 1 / 1 Rows = (0, 2), Count = 68.74M / 91.00M  
  Iter 1 / 1 Rows = (0, 2), Count = 68.90M / 91.00M  
  Iter 1 / 1 Rows = (0, 2), Count = 69.05M / 91.00M  
  Iter 1 / 1 Rows = (0, 2), Count = 69.20M / 91.00M  
  Iter 1 / 1 Rows = (0, 2), Count = 69.36M / 91.00M  
  Iter 1 / 1 Rows = (0, 2), Count = 69.51M / 91.00M  
  Iter 1 / 1 Rows = (0, 2), Count = 69.67M / 91.00M  
  Iter 1 / 1 Rows = (0, 2), Count = 69.82M / 91.00M  
  Iter 1 / 1 Rows = (0, 2), Count = 69.97M / 91.00M  
  Iter 1 / 1 Rows = (0, 2), Count = 70.13M / 91.00M  
  Iter 1 / 1 Rows = (0, 2), Count = 70.28M / 91.00M  
  Iter 1 / 1 Rows = (0, 2), Count = 70.44M / 91.00M  
  Iter 1 / 1 Rows = (0, 2), Count = 70.59M / 91.00M  
  Iter 1 / 1 Rows = (0, 2), Count = 70.75M / 91.00M  
  Iter 1 / 1 Rows = (0, 2), Count = 70.92M / 91.00M  
  Iter 1 / 1 Rows = (0, 2), Count = 71.10M / 91.00M  
  Iter 1 / 1 Rows = (0, 2), Count = 71.26M / 91.00M  
  Iter 1 / 1 Rows = (0, 2), Count = 71.42M / 91.00M  
  Iter 1 / 1 Rows = (0, 2), Count = 71.58M / 91.00M  
  Iter 1 / 1 Rows = (0, 2), Count = 71.74M / 91.00M  
  Iter 1 / 1 Rows = (0, 2), Count = 71.89M / 91.00M  
  Iter 1 / 1 Rows = (0, 2), Count = 72.05M / 91.00M  
  Iter 1 / 1 Rows = (0, 2), Count = 72.20M / 91.00M  
  Iter 1 / 1 Rows = (0, 2), Count = 72.36M / 91.00M  
  Iter 1 / 1 Rows = (0, 2), Count = 72.51M / 91.00M  
  Iter 1 / 1 Rows = (0, 2), Count = 72.66M / 91.00M  
  Iter 1 / 1 Rows = (0, 2), Count = 72.82M / 91.00M  
  Iter 1 / 1 Rows = (0, 2), Count = 72.97M / 91.00M  
  Iter 1 / 1 Rows = (0, 2), Count = 73.13M / 91.00M  
  Iter 1 / 1 Rows = (0, 2), Count = 73.28M / 91.00M  
  Iter 1 / 1 Rows = (0, 2), Count = 73.44M / 91.00M  
  Iter 1 / 1 Rows = (0, 2), Count = 73.59M / 91.00M  
  Iter 1 / 1 Rows = (0, 2), Count = 73.75M / 91.00M  
  Iter 1 / 1 Rows = (0, 2), Count = 73.90M / 91.00M  
  Iter 1 / 1 Rows = (0, 2), Count = 74.06M / 91.00M  
  Iter 1 / 1 Rows = (0, 2), Count = 74.21M / 91.00M  
  Iter 1 / 1 Rows = (0, 2), Count = 74.37M / 91.00M  
  Iter 1 / 1 Rows = (0, 2), Count = 74.52M / 91.00M  
  Iter 1 / 1 Rows = (0, 2), Count = 74.67M / 91.00M  
  Iter 1 / 1 Rows = (0, 2), Count = 74.83M / 91.00M  
  Iter 1 / 1 Rows = (0, 2), Count = 74.98M / 91.00M  
  Iter 1 / 1 Rows = (0, 2), Count = 75.13M / 91.00M  
  Iter 1 / 1 Rows = (0, 2), Count = 75.29M / 91.00M  
  Iter 1 / 1 Rows = (0, 2), Count = 75.44M / 91.00M  
  Iter 1 / 1 Rows = (0, 2), Count = 75.60M / 91.00M  
  Iter 1 / 1 Rows = (0, 2), Count = 75.75M / 91.00M  
  Iter 1 / 1 Rows = (0, 2), Count = 75.91M / 91.00M  
  Iter 1 / 1 Rows = (0, 2), Count = 76.06M / 91.00M  
  Iter 1 / 1 Rows = (0, 2), Count = 76.21M / 91.00M  
  Iter 1 / 1 Rows = (0, 2), Count = 76.37M / 91.00M  
  Iter 1 / 1 Rows = (0, 2), Count = 76.52M / 91.00M  
  Iter 1 / 1 Rows = (0, 2), Count = 76.68M / 91.00M  
  Iter 1 / 1 Rows = (0, 2), Count = 76.83M / 91.00M  
  Iter 1 / 1 Rows = (0, 2), Count = 76.99M / 91.00M  
  Iter 1 / 1 Rows = (0, 2), Count = 77.14M / 91.00M  
  Iter 1 / 1 Rows = (0, 2), Count = 77.30M / 91.00M  
  Iter 1 / 1 Rows = (0, 2), Count = 77.45M / 91.00M  
  Iter 1 / 1 Rows = (0, 2), Count = 77.60M / 91.00M  
  Iter 1 / 1 Rows = (0, 2), Count = 77.76M / 91.00M  
  Iter 1 / 1 Rows = (0, 2), Count = 77.91M / 91.00M  
  Iter 1 / 1 Rows = (0, 2), Count = 78.07M / 91.00M  
  Iter 1 / 1 Rows = (0, 2), Count = 78.22M / 91.00M  
  Iter 1 / 1 Rows = (0, 2), Count = 78.38M / 91.00M  
  Iter 1 / 1 Rows = (0, 2), Count = 78.53M / 91.00M  
  Iter 1 / 1 Rows = (0, 2), Count = 78.68M / 91.00M  
  Iter 1 / 1 Rows = (0, 2), Count = 78.84M / 91.00M  
  Iter 1 / 1 Rows = (0, 2), Count = 78.99M / 91.00M  
  Iter 1 / 1 Rows = (0, 2), Count = 79.15M / 91.00M  
  Iter 1 / 1 Rows = (0, 2), Count = 79.30M / 91.00M  
  Iter 1 / 1 Rows = (0, 2), Count = 79.46M / 91.00M  
  Iter 1 / 1 Rows = (0, 2), Count = 79.61M / 91.00M  
  Iter 1 / 1 Rows = (0, 2), Count = 79.77M / 91.00M  
  Iter 1 / 1 Rows = (0, 2), Count = 79.93M / 91.00M  
  Iter 1 / 1 Rows = (0, 2), Count = 80.08M / 91.00M  
  Iter 1 / 1 Rows = (0, 2), Count = 80.25M / 91.00M  
  Iter 1 / 1 Rows = (0, 2), Count = 80.40M / 91.00M  
  Iter 1 / 1 Rows = (0, 2), Count = 80.56M / 91.00M  
  Iter 1 / 1 Rows = (0, 2), Count = 80.71M / 91.00M  
  Iter 1 / 1 Rows = (0, 2), Count = 80.86M / 91.00M  
  Iter 1 / 1 Rows = (0, 2), Count = 81.02M / 91.00M  
  Iter 1 / 1 Rows = (0, 2), Count = 81.17M / 91.00M  
  Iter 1 / 1 Rows = (0, 2), Count = 81.33M / 91.00M  
  Iter 1 / 1 Rows = (0, 2), Count = 81.48M / 91.00M  
  Iter 1 / 1 Rows = (0, 2), Count = 81.64M / 91.00M  
  Iter 1 / 1 Rows = (0, 2), Count = 81.79M / 91.00M  
  Iter 1 / 1 Rows = (0, 2), Count = 81.95M / 91.00M  
  Iter 1 / 1 Rows = (0, 2), Count = 82.10M / 91.00M  
  Iter 1 / 1 Rows = (0, 2), Count = 82.25M / 91.00M  
  Iter 1 / 1 Rows = (0, 2), Count = 82.41M / 91.00M  
  Iter 1 / 1 Rows = (0, 2), Count = 82.57M / 91.00M  
  Iter 1 / 1 Rows = (0, 2), Count = 82.72M / 91.00M  
  Iter 1 / 1 Rows = (0, 2), Count = 82.87M / 91.00M  
  Iter 1 / 1 Rows = (0, 2), Count = 83.03M / 91.00M  
  Iter 1 / 1 Rows = (0, 2), Count = 83.18M / 91.00M  
  Iter 1 / 1 Rows = (0, 2), Count = 83.34M / 91.00M  
  Iter 1 / 1 Rows = (0, 2), Count = 83.49M / 91.00M  
  Iter 1 / 1 Rows = (0, 2), Count = 83.64M / 91.00M  
  Iter 1 / 1 Rows = (0, 2), Count = 83.80M / 91.00M  
  Iter 1 / 1 Rows = (0, 2), Count = 83.95M / 91.00M  
  Iter 1 / 1 Rows = (0, 2), Count = 84.12M / 91.00M  
  Iter 1 / 1 Rows = (0, 2), Count = 84.28M / 91.00M  
  Iter 1 / 1 Rows = (0, 2), Count = 84.44M / 91.00M  
  Iter 1 / 1 Rows = (0, 2), Count = 84.60M / 91.00M  
  Iter 1 / 1 Rows = (0, 2), Count = 84.75M / 91.00M  
  Iter 1 / 1 Rows = (0, 2), Count = 84.90M / 91.00M  
  Iter 1 / 1 Rows = (0, 2), Count = 85.06M / 91.00M  
  Iter 1 / 1 Rows = (0, 2), Count = 85.21M / 91.00M  
  Iter 1 / 1 Rows = (0, 2), Count = 85.37M / 91.00M  
  Iter 1 / 1 Rows = (0, 2), Count = 85.52M / 91.00M  
  Iter 1 / 1 Rows = (0, 2), Count = 85.68M / 91.00M  
  Iter 1 / 1 Rows = (0, 2), Count = 85.83M / 91.00M  
  Iter 1 / 1 Rows = (0, 2), Count = 85.99M / 91.00M  
  Iter 1 / 1 Rows = (0, 2), Count = 86.14M / 91.00M  
  Iter 1 / 1 Rows = (0, 2), Count = 86.29M / 91.00M  
  Iter 1 / 1 Rows = (0, 2), Count = 86.45M / 91.00M  
  Iter 1 / 1 Rows = (0, 2), Count = 86.60M / 91.00M  
  Iter 1 / 1 Rows = (0, 2), Count = 86.76M / 91.00M  
  Iter 1 / 1 Rows = (0, 2), Count = 86.91M / 91.00M  
  Iter 1 / 1 Rows = (0, 2), Count = 87.07M / 91.00M  
  Iter 1 / 1 Rows = (0, 2), Count = 87.22M / 91.00M  
  Iter 1 / 1 Rows = (0, 2), Count = 87.38M / 91.00M  
  Iter 1 / 1 Rows = (0, 2), Count = 87.53M / 91.00M  
  Iter 1 / 1 Rows = (0, 2), Count = 87.69M / 91.00M  
  Iter 1 / 1 Rows = (0, 2), Count = 87.84M / 91.00M  
  Iter 1 / 1 Rows = (0, 2), Count = 87.99M / 91.00M  
  Iter 1 / 1 Rows = (0, 2), Count = 88.15M / 91.00M  
  Iter 1 / 1 Rows = (0, 2), Count = 88.31M / 91.00M  
  Iter 1 / 1 Rows = (0, 2), Count = 88.46M / 91.00M  
  Iter 1 / 1 Rows = (0, 2), Count = 88.61M / 91.00M  
  Iter 1 / 1 Rows = (0, 2), Count = 88.77M / 91.00M  
  Iter 1 / 1 Rows = (0, 2), Count = 88.92M / 91.00M  
  Iter 1 / 1 Rows = (0, 2), Count = 89.08M / 91.00M  
  Iter 1 / 1 Rows = (0, 2), Count = 89.23M / 91.00M  
  Iter 1 / 1 Rows = (0, 2), Count = 89.39M / 91.00M  
  Iter 1 / 1 Rows = (0, 2), Count = 89.54M / 91.00M  
  Iter 1 / 1 Rows = (0, 2), Count = 89.70M / 91.00M  
  Iter 1 / 1 Rows = (0, 2), Count = 89.85M / 91.00M  
  Iter 1 / 1 Rows = (0, 2), Count = 90.00M / 91.00M  
  Iter 1 / 1 Rows = (0, 2), Count = 90.16M / 91.00M  
  Iter 1 / 1 Rows = (0, 2), Count = 90.31M / 91.00M  
  Iter 1 / 1 Rows = (0, 2), Count = 90.47M / 91.00M  
  Iter 1 / 1 Rows = (0, 2), Count = 90.62M / 91.00M  
  Iter 1 / 1 Rows = (0, 2), Count = 90.79M / 91.00M  
  Iter 1 / 1 Rows = (0, 2), Count = 90.96M / 91.00M  
  Iter 1 / 1 Rows = (0, 2), Count = 91.00M / 91.00M  

Verifying attacked memory ...
OK
