row,bank,col,byte_in_row,byte_lane,bit_in_byte,flip_addr,data_bit,expected_bit,direction,block_addr,block_word_index
1,0,0,9,1,0,1073807369,1,0,0->1,1073807360,0
1,0,0,12,4,0,1073807372,1,0,0->1,1073807360,0
1,0,0,13,5,2,1073807373,1,0,0->1,1073807360,0
1,0,0,16,0,5,1073807376,0,1,1->0,1073807360,0
1,0,0,31,7,5,1073807391,0,1,1->0,1073807360,0
1,0,0,40,0,0,1073807400,1,0,0->1,1073807360,0
1,0,0,47,7,0,1073807407,1,0,0->1,1073807360,0
1,0,8,88,0,0,1073807448,1,0,0->1,1073807424,16
1,0,8,97,1,0,1073807457,1,0,0->1,1073807424,16
1,0,8,99,3,2,1073807459,1,0,0->1,1073807424,16
1,0,8,99,3,7,1073807459,0,1,1->0,1073807424,16
1,0,8,102,6,5,1073807462,0,1,1->0,1073807424,16
1,0,16,128,0,7,1073807488,0,1,1->0,1073807488,32
1,0,16,139,3,0,1073807499,1,0,0->1,1073807488,32
1,0,16,143,7,7,1073807503,0,1,1->0,1073807488,32
1,0,16,146,2,5,1073807506,0,1,1->0,1073807488,32
1,0,16,156,4,0,1073807516,1,0,0->1,1073807488,32
1,0,16,161,1,5,1073807521,0,1,1->0,1073807488,32
1,0,16,162,2,5,1073807522,0,1,1->0,1073807488,32
1,0,24,193,1,5,1073807553,0,1,1->0,1073807552,48
1,0,24,196,4,5,1073807556,0,1,1->0,1073807552,48
1,0,24,199,7,2,1073807559,1,0,0->1,1073807552,48
1,0,24,206,6,2,1073807566,1,0,0->1,1073807552,48
1,0,24,213,5,0,1073807573,1,0,0->1,1073807552,48
1,0,24,215,7,7,1073807575,0,1,1->0,1073807552,48
1,0,24,217,1,0,1073807577,1,0,0->1,1073807552,48
1,0,24,237,5,2,1073807597,1,0,0->1,1073807552,48
1,0,24,243,3,2,1073807603,1,0,0->1,1073807552,48
1,0,32,262,6,2,1073807622,1,0,0->1,1073807616,64
1,0,32,265,1,0,1073807625,1,0,0->1,1073807616,64
1,0,32,272,0,2,1073807632,1,0,0->1,1073807616,64
1,0,32,272,0,7,1073807632,0,1,1->0,1073807616,64
1,0,32,276,4,2,1073807636,1,0,0->1,1073807616,64
1,0,32,278,6,0,1073807638,1,0,0->1,1073807616,64
1,0,32,280,0,5,1073807640,0,1,1->0,1073807616,64
1,0,32,293,5,0,1073807653,1,0,0->1,1073807616,64
1,0,32,294,6,5,1073807654,0,1,1->0,1073807616,64
1,0,32,299,3,5,1073807659,0,1,1->0,1073807616,64
1,0,32,304,0,0,1073807664,1,0,0->1,1073807616,64
1,0,40,329,1,7,1073807689,0,1,1->0,1073807680,80
1,0,40,348,4,2,1073807708,1,0,0->1,1073807680,80
1,0,40,352,0,5,1073807712,0,1,1->0,1073807680,80
1,0,40,354,2,5,1073807714,0,1,1->0,1073807680,80
1,0,48,408,0,0,1073807768,1,0,0->1,1073807744,96
1,0,48,436,4,7,1073807796,0,1,1->0,1073807744,96
1,0,56,453,5,0,1073807813,1,0,0->1,1073807808,112
1,0,56,466,2,7,1073807826,0,1,1->0,1073807808,112
1,0,56,476,4,0,1073807836,1,0,0->1,1073807808,112
1,0,56,481,1,7,1073807841,0,1,1->0,1073807808,112
1,0,64,521,1,2,1073807881,1,0,0->1,1073807872,128
1,0,64,525,5,2,1073807885,1,0,0->1,1073807872,128
1,0,64,529,1,2,1073807889,1,0,0->1,1073807872,128
1,0,64,535,7,7,1073807895,0,1,1->0,1073807872,128
1,0,64,540,4,2,1073807900,1,0,0->1,1073807872,128
1,0,64,546,2,2,1073807906,1,0,0->1,1073807872,128
1,0,64,567,7,0,1073807927,1,0,0->1,1073807872,128
1,0,64,567,7,7,1073807927,0,1,1->0,1073807872,128
1,0,72,583,7,7,1073807943,0,1,1->0,1073807936,144
1,0,72,595,3,5,1073807955,0,1,1->0,1073807936,144
1,0,72,597,5,0,1073807957,1,0,0->1,1073807936,144
1,0,72,600,0,5,1073807960,0,1,1->0,1073807936,144
1,0,72,622,6,7,1073807982,0,1,1->0,1073807936,144
1,0,72,631,7,0,1073807991,1,0,0->1,1073807936,144
1,0,72,632,0,7,1073807992,0,1,1->0,1073807936,144
1,0,80,647,7,5,1073808007,0,1,1->0,1073808000,160
1,0,80,662,6,0,1073808022,1,0,0->1,1073808000,160
1,0,80,663,7,5,1073808023,0,1,1->0,1073808000,160
1,0,80,664,0,7,1073808024,0,1,1->0,1073808000,160
1,0,80,667,3,2,1073808027,1,0,0->1,1073808000,160
1,0,80,674,2,0,1073808034,1,0,0->1,1073808000,160
1,0,80,681,1,0,1073808041,1,0,0->1,1073808000,160
1,0,88,731,3,0,1073808091,1,0,0->1,1073808064,176
1,0,88,738,2,7,1073808098,0,1,1->0,1073808064,176
1,0,88,743,7,7,1073808103,0,1,1->0,1073808064,176
1,0,88,753,1,7,1073808113,0,1,1->0,1073808064,176
1,0,96,785,1,0,1073808145,1,0,0->1,1073808128,192
1,0,96,791,7,0,1073808151,1,0,0->1,1073808128,192
1,0,96,793,1,7,1073808153,0,1,1->0,1073808128,192
1,0,96,815,7,0,1073808175,1,0,0->1,1073808128,192
1,0,96,823,7,7,1073808183,0,1,1->0,1073808128,192
1,0,96,826,2,0,1073808186,1,0,0->1,1073808128,192
1,0,104,840,0,2,1073808200,1,0,0->1,1073808192,208
1,0,104,843,3,5,1073808203,0,1,1->0,1073808192,208
1,0,104,849,1,5,1073808209,0,1,1->0,1073808192,208
1,0,112,957,5,7,1073808317,0,1,1->0,1073808256,224
1,0,120,976,0,7,1073808336,0,1,1->0,1073808320,240
1,0,120,984,0,7,1073808344,0,1,1->0,1073808320,240
1,0,120,990,6,5,1073808350,0,1,1->0,1073808320,240
1,0,120,991,7,0,1073808351,1,0,0->1,1073808320,240
1,0,120,991,7,7,1073808351,0,1,1->0,1073808320,240
1,0,120,992,0,0,1073808352,1,0,0->1,1073808320,240
1,0,120,1002,2,7,1073808362,0,1,1->0,1073808320,240
1,0,120,1019,3,7,1073808379,0,1,1->0,1073808320,240
1,0,128,1030,6,7,1073808390,0,1,1->0,1073808384,256
1,0,128,1034,2,7,1073808394,0,1,1->0,1073808384,256
1,0,128,1061,5,0,1073808421,1,0,0->1,1073808384,256
1,0,128,1068,4,0,1073808428,1,0,0->1,1073808384,256
1,0,128,1076,4,5,1073808436,0,1,1->0,1073808384,256
1,0,136,1100,4,7,1073808460,0,1,1->0,1073808448,272
1,0,136,1111,7,2,1073808471,1,0,0->1,1073808448,272
1,0,144,1162,2,7,1073808522,0,1,1->0,1073808512,288
1,0,144,1170,2,7,1073808530,0,1,1->0,1073808512,288
1,0,144,1177,1,2,1073808537,1,0,0->1,1073808512,288
1,0,144,1214,6,5,1073808574,0,1,1->0,1073808512,288
1,0,152,1220,4,2,1073808580,1,0,0->1,1073808576,304
1,0,152,1220,4,5,1073808580,0,1,1->0,1073808576,304
1,0,152,1224,0,7,1073808584,0,1,1->0,1073808576,304
1,0,152,1225,1,2,1073808585,1,0,0->1,1073808576,304
1,0,152,1227,3,7,1073808587,0,1,1->0,1073808576,304
1,0,152,1240,0,7,1073808600,0,1,1->0,1073808576,304
1,0,152,1250,2,0,1073808610,1,0,0->1,1073808576,304
1,0,152,1266,2,7,1073808626,0,1,1->0,1073808576,304
1,0,152,1268,4,2,1073808628,1,0,0->1,1073808576,304
1,0,152,1271,7,7,1073808631,0,1,1->0,1073808576,304
1,0,160,1287,7,7,1073808647,0,1,1->0,1073808640,320
1,0,160,1290,2,2,1073808650,1,0,0->1,1073808640,320
1,0,160,1304,0,0,1073808664,1,0,0->1,1073808640,320
1,0,160,1309,5,2,1073808669,1,0,0->1,1073808640,320
1,0,160,1318,6,7,1073808678,0,1,1->0,1073808640,320
1,0,160,1327,7,5,1073808687,0,1,1->0,1073808640,320
1,0,168,1366,6,2,1073808726,1,0,0->1,1073808704,336
1,0,168,1372,4,7,1073808732,0,1,1->0,1073808704,336
1,0,168,1374,6,2,1073808734,1,0,0->1,1073808704,336
1,0,168,1381,5,7,1073808741,0,1,1->0,1073808704,336
1,0,168,1395,3,2,1073808755,1,0,0->1,1073808704,336
1,0,168,1403,3,2,1073808763,1,0,0->1,1073808704,336
1,0,176,1412,4,0,1073808772,1,0,0->1,1073808768,352
1,0,176,1417,1,5,1073808777,0,1,1->0,1073808768,352
1,0,176,1418,2,5,1073808778,0,1,1->0,1073808768,352
1,0,176,1426,2,2,1073808786,1,0,0->1,1073808768,352
1,0,176,1435,3,5,1073808795,0,1,1->0,1073808768,352
1,0,176,1448,0,2,1073808808,1,0,0->1,1073808768,352
1,0,184,1479,7,2,1073808839,1,0,0->1,1073808832,368
1,0,184,1497,1,0,1073808857,1,0,0->1,1073808832,368
1,0,184,1497,1,2,1073808857,1,0,0->1,1073808832,368
1,0,184,1509,5,0,1073808869,1,0,0->1,1073808832,368
1,0,184,1509,5,2,1073808869,1,0,0->1,1073808832,368
1,0,184,1520,0,0,1073808880,1,0,0->1,1073808832,368
1,0,192,1548,4,0,1073808908,1,0,0->1,1073808896,384
1,0,192,1553,1,5,1073808913,0,1,1->0,1073808896,384
1,0,192,1589,5,5,1073808949,0,1,1->0,1073808896,384
1,0,192,1590,6,5,1073808950,0,1,1->0,1073808896,384
1,0,200,1611,3,5,1073808971,0,1,1->0,1073808960,400
1,0,200,1622,6,0,1073808982,1,0,0->1,1073808960,400
1,0,200,1628,4,0,1073808988,1,0,0->1,1073808960,400
1,0,200,1639,7,0,1073808999,1,0,0->1,1073808960,400
1,0,200,1641,1,0,1073809001,1,0,0->1,1073808960,400
1,0,200,1643,3,5,1073809003,0,1,1->0,1073808960,400
1,0,200,1662,6,2,1073809022,1,0,0->1,1073808960,400
1,0,208,1670,6,7,1073809030,0,1,1->0,1073809024,416
1,0,208,1675,3,7,1073809035,0,1,1->0,1073809024,416
1,0,208,1689,1,5,1073809049,0,1,1->0,1073809024,416
1,0,208,1713,1,2,1073809073,1,0,0->1,1073809024,416
1,0,208,1725,5,0,1073809085,1,0,0->1,1073809024,416
1,0,216,1734,6,0,1073809094,1,0,0->1,1073809088,432
1,0,216,1735,7,7,1073809095,0,1,1->0,1073809088,432
1,0,216,1736,0,2,1073809096,1,0,0->1,1073809088,432
1,0,216,1744,0,5,1073809104,0,1,1->0,1073809088,432
1,0,216,1751,7,7,1073809111,0,1,1->0,1073809088,432
1,0,216,1759,7,2,1073809119,1,0,0->1,1073809088,432
1,0,216,1759,7,7,1073809119,0,1,1->0,1073809088,432
1,0,216,1788,4,7,1073809148,0,1,1->0,1073809088,432
1,0,224,1806,6,5,1073809166,0,1,1->0,1073809152,448
1,0,224,1814,6,0,1073809174,1,0,0->1,1073809152,448
1,0,224,1815,7,2,1073809175,1,0,0->1,1073809152,448
1,0,224,1853,5,0,1073809213,1,0,0->1,1073809152,448
1,0,224,1854,6,7,1073809214,0,1,1->0,1073809152,448
1,0,232,1874,2,5,1073809234,0,1,1->0,1073809216,464
1,0,232,1902,6,2,1073809262,1,0,0->1,1073809216,464
1,0,232,1911,7,2,1073809271,1,0,0->1,1073809216,464
1,0,232,1915,3,0,1073809275,1,0,0->1,1073809216,464
1,0,240,1929,1,5,1073809289,0,1,1->0,1073809280,480
1,0,240,1936,0,5,1073809296,0,1,1->0,1073809280,480
1,0,240,1980,4,5,1073809340,0,1,1->0,1073809280,480
1,0,248,2013,5,5,1073809373,0,1,1->0,1073809344,496
1,0,248,2017,1,5,1073809377,0,1,1->0,1073809344,496
1,0,248,2026,2,0,1073809386,1,0,0->1,1073809344,496
1,0,248,2027,3,2,1073809387,1,0,0->1,1073809344,496
1,0,248,2038,6,2,1073809398,1,0,0->1,1073809344,496
1,0,256,2048,0,0,1073809408,1,0,0->1,1073809408,512
1,0,256,2052,4,0,1073809412,1,0,0->1,1073809408,512
1,0,256,2053,5,5,1073809413,0,1,1->0,1073809408,512
1,0,256,2067,3,7,1073809427,0,1,1->0,1073809408,512
1,0,256,2103,7,5,1073809463,0,1,1->0,1073809408,512
1,0,256,2108,4,2,1073809468,1,0,0->1,1073809408,512
1,0,264,2121,1,7,1073809481,0,1,1->0,1073809472,528
1,0,264,2128,0,7,1073809488,0,1,1->0,1073809472,528
1,0,264,2140,4,2,1073809500,1,0,0->1,1073809472,528
1,0,264,2142,6,5,1073809502,0,1,1->0,1073809472,528
1,0,264,2145,1,2,1073809505,1,0,0->1,1073809472,528
1,0,264,2155,3,7,1073809515,0,1,1->0,1073809472,528
1,0,264,2166,6,5,1073809526,0,1,1->0,1073809472,528
1,0,264,2172,4,0,1073809532,1,0,0->1,1073809472,528
1,0,272,2184,0,0,1073809544,1,0,0->1,1073809536,544
1,0,272,2205,5,0,1073809565,1,0,0->1,1073809536,544
1,0,272,2209,1,5,1073809569,0,1,1->0,1073809536,544
1,0,272,2222,6,0,1073809582,1,0,0->1,1073809536,544
1,0,272,2224,0,5,1073809584,0,1,1->0,1073809536,544
1,0,272,2237,5,5,1073809597,0,1,1->0,1073809536,544
1,0,280,2243,3,0,1073809603,1,0,0->1,1073809600,560
1,0,280,2249,1,0,1073809609,1,0,0->1,1073809600,560
1,0,280,2262,6,5,1073809622,0,1,1->0,1073809600,560
1,0,280,2267,3,5,1073809627,0,1,1->0,1073809600,560
1,0,280,2270,6,0,1073809630,1,0,0->1,1073809600,560
1,0,280,2298,2,5,1073809658,0,1,1->0,1073809600,560
1,0,288,2307,3,7,1073809667,0,1,1->0,1073809664,576
1,0,288,2313,1,5,1073809673,0,1,1->0,1073809664,576
1,0,288,2323,3,5,1073809683,0,1,1->0,1073809664,576
1,0,288,2343,7,0,1073809703,1,0,0->1,1073809664,576
1,0,296,2369,1,2,1073809729,1,0,0->1,1073809728,592
1,0,296,2380,4,2,1073809740,1,0,0->1,1073809728,592
1,0,296,2381,5,0,1073809741,1,0,0->1,1073809728,592
1,0,296,2399,7,0,1073809759,1,0,0->1,1073809728,592
1,0,296,2402,2,0,1073809762,1,0,0->1,1073809728,592
1,0,296,2415,7,2,1073809775,1,0,0->1,1073809728,592
1,0,296,2417,1,5,1073809777,0,1,1->0,1073809728,592
1,0,304,2436,4,5,1073809796,0,1,1->0,1073809792,608
1,0,304,2450,2,5,1073809810,0,1,1->0,1073809792,608
1,0,304,2468,4,2,1073809828,1,0,0->1,1073809792,608
1,0,304,2473,1,5,1073809833,0,1,1->0,1073809792,608
1,0,304,2481,1,5,1073809841,0,1,1->0,1073809792,608
1,0,304,2483,3,0,1073809843,1,0,0->1,1073809792,608
1,0,312,2513,1,2,1073809873,1,0,0->1,1073809856,624
1,0,312,2518,6,0,1073809878,1,0,0->1,1073809856,624
1,0,312,2533,5,0,1073809893,1,0,0->1,1073809856,624
1,0,312,2537,1,7,1073809897,0,1,1->0,1073809856,624
1,0,312,2546,2,7,1073809906,0,1,1->0,1073809856,624
1,0,312,2552,0,5,1073809912,0,1,1->0,1073809856,624
1,0,320,2564,4,2,1073809924,1,0,0->1,1073809920,640
1,0,320,2590,6,5,1073809950,0,1,1->0,1073809920,640
1,0,320,2592,0,7,1073809952,0,1,1->0,1073809920,640
1,0,320,2594,2,0,1073809954,1,0,0->1,1073809920,640
1,0,320,2620,4,0,1073809980,1,0,0->1,1073809920,640
1,0,328,2628,4,7,1073809988,0,1,1->0,1073809984,656
1,0,328,2656,0,7,1073810016,0,1,1->0,1073809984,656
1,0,328,2661,5,2,1073810021,1,0,0->1,1073809984,656
1,0,328,2670,6,0,1073810030,1,0,0->1,1073809984,656
1,0,328,2679,7,0,1073810039,1,0,0->1,1073809984,656
1,0,336,2693,5,2,1073810053,1,0,0->1,1073810048,672
1,0,336,2705,1,0,1073810065,1,0,0->1,1073810048,672
1,0,336,2712,0,2,1073810072,1,0,0->1,1073810048,672
1,0,336,2717,5,0,1073810077,1,0,0->1,1073810048,672
1,0,336,2748,4,7,1073810108,0,1,1->0,1073810048,672
1,0,344,2761,1,7,1073810121,0,1,1->0,1073810112,688
1,0,344,2772,4,7,1073810132,0,1,1->0,1073810112,688
1,0,344,2790,6,5,1073810150,0,1,1->0,1073810112,688
1,0,344,2791,7,2,1073810151,1,0,0->1,1073810112,688
1,0,344,2800,0,5,1073810160,0,1,1->0,1073810112,688
1,0,344,2806,6,7,1073810166,0,1,1->0,1073810112,688
1,0,344,2815,7,0,1073810175,1,0,0->1,1073810112,688
1,0,352,2816,0,2,1073810176,1,0,0->1,1073810176,704
1,0,352,2820,4,7,1073810180,0,1,1->0,1073810176,704
1,0,352,2824,0,2,1073810184,1,0,0->1,1073810176,704
1,0,352,2827,3,7,1073810187,0,1,1->0,1073810176,704
1,0,352,2829,5,0,1073810189,1,0,0->1,1073810176,704
1,0,352,2832,0,2,1073810192,1,0,0->1,1073810176,704
1,0,360,2883,3,0,1073810243,1,0,0->1,1073810240,720
1,0,360,2894,6,7,1073810254,0,1,1->0,1073810240,720
1,0,360,2905,1,7,1073810265,0,1,1->0,1073810240,720
1,0,360,2908,4,5,1073810268,0,1,1->0,1073810240,720
1,0,360,2943,7,0,1073810303,1,0,0->1,1073810240,720
1,0,368,2985,1,0,1073810345,1,0,0->1,1073810304,736
1,0,368,2985,1,5,1073810345,0,1,1->0,1073810304,736
1,0,376,3030,6,7,1073810390,0,1,1->0,1073810368,752
1,0,376,3037,5,7,1073810397,0,1,1->0,1073810368,752
1,0,376,3041,1,0,1073810401,1,0,0->1,1073810368,752
1,0,376,3047,7,2,1073810407,1,0,0->1,1073810368,752
1,0,384,3095,7,0,1073810455,1,0,0->1,1073810432,768
1,0,384,3120,0,2,1073810480,1,0,0->1,1073810432,768
1,0,384,3122,2,7,1073810482,0,1,1->0,1073810432,768
1,0,384,3129,1,5,1073810489,0,1,1->0,1073810432,768
1,0,384,3133,5,0,1073810493,1,0,0->1,1073810432,768
1,0,384,3134,6,5,1073810494,0,1,1->0,1073810432,768
1,0,400,3202,2,7,1073810562,0,1,1->0,1073810560,800
1,0,400,3204,4,5,1073810564,0,1,1->0,1073810560,800
1,0,400,3225,1,0,1073810585,1,0,0->1,1073810560,800
1,0,400,3228,4,2,1073810588,1,0,0->1,1073810560,800
1,0,400,3237,5,7,1073810597,0,1,1->0,1073810560,800
1,0,408,3274,2,0,1073810634,1,0,0->1,1073810624,816
1,0,408,3309,5,0,1073810669,1,0,0->1,1073810624,816
1,0,416,3328,0,7,1073810688,0,1,1->0,1073810688,832
1,0,416,3364,4,2,1073810724,1,0,0->1,1073810688,832
1,0,416,3368,0,2,1073810728,1,0,0->1,1073810688,832
1,0,416,3383,7,5,1073810743,0,1,1->0,1073810688,832
1,0,416,3385,1,0,1073810745,1,0,0->1,1073810688,832
1,0,416,3391,7,7,1073810751,0,1,1->0,1073810688,832
1,0,424,3420,4,2,1073810780,1,0,0->1,1073810752,848
1,0,424,3441,1,7,1073810801,0,1,1->0,1073810752,848
1,0,432,3484,4,0,1073810844,1,0,0->1,1073810816,864
1,0,440,3528,0,0,1073810888,1,0,0->1,1073810880,880
1,0,440,3531,3,7,1073810891,0,1,1->0,1073810880,880
1,0,440,3533,5,2,1073810893,1,0,0->1,1073810880,880
1,0,440,3551,7,0,1073810911,1,0,0->1,1073810880,880
1,0,440,3556,4,5,1073810916,0,1,1->0,1073810880,880
1,0,440,3557,5,0,1073810917,1,0,0->1,1073810880,880
1,0,440,3563,3,2,1073810923,1,0,0->1,1073810880,880
1,0,448,3595,3,0,1073810955,1,0,0->1,1073810944,896
1,0,448,3603,3,5,1073810963,0,1,1->0,1073810944,896
1,0,448,3612,4,2,1073810972,1,0,0->1,1073810944,896
1,0,448,3615,7,0,1073810975,1,0,0->1,1073810944,896
1,0,448,3615,7,5,1073810975,0,1,1->0,1073810944,896
1,0,448,3621,5,2,1073810981,1,0,0->1,1073810944,896
1,0,448,3625,1,5,1073810985,0,1,1->0,1073810944,896
1,0,448,3628,4,5,1073810988,0,1,1->0,1073810944,896
1,0,448,3638,6,5,1073810998,0,1,1->0,1073810944,896
1,0,448,3643,3,7,1073811003,0,1,1->0,1073810944,896
1,0,456,3651,3,5,1073811011,0,1,1->0,1073811008,912
1,0,456,3654,6,5,1073811014,0,1,1->0,1073811008,912
1,0,456,3672,0,0,1073811032,1,0,0->1,1073811008,912
1,0,456,3697,1,5,1073811057,0,1,1->0,1073811008,912
1,0,456,3703,7,5,1073811063,0,1,1->0,1073811008,912
1,0,456,3711,7,0,1073811071,1,0,0->1,1073811008,912
1,0,464,3727,7,5,1073811087,0,1,1->0,1073811072,928
1,0,464,3763,3,7,1073811123,0,1,1->0,1073811072,928
1,0,472,3782,6,5,1073811142,0,1,1->0,1073811136,944
1,0,472,3783,7,2,1073811143,1,0,0->1,1073811136,944
1,0,472,3789,5,5,1073811149,0,1,1->0,1073811136,944
1,0,472,3797,5,7,1073811157,0,1,1->0,1073811136,944
1,0,472,3803,3,0,1073811163,1,0,0->1,1073811136,944
1,0,472,3815,7,5,1073811175,0,1,1->0,1073811136,944
1,0,472,3816,0,7,1073811176,0,1,1->0,1073811136,944
1,0,472,3818,2,0,1073811178,1,0,0->1,1073811136,944
1,0,472,3825,1,7,1073811185,0,1,1->0,1073811136,944
1,0,472,3831,7,5,1073811191,0,1,1->0,1073811136,944
1,0,472,3833,1,2,1073811193,1,0,0->1,1073811136,944
1,0,480,3845,5,0,1073811205,1,0,0->1,1073811200,960
1,0,480,3849,1,5,1073811209,0,1,1->0,1073811200,960
1,0,480,3855,7,5,1073811215,0,1,1->0,1073811200,960
1,0,480,3871,7,2,1073811231,1,0,0->1,1073811200,960
1,0,480,3880,0,0,1073811240,1,0,0->1,1073811200,960
1,0,480,3880,0,2,1073811240,1,0,0->1,1073811200,960
1,0,480,3887,7,2,1073811247,1,0,0->1,1073811200,960
1,0,480,3896,0,2,1073811256,1,0,0->1,1073811200,960
1,0,488,3913,1,0,1073811273,1,0,0->1,1073811264,976
1,0,488,3919,7,7,1073811279,0,1,1->0,1073811264,976
1,0,488,3931,3,2,1073811291,1,0,0->1,1073811264,976
1,0,488,3946,2,2,1073811306,1,0,0->1,1073811264,976
1,0,488,3949,5,0,1073811309,1,0,0->1,1073811264,976
1,0,488,3953,1,2,1073811313,1,0,0->1,1073811264,976
1,0,488,3954,2,0,1073811314,1,0,0->1,1073811264,976
1,0,488,3954,2,7,1073811314,0,1,1->0,1073811264,976
1,0,496,4004,4,2,1073811364,1,0,0->1,1073811328,992
1,0,496,4025,1,7,1073811385,0,1,1->0,1073811328,992
1,0,504,4037,5,7,1073811397,0,1,1->0,1073811392,1008
1,0,504,4057,1,5,1073811417,0,1,1->0,1073811392,1008
1,0,504,4062,6,5,1073811422,0,1,1->0,1073811392,1008
1,0,504,4072,0,7,1073811432,0,1,1->0,1073811392,1008
1,0,512,4097,1,0,1073811457,1,0,0->1,1073811456,1024
1,0,512,4098,2,2,1073811458,1,0,0->1,1073811456,1024
1,0,512,4101,5,7,1073811461,0,1,1->0,1073811456,1024
1,0,512,4103,7,0,1073811463,1,0,0->1,1073811456,1024
1,0,512,4128,0,2,1073811488,1,0,0->1,1073811456,1024
1,0,512,4133,5,0,1073811493,1,0,0->1,1073811456,1024
1,0,520,4160,0,5,1073811520,0,1,1->0,1073811520,1040
1,0,520,4163,3,0,1073811523,1,0,0->1,1073811520,1040
1,0,520,4176,0,0,1073811536,1,0,0->1,1073811520,1040
1,0,520,4189,5,0,1073811549,1,0,0->1,1073811520,1040
1,0,520,4191,7,2,1073811551,1,0,0->1,1073811520,1040
1,0,528,4232,0,2,1073811592,1,0,0->1,1073811584,1056
1,0,528,4245,5,7,1073811605,0,1,1->0,1073811584,1056
1,0,528,4287,7,0,1073811647,1,0,0->1,1073811584,1056
1,0,536,4292,4,7,1073811652,0,1,1->0,1073811648,1072
1,0,536,4310,6,0,1073811670,1,0,0->1,1073811648,1072
1,0,536,4323,3,0,1073811683,1,0,0->1,1073811648,1072
1,0,536,4348,4,2,1073811708,1,0,0->1,1073811648,1072
1,0,536,4348,4,5,1073811708,0,1,1->0,1073811648,1072
1,0,536,4349,5,0,1073811709,1,0,0->1,1073811648,1072
1,0,536,4349,5,5,1073811709,0,1,1->0,1073811648,1072
1,0,536,4351,7,0,1073811711,1,0,0->1,1073811648,1072
1,0,544,4354,2,7,1073811714,0,1,1->0,1073811712,1088
1,0,544,4369,1,7,1073811729,0,1,1->0,1073811712,1088
1,0,544,4380,4,5,1073811740,0,1,1->0,1073811712,1088
1,0,544,4404,4,0,1073811764,1,0,0->1,1073811712,1088
1,0,544,4414,6,2,1073811774,1,0,0->1,1073811712,1088
1,0,552,4430,6,2,1073811790,1,0,0->1,1073811776,1104
1,0,552,4430,6,5,1073811790,0,1,1->0,1073811776,1104
1,0,552,4437,5,2,1073811797,1,0,0->1,1073811776,1104
1,0,552,4444,4,0,1073811804,1,0,0->1,1073811776,1104
1,0,552,4445,5,5,1073811805,0,1,1->0,1073811776,1104
1,0,552,4447,7,7,1073811807,0,1,1->0,1073811776,1104
1,0,552,4459,3,2,1073811819,1,0,0->1,1073811776,1104
1,0,552,4476,4,7,1073811836,0,1,1->0,1073811776,1104
1,0,552,4479,7,0,1073811839,1,0,0->1,1073811776,1104
1,0,560,4497,1,0,1073811857,1,0,0->1,1073811840,1120
1,0,560,4517,5,0,1073811877,1,0,0->1,1073811840,1120
1,0,560,4517,5,5,1073811877,0,1,1->0,1073811840,1120
1,0,560,4528,0,2,1073811888,1,0,0->1,1073811840,1120
1,0,576,4625,1,5,1073811985,0,1,1->0,1073811968,1152
1,0,576,4648,0,7,1073812008,0,1,1->0,1073811968,1152
1,0,584,4673,1,2,1073812033,1,0,0->1,1073812032,1168
1,0,584,4683,3,7,1073812043,0,1,1->0,1073812032,1168
1,0,584,4699,3,7,1073812059,0,1,1->0,1073812032,1168
1,0,584,4704,0,5,1073812064,0,1,1->0,1073812032,1168
1,0,584,4713,1,2,1073812073,1,0,0->1,1073812032,1168
1,0,584,4724,4,5,1073812084,0,1,1->0,1073812032,1168
1,0,592,4740,4,5,1073812100,0,1,1->0,1073812096,1184
1,0,592,4742,6,5,1073812102,0,1,1->0,1073812096,1184
1,0,592,4750,6,0,1073812110,1,0,0->1,1073812096,1184
1,0,592,4760,0,2,1073812120,1,0,0->1,1073812096,1184
1,0,592,4778,2,2,1073812138,1,0,0->1,1073812096,1184
1,0,592,4781,5,0,1073812141,1,0,0->1,1073812096,1184
1,0,592,4784,0,2,1073812144,1,0,0->1,1073812096,1184
1,0,592,4784,0,5,1073812144,0,1,1->0,1073812096,1184
1,0,592,4794,2,5,1073812154,0,1,1->0,1073812096,1184
1,0,592,4796,4,2,1073812156,1,0,0->1,1073812096,1184
1,0,600,4805,5,0,1073812165,1,0,0->1,1073812160,1200
1,0,600,4807,7,2,1073812167,1,0,0->1,1073812160,1200
1,0,600,4812,4,7,1073812172,0,1,1->0,1073812160,1200
1,0,600,4841,1,7,1073812201,0,1,1->0,1073812160,1200
1,0,608,4865,1,5,1073812225,0,1,1->0,1073812224,1216
1,0,608,4869,5,5,1073812229,0,1,1->0,1073812224,1216
1,0,608,4880,0,7,1073812240,0,1,1->0,1073812224,1216
1,0,608,4900,4,7,1073812260,0,1,1->0,1073812224,1216
1,0,608,4901,5,0,1073812261,1,0,0->1,1073812224,1216
1,0,608,4916,4,7,1073812276,0,1,1->0,1073812224,1216
1,0,608,4917,5,7,1073812277,0,1,1->0,1073812224,1216
1,0,608,4927,7,7,1073812287,0,1,1->0,1073812224,1216
1,0,616,4953,1,5,1073812313,0,1,1->0,1073812288,1232
1,0,616,4955,3,0,1073812315,1,0,0->1,1073812288,1232
1,0,616,4957,5,7,1073812317,0,1,1->0,1073812288,1232
1,0,616,4981,5,5,1073812341,0,1,1->0,1073812288,1232
1,0,624,4998,6,2,1073812358,1,0,0->1,1073812352,1248
1,0,624,5002,2,5,1073812362,0,1,1->0,1073812352,1248
1,0,624,5027,3,5,1073812387,0,1,1->0,1073812352,1248
1,0,624,5043,3,0,1073812403,1,0,0->1,1073812352,1248
1,0,632,5077,5,7,1073812437,0,1,1->0,1073812416,1264
1,0,632,5083,3,7,1073812443,0,1,1->0,1073812416,1264
1,0,632,5091,3,5,1073812451,0,1,1->0,1073812416,1264
1,0,632,5108,4,7,1073812468,0,1,1->0,1073812416,1264
1,0,632,5110,6,5,1073812470,0,1,1->0,1073812416,1264
1,0,632,5112,0,5,1073812472,0,1,1->0,1073812416,1264
1,0,632,5114,2,0,1073812474,1,0,0->1,1073812416,1264
1,0,640,5132,4,0,1073812492,1,0,0->1,1073812480,1280
1,0,640,5139,3,5,1073812499,0,1,1->0,1073812480,1280
1,0,640,5151,7,5,1073812511,0,1,1->0,1073812480,1280
1,0,640,5158,6,7,1073812518,0,1,1->0,1073812480,1280
1,0,640,5163,3,2,1073812523,1,0,0->1,1073812480,1280
1,0,640,5175,7,5,1073812535,0,1,1->0,1073812480,1280
1,0,648,5198,6,0,1073812558,1,0,0->1,1073812544,1296
1,0,648,5217,1,5,1073812577,0,1,1->0,1073812544,1296
1,0,648,5225,1,5,1073812585,0,1,1->0,1073812544,1296
1,0,648,5228,4,2,1073812588,1,0,0->1,1073812544,1296
1,0,656,5248,0,0,1073812608,1,0,0->1,1073812608,1312
1,0,656,5252,4,5,1073812612,0,1,1->0,1073812608,1312
1,0,656,5281,1,0,1073812641,1,0,0->1,1073812608,1312
1,0,656,5286,6,7,1073812646,0,1,1->0,1073812608,1312
1,0,664,5315,3,2,1073812675,1,0,0->1,1073812672,1328
1,0,664,5321,1,7,1073812681,0,1,1->0,1073812672,1328
1,0,664,5325,5,5,1073812685,0,1,1->0,1073812672,1328
1,0,664,5326,6,7,1073812686,0,1,1->0,1073812672,1328
1,0,664,5333,5,5,1073812693,0,1,1->0,1073812672,1328
1,0,664,5339,3,5,1073812699,0,1,1->0,1073812672,1328
1,0,664,5342,6,7,1073812702,0,1,1->0,1073812672,1328
1,0,664,5349,5,0,1073812709,1,0,0->1,1073812672,1328
1,0,664,5371,3,0,1073812731,1,0,0->1,1073812672,1328
1,0,672,5389,5,7,1073812749,0,1,1->0,1073812736,1344
1,0,672,5403,3,0,1073812763,1,0,0->1,1073812736,1344
1,0,672,5406,6,2,1073812766,1,0,0->1,1073812736,1344
1,0,672,5413,5,2,1073812773,1,0,0->1,1073812736,1344
1,0,672,5414,6,0,1073812774,1,0,0->1,1073812736,1344
1,0,672,5414,6,7,1073812774,0,1,1->0,1073812736,1344
1,0,672,5429,5,5,1073812789,0,1,1->0,1073812736,1344
1,0,672,5437,5,7,1073812797,0,1,1->0,1073812736,1344
1,0,680,5452,4,7,1073812812,0,1,1->0,1073812800,1360
1,0,680,5474,2,7,1073812834,0,1,1->0,1073812800,1360
1,0,680,5480,0,2,1073812840,1,0,0->1,1073812800,1360
1,0,688,5527,7,5,1073812887,0,1,1->0,1073812864,1376
1,0,688,5540,4,2,1073812900,1,0,0->1,1073812864,1376
1,0,688,5564,4,5,1073812924,0,1,1->0,1073812864,1376
1,0,696,5591,7,5,1073812951,0,1,1->0,1073812928,1392
1,0,704,5643,3,5,1073813003,0,1,1->0,1073812992,1408
1,0,704,5650,2,5,1073813010,0,1,1->0,1073812992,1408
1,0,704,5653,5,5,1073813013,0,1,1->0,1073812992,1408
1,0,704,5655,7,5,1073813015,0,1,1->0,1073812992,1408
1,0,704,5662,6,2,1073813022,1,0,0->1,1073812992,1408
1,0,712,5711,7,5,1073813071,0,1,1->0,1073813056,1424
1,0,712,5729,1,5,1073813089,0,1,1->0,1073813056,1424
1,0,712,5743,7,2,1073813103,1,0,0->1,1073813056,1424
1,0,712,5745,1,5,1073813105,0,1,1->0,1073813056,1424
1,0,720,5763,3,5,1073813123,0,1,1->0,1073813120,1440
1,0,720,5771,3,2,1073813131,1,0,0->1,1073813120,1440
1,0,720,5780,4,5,1073813140,0,1,1->0,1073813120,1440
1,0,720,5783,7,5,1073813143,0,1,1->0,1073813120,1440
1,0,720,5791,7,5,1073813151,0,1,1->0,1073813120,1440
1,0,720,5797,5,7,1073813157,0,1,1->0,1073813120,1440
1,0,720,5804,4,2,1073813164,1,0,0->1,1073813120,1440
1,0,720,5813,5,7,1073813173,0,1,1->0,1073813120,1440
1,0,728,5832,0,5,1073813192,0,1,1->0,1073813184,1456
1,0,728,5836,4,5,1073813196,0,1,1->0,1073813184,1456
1,0,728,5838,6,0,1073813198,1,0,0->1,1073813184,1456
1,0,728,5844,4,7,1073813204,0,1,1->0,1073813184,1456
1,0,736,5891,3,0,1073813251,1,0,0->1,1073813248,1472
1,0,736,5907,3,5,1073813267,0,1,1->0,1073813248,1472
1,0,736,5913,1,5,1073813273,0,1,1->0,1073813248,1472
1,0,744,5966,6,2,1073813326,1,0,0->1,1073813312,1488
1,0,744,5971,3,7,1073813331,0,1,1->0,1073813312,1488
1,0,744,5982,6,7,1073813342,0,1,1->0,1073813312,1488
1,0,744,6015,7,7,1073813375,0,1,1->0,1073813312,1488
1,0,752,6044,4,5,1073813404,0,1,1->0,1073813376,1504
1,0,760,6086,6,0,1073813446,1,0,0->1,1073813440,1520
1,0,760,6093,5,5,1073813453,0,1,1->0,1073813440,1520
1,0,760,6103,7,7,1073813463,0,1,1->0,1073813440,1520
1,0,760,6111,7,2,1073813471,1,0,0->1,1073813440,1520
1,0,760,6123,3,2,1073813483,1,0,0->1,1073813440,1520
1,0,768,6145,1,7,1073813505,0,1,1->0,1073813504,1536
1,0,768,6154,2,5,1073813514,0,1,1->0,1073813504,1536
1,0,768,6166,6,5,1073813526,0,1,1->0,1073813504,1536
1,0,768,6179,3,0,1073813539,1,0,0->1,1073813504,1536
1,0,768,6182,6,0,1073813542,1,0,0->1,1073813504,1536
1,0,768,6195,3,5,1073813555,0,1,1->0,1073813504,1536
1,0,768,6201,1,5,1073813561,0,1,1->0,1073813504,1536
1,0,776,6208,0,5,1073813568,0,1,1->0,1073813568,1552
1,0,776,6219,3,0,1073813579,1,0,0->1,1073813568,1552
1,0,776,6225,1,2,1073813585,1,0,0->1,1073813568,1552
1,0,776,6235,3,2,1073813595,1,0,0->1,1073813568,1552
1,0,776,6263,7,2,1073813623,1,0,0->1,1073813568,1552
1,0,776,6267,3,2,1073813627,1,0,0->1,1073813568,1552
1,0,784,6294,6,5,1073813654,0,1,1->0,1073813632,1568
1,0,784,6297,1,2,1073813657,1,0,0->1,1073813632,1568
1,0,784,6312,0,0,1073813672,1,0,0->1,1073813632,1568
1,0,784,6320,0,7,1073813680,0,1,1->0,1073813632,1568
1,0,784,6335,7,0,1073813695,1,0,0->1,1073813632,1568
1,0,792,6339,3,0,1073813699,1,0,0->1,1073813696,1584
1,0,792,6346,2,2,1073813706,1,0,0->1,1073813696,1584
1,0,792,6351,7,2,1073813711,1,0,0->1,1073813696,1584
1,0,792,6359,7,2,1073813719,1,0,0->1,1073813696,1584
1,0,792,6375,7,5,1073813735,0,1,1->0,1073813696,1584
1,0,800,6405,5,0,1073813765,1,0,0->1,1073813760,1600
1,0,800,6439,7,5,1073813799,0,1,1->0,1073813760,1600
1,0,800,6443,3,7,1073813803,0,1,1->0,1073813760,1600
1,0,800,6456,0,2,1073813816,1,0,0->1,1073813760,1600
1,0,808,6474,2,7,1073813834,0,1,1->0,1073813824,1616
1,0,808,6505,1,7,1073813865,0,1,1->0,1073813824,1616
1,0,808,6510,6,7,1073813870,0,1,1->0,1073813824,1616
1,0,808,6515,3,5,1073813875,0,1,1->0,1073813824,1616
1,0,808,6517,5,2,1073813877,1,0,0->1,1073813824,1616
1,0,808,6526,6,0,1073813886,1,0,0->1,1073813824,1616
1,0,816,6560,0,7,1073813920,0,1,1->0,1073813888,1632
1,0,816,6571,3,2,1073813931,1,0,0->1,1073813888,1632
1,0,816,6575,7,2,1073813935,1,0,0->1,1073813888,1632
1,0,824,6592,0,2,1073813952,1,0,0->1,1073813952,1648
1,0,824,6606,6,7,1073813966,0,1,1->0,1073813952,1648
1,0,824,6608,0,5,1073813968,0,1,1->0,1073813952,1648
1,0,824,6635,3,0,1073813995,1,0,0->1,1073813952,1648
1,0,824,6638,6,7,1073813998,0,1,1->0,1073813952,1648
1,0,832,6665,1,2,1073814025,1,0,0->1,1073814016,1664
1,0,832,6681,1,2,1073814041,1,0,0->1,1073814016,1664
1,0,832,6685,5,5,1073814045,0,1,1->0,1073814016,1664
1,0,832,6694,6,0,1073814054,1,0,0->1,1073814016,1664
1,0,832,6698,2,0,1073814058,1,0,0->1,1073814016,1664
1,0,832,6713,1,2,1073814073,1,0,0->1,1073814016,1664
1,0,840,6730,2,5,1073814090,0,1,1->0,1073814080,1680
1,0,840,6745,1,0,1073814105,1,0,0->1,1073814080,1680
1,0,840,6749,5,5,1073814109,0,1,1->0,1073814080,1680
1,0,840,6765,5,2,1073814125,1,0,0->1,1073814080,1680
1,0,840,6766,6,2,1073814126,1,0,0->1,1073814080,1680
1,0,840,6769,1,0,1073814129,1,0,0->1,1073814080,1680
1,0,848,6785,1,0,1073814145,1,0,0->1,1073814144,1696
1,0,848,6789,5,5,1073814149,0,1,1->0,1073814144,1696
1,0,848,6792,0,7,1073814152,0,1,1->0,1073814144,1696
1,0,848,6803,3,5,1073814163,0,1,1->0,1073814144,1696
1,0,848,6805,5,2,1073814165,1,0,0->1,1073814144,1696
1,0,848,6812,4,5,1073814172,0,1,1->0,1073814144,1696
1,0,848,6814,6,0,1073814174,1,0,0->1,1073814144,1696
1,0,848,6820,4,2,1073814180,1,0,0->1,1073814144,1696
1,0,848,6844,4,2,1073814204,1,0,0->1,1073814144,1696
1,0,856,6855,7,0,1073814215,1,0,0->1,1073814208,1712
1,0,856,6860,4,5,1073814220,0,1,1->0,1073814208,1712
1,0,856,6870,6,7,1073814230,0,1,1->0,1073814208,1712
1,0,856,6881,1,2,1073814241,1,0,0->1,1073814208,1712
1,0,856,6885,5,2,1073814245,1,0,0->1,1073814208,1712
1,0,864,6916,4,2,1073814276,1,0,0->1,1073814272,1728
1,0,864,6916,4,7,1073814276,0,1,1->0,1073814272,1728
1,0,864,6917,5,2,1073814277,1,0,0->1,1073814272,1728
1,0,864,6935,7,7,1073814295,0,1,1->0,1073814272,1728
1,0,864,6945,1,7,1073814305,0,1,1->0,1073814272,1728
1,0,872,6978,2,5,1073814338,0,1,1->0,1073814336,1744
1,0,872,6993,1,7,1073814353,0,1,1->0,1073814336,1744
1,0,872,7005,5,5,1073814365,0,1,1->0,1073814336,1744
1,0,872,7016,0,5,1073814376,0,1,1->0,1073814336,1744
1,0,880,7053,5,7,1073814413,0,1,1->0,1073814400,1760
1,0,880,7055,7,5,1073814415,0,1,1->0,1073814400,1760
1,0,880,7060,4,7,1073814420,0,1,1->0,1073814400,1760
1,0,880,7079,7,7,1073814439,0,1,1->0,1073814400,1760
1,0,880,7093,5,5,1073814453,0,1,1->0,1073814400,1760
1,0,888,7160,0,5,1073814520,0,1,1->0,1073814464,1776
1,0,888,7163,3,5,1073814523,0,1,1->0,1073814464,1776
1,0,896,7185,1,5,1073814545,0,1,1->0,1073814528,1792
1,0,896,7202,2,5,1073814562,0,1,1->0,1073814528,1792
1,0,896,7205,5,7,1073814565,0,1,1->0,1073814528,1792
1,0,896,7227,3,0,1073814587,1,0,0->1,1073814528,1792
1,0,896,7230,6,7,1073814590,0,1,1->0,1073814528,1792
1,0,904,7236,4,5,1073814596,0,1,1->0,1073814592,1808
1,0,904,7238,6,2,1073814598,1,0,0->1,1073814592,1808
1,0,904,7238,6,7,1073814598,0,1,1->0,1073814592,1808
1,0,904,7243,3,5,1073814603,0,1,1->0,1073814592,1808
1,0,904,7248,0,7,1073814608,0,1,1->0,1073814592,1808
1,0,904,7258,2,0,1073814618,1,0,0->1,1073814592,1808
1,0,904,7263,7,2,1073814623,1,0,0->1,1073814592,1808
1,0,904,7273,1,5,1073814633,0,1,1->0,1073814592,1808
1,0,904,7279,7,7,1073814639,0,1,1->0,1073814592,1808
1,0,904,7288,0,2,1073814648,1,0,0->1,1073814592,1808
1,0,912,7296,0,5,1073814656,0,1,1->0,1073814656,1824
1,0,912,7305,1,0,1073814665,1,0,0->1,1073814656,1824
1,0,912,7311,7,2,1073814671,1,0,0->1,1073814656,1824
1,0,912,7350,6,7,1073814710,0,1,1->0,1073814656,1824
1,0,912,7353,1,0,1073814713,1,0,0->1,1073814656,1824
1,0,912,7356,4,5,1073814716,0,1,1->0,1073814656,1824
1,0,920,7375,7,5,1073814735,0,1,1->0,1073814720,1840
1,0,920,7382,6,2,1073814742,1,0,0->1,1073814720,1840
1,0,920,7401,1,7,1073814761,0,1,1->0,1073814720,1840
1,0,920,7420,4,0,1073814780,1,0,0->1,1073814720,1840
1,0,920,7423,7,5,1073814783,0,1,1->0,1073814720,1840
1,0,928,7447,7,0,1073814807,1,0,0->1,1073814784,1856
1,0,928,7449,1,7,1073814809,0,1,1->0,1073814784,1856
1,0,928,7450,2,2,1073814810,1,0,0->1,1073814784,1856
1,0,928,7452,4,5,1073814812,0,1,1->0,1073814784,1856
1,0,928,7470,6,7,1073814830,0,1,1->0,1073814784,1856
1,0,936,7500,4,0,1073814860,1,0,0->1,1073814848,1872
1,0,936,7501,5,7,1073814861,0,1,1->0,1073814848,1872
1,0,936,7513,1,7,1073814873,0,1,1->0,1073814848,1872
1,0,936,7525,5,0,1073814885,1,0,0->1,1073814848,1872
1,0,944,7557,5,7,1073814917,0,1,1->0,1073814912,1888
1,0,944,7559,7,0,1073814919,1,0,0->1,1073814912,1888
1,0,944,7575,7,7,1073814935,0,1,1->0,1073814912,1888
1,0,944,7602,2,5,1073814962,0,1,1->0,1073814912,1888
1,0,944,7607,7,7,1073814967,0,1,1->0,1073814912,1888
1,0,952,7622,6,5,1073814982,0,1,1->0,1073814976,1904
1,0,952,7628,4,2,1073814988,1,0,0->1,1073814976,1904
1,0,952,7641,1,2,1073815001,1,0,0->1,1073814976,1904
1,0,952,7671,7,0,1073815031,1,0,0->1,1073814976,1904
1,0,960,7680,0,5,1073815040,0,1,1->0,1073815040,1920
1,0,960,7688,0,2,1073815048,1,0,0->1,1073815040,1920
1,0,960,7702,6,5,1073815062,0,1,1->0,1073815040,1920
1,0,960,7717,5,0,1073815077,1,0,0->1,1073815040,1920
1,0,960,7741,5,5,1073815101,0,1,1->0,1073815040,1920
1,0,960,7743,7,7,1073815103,0,1,1->0,1073815040,1920
1,0,968,7744,0,7,1073815104,0,1,1->0,1073815104,1936
1,0,968,7781,5,5,1073815141,0,1,1->0,1073815104,1936
1,0,968,7784,0,5,1073815144,0,1,1->0,1073815104,1936
1,0,968,7793,1,2,1073815153,1,0,0->1,1073815104,1936
1,0,968,7804,4,0,1073815164,1,0,0->1,1073815104,1936
1,0,968,7806,6,5,1073815166,0,1,1->0,1073815104,1936
1,0,976,7820,4,7,1073815180,0,1,1->0,1073815168,1952
1,0,976,7831,7,0,1073815191,1,0,0->1,1073815168,1952
1,0,976,7831,7,2,1073815191,1,0,0->1,1073815168,1952
1,0,976,7832,0,7,1073815192,0,1,1->0,1073815168,1952
1,0,976,7847,7,5,1073815207,0,1,1->0,1073815168,1952
1,0,976,7848,0,0,1073815208,1,0,0->1,1073815168,1952
1,0,976,7848,0,2,1073815208,1,0,0->1,1073815168,1952
1,0,976,7849,1,0,1073815209,1,0,0->1,1073815168,1952
1,0,976,7850,2,5,1073815210,0,1,1->0,1073815168,1952
1,0,976,7853,5,7,1073815213,0,1,1->0,1073815168,1952
1,0,984,7876,4,0,1073815236,1,0,0->1,1073815232,1968
1,0,984,7885,5,5,1073815245,0,1,1->0,1073815232,1968
1,0,984,7885,5,7,1073815245,0,1,1->0,1073815232,1968
1,0,984,7899,3,5,1073815259,0,1,1->0,1073815232,1968
1,0,984,7928,0,7,1073815288,0,1,1->0,1073815232,1968
1,0,992,7949,5,0,1073815309,1,0,0->1,1073815296,1984
1,0,992,7951,7,5,1073815311,0,1,1->0,1073815296,1984
1,0,992,7992,0,5,1073815352,0,1,1->0,1073815296,1984
1,0,992,7993,1,2,1073815353,1,0,0->1,1073815296,1984
1,0,1008,8074,2,2,1073815434,1,0,0->1,1073815424,2016
1,0,1008,8075,3,5,1073815435,0,1,1->0,1073815424,2016
1,0,1008,8094,6,7,1073815454,0,1,1->0,1073815424,2016
1,0,1008,8100,4,2,1073815460,1,0,0->1,1073815424,2016
1,0,1008,8106,2,2,1073815466,1,0,0->1,1073815424,2016
1,0,1008,8112,0,2,1073815472,1,0,0->1,1073815424,2016
1,0,1016,8131,3,0,1073815491,1,0,0->1,1073815488,2032
1,0,1016,8146,2,2,1073815506,1,0,0->1,1073815488,2032
1,0,1016,8148,4,7,1073815508,0,1,1->0,1073815488,2032
1,0,1016,8149,5,7,1073815509,0,1,1->0,1073815488,2032
1,0,1016,8170,2,0,1073815530,1,0,0->1,1073815488,2032
1,0,1016,8184,0,5,1073815544,0,1,1->0,1073815488,2032
3,0,0,5,5,7,1073938437,0,1,1->0,1073938432,0
3,0,0,23,7,7,1073938455,0,1,1->0,1073938432,0
3,0,0,39,7,7,1073938471,0,1,1->0,1073938432,0
3,0,0,47,7,7,1073938479,0,1,1->0,1073938432,0
3,0,0,55,7,5,1073938487,0,1,1->0,1073938432,0
3,0,0,56,0,7,1073938488,0,1,1->0,1073938432,0
3,0,0,57,1,0,1073938489,1,0,0->1,1073938432,0
3,0,8,69,5,5,1073938501,0,1,1->0,1073938496,16
3,0,8,69,5,7,1073938501,0,1,1->0,1073938496,16
3,0,8,83,3,5,1073938515,0,1,1->0,1073938496,16
3,0,8,86,6,7,1073938518,0,1,1->0,1073938496,16
3,0,8,105,1,5,1073938537,0,1,1->0,1073938496,16
3,0,8,113,1,0,1073938545,1,0,0->1,1073938496,16
3,0,24,196,4,2,1073938628,1,0,0->1,1073938624,48
3,0,24,211,3,2,1073938643,1,0,0->1,1073938624,48
3,0,24,237,5,5,1073938669,0,1,1->0,1073938624,48
3,0,24,244,4,0,1073938676,1,0,0->1,1073938624,48
3,0,24,247,7,2,1073938679,1,0,0->1,1073938624,48
3,0,32,281,1,7,1073938713,0,1,1->0,1073938688,64
3,0,32,293,5,0,1073938725,1,0,0->1,1073938688,64
3,0,32,293,5,2,1073938725,1,0,0->1,1073938688,64
3,0,32,294,6,0,1073938726,1,0,0->1,1073938688,64
3,0,32,303,7,5,1073938735,0,1,1->0,1073938688,64
3,0,32,313,1,5,1073938745,0,1,1->0,1073938688,64
3,0,40,320,0,5,1073938752,0,1,1->0,1073938752,80
3,0,40,347,3,0,1073938779,1,0,0->1,1073938752,80
3,0,40,366,6,0,1073938798,1,0,0->1,1073938752,80
3,0,40,381,5,7,1073938813,0,1,1->0,1073938752,80
3,0,48,392,0,5,1073938824,0,1,1->0,1073938816,96
3,0,48,408,0,7,1073938840,0,1,1->0,1073938816,96
3,0,56,457,1,0,1073938889,1,0,0->1,1073938880,112
3,0,56,462,6,0,1073938894,1,0,0->1,1073938880,112
3,0,56,465,1,2,1073938897,1,0,0->1,1073938880,112
3,0,56,483,3,2,1073938915,1,0,0->1,1073938880,112
3,0,56,496,0,5,1073938928,0,1,1->0,1073938880,112
3,0,56,502,6,5,1073938934,0,1,1->0,1073938880,112
3,0,64,521,1,2,1073938953,1,0,0->1,1073938944,128
3,0,64,526,6,7,1073938958,0,1,1->0,1073938944,128
3,0,64,553,1,2,1073938985,1,0,0->1,1073938944,128
3,0,64,560,0,0,1073938992,1,0,0->1,1073938944,128
3,0,72,580,4,7,1073939012,0,1,1->0,1073939008,144
3,0,72,597,5,2,1073939029,1,0,0->1,1073939008,144
3,0,72,606,6,0,1073939038,1,0,0->1,1073939008,144
3,0,72,609,1,2,1073939041,1,0,0->1,1073939008,144
3,0,72,621,5,0,1073939053,1,0,0->1,1073939008,144
3,0,72,628,4,0,1073939060,1,0,0->1,1073939008,144
3,0,72,639,7,5,1073939071,0,1,1->0,1073939008,144
3,0,80,647,7,0,1073939079,1,0,0->1,1073939072,160
3,0,80,654,6,5,1073939086,0,1,1->0,1073939072,160
3,0,80,670,6,7,1073939102,0,1,1->0,1073939072,160
3,0,80,678,6,5,1073939110,0,1,1->0,1073939072,160
3,0,80,688,0,7,1073939120,0,1,1->0,1073939072,160
3,0,88,708,4,7,1073939140,0,1,1->0,1073939136,176
3,0,88,754,2,0,1073939186,1,0,0->1,1073939136,176
3,0,88,764,4,2,1073939196,1,0,0->1,1073939136,176
3,0,96,798,6,5,1073939230,0,1,1->0,1073939200,192
3,0,96,806,6,5,1073939238,0,1,1->0,1073939200,192
3,0,96,815,7,7,1073939247,0,1,1->0,1073939200,192
3,0,96,819,3,2,1073939251,1,0,0->1,1073939200,192
3,0,104,841,1,0,1073939273,1,0,0->1,1073939264,208
3,0,104,843,3,0,1073939275,1,0,0->1,1073939264,208
3,0,104,852,4,5,1073939284,0,1,1->0,1073939264,208
3,0,104,854,6,0,1073939286,1,0,0->1,1073939264,208
3,0,104,857,1,0,1073939289,1,0,0->1,1073939264,208
3,0,104,859,3,2,1073939291,1,0,0->1,1073939264,208
3,0,104,865,1,0,1073939297,1,0,0->1,1073939264,208
3,0,104,866,2,2,1073939298,1,0,0->1,1073939264,208
3,0,104,877,5,5,1073939309,0,1,1->0,1073939264,208
3,0,112,912,0,2,1073939344,1,0,0->1,1073939328,224
3,0,112,951,7,5,1073939383,0,1,1->0,1073939328,224
3,0,112,955,3,0,1073939387,1,0,0->1,1073939328,224
3,0,112,956,4,7,1073939388,0,1,1->0,1073939328,224
3,0,120,965,5,2,1073939397,1,0,0->1,1073939392,240
3,0,120,968,0,0,1073939400,1,0,0->1,1073939392,240
3,0,120,978,2,5,1073939410,0,1,1->0,1073939392,240
3,0,120,991,7,0,1073939423,1,0,0->1,1073939392,240
3,0,120,1009,1,5,1073939441,0,1,1->0,1073939392,240
3,0,120,1021,5,5,1073939453,0,1,1->0,1073939392,240
3,0,128,1024,0,2,1073939456,1,0,0->1,1073939456,256
3,0,128,1038,6,5,1073939470,0,1,1->0,1073939456,256
3,0,128,1047,7,2,1073939479,1,0,0->1,1073939456,256
3,0,128,1051,3,0,1073939483,1,0,0->1,1073939456,256
3,0,128,1080,0,5,1073939512,0,1,1->0,1073939456,256
3,0,128,1085,5,0,1073939517,1,0,0->1,1073939456,256
3,0,136,1091,3,2,1073939523,1,0,0->1,1073939520,272
3,0,136,1094,6,0,1073939526,1,0,0->1,1073939520,272
3,0,136,1107,3,0,1073939539,1,0,0->1,1073939520,272
3,0,136,1122,2,5,1073939554,0,1,1->0,1073939520,272
3,0,136,1134,6,0,1073939566,1,0,0->1,1073939520,272
3,0,136,1142,6,7,1073939574,0,1,1->0,1073939520,272
3,0,136,1145,1,2,1073939577,1,0,0->1,1073939520,272
3,0,136,1148,4,2,1073939580,1,0,0->1,1073939520,272
3,0,144,1169,1,7,1073939601,0,1,1->0,1073939584,288
3,0,152,1225,1,0,1073939657,1,0,0->1,1073939648,304
3,0,152,1230,6,7,1073939662,0,1,1->0,1073939648,304
3,0,152,1257,1,7,1073939689,0,1,1->0,1073939648,304
3,0,152,1276,4,0,1073939708,1,0,0->1,1073939648,304
3,0,152,1276,4,7,1073939708,0,1,1->0,1073939648,304
3,0,152,1277,5,0,1073939709,1,0,0->1,1073939648,304
3,0,152,1278,6,5,1073939710,0,1,1->0,1073939648,304
3,0,160,1282,2,7,1073939714,0,1,1->0,1073939712,320
3,0,160,1295,7,7,1073939727,0,1,1->0,1073939712,320
3,0,160,1343,7,7,1073939775,0,1,1->0,1073939712,320
3,0,168,1348,4,0,1073939780,1,0,0->1,1073939776,336
3,0,168,1348,4,2,1073939780,1,0,0->1,1073939776,336
3,0,168,1352,0,7,1073939784,0,1,1->0,1073939776,336
3,0,168,1376,0,2,1073939808,1,0,0->1,1073939776,336
3,0,168,1403,3,7,1073939835,0,1,1->0,1073939776,336
3,0,176,1437,5,0,1073939869,1,0,0->1,1073939840,352
3,0,176,1441,1,7,1073939873,0,1,1->0,1073939840,352
3,0,176,1450,2,0,1073939882,1,0,0->1,1073939840,352
3,0,184,1501,5,5,1073939933,0,1,1->0,1073939904,368
3,0,184,1505,1,5,1073939937,0,1,1->0,1073939904,368
3,0,184,1505,1,7,1073939937,0,1,1->0,1073939904,368
3,0,184,1515,3,7,1073939947,0,1,1->0,1073939904,368
3,0,192,1549,5,0,1073939981,1,0,0->1,1073939968,384
3,0,192,1549,5,5,1073939981,0,1,1->0,1073939968,384
3,0,192,1559,7,7,1073939991,0,1,1->0,1073939968,384
3,0,192,1592,0,7,1073940024,0,1,1->0,1073939968,384
3,0,192,1596,4,5,1073940028,0,1,1->0,1073939968,384
3,0,192,1597,5,0,1073940029,1,0,0->1,1073939968,384
3,0,192,1597,5,2,1073940029,1,0,0->1,1073939968,384
3,0,200,1618,2,2,1073940050,1,0,0->1,1073940032,400
3,0,200,1624,0,7,1073940056,0,1,1->0,1073940032,400
3,0,200,1644,4,2,1073940076,1,0,0->1,1073940032,400
3,0,200,1645,5,7,1073940077,0,1,1->0,1073940032,400
3,0,200,1657,1,0,1073940089,1,0,0->1,1073940032,400
3,0,200,1663,7,2,1073940095,1,0,0->1,1073940032,400
3,0,208,1664,0,7,1073940096,0,1,1->0,1073940096,416
3,0,208,1669,5,2,1073940101,1,0,0->1,1073940096,416
3,0,208,1685,5,5,1073940117,0,1,1->0,1073940096,416
3,0,208,1692,4,7,1073940124,0,1,1->0,1073940096,416
3,0,208,1718,6,5,1073940150,0,1,1->0,1073940096,416
3,0,216,1734,6,0,1073940166,1,0,0->1,1073940160,432
3,0,216,1755,3,7,1073940187,0,1,1->0,1073940160,432
3,0,216,1765,5,7,1073940197,0,1,1->0,1073940160,432
3,0,216,1787,3,0,1073940219,1,0,0->1,1073940160,432
3,0,224,1792,0,7,1073940224,0,1,1->0,1073940224,448
3,0,224,1817,1,7,1073940249,0,1,1->0,1073940224,448
3,0,224,1850,2,7,1073940282,0,1,1->0,1073940224,448
3,0,232,1856,0,2,1073940288,1,0,0->1,1073940288,464
3,0,232,1864,0,5,1073940296,0,1,1->0,1073940288,464
3,0,232,1872,0,7,1073940304,0,1,1->0,1073940288,464
3,0,232,1876,4,2,1073940308,1,0,0->1,1073940288,464
3,0,232,1885,5,7,1073940317,0,1,1->0,1073940288,464
3,0,232,1902,6,2,1073940334,1,0,0->1,1073940288,464
3,0,240,1935,7,2,1073940367,1,0,0->1,1073940352,480
3,0,240,1936,0,2,1073940368,1,0,0->1,1073940352,480
3,0,240,1962,2,7,1073940394,0,1,1->0,1073940352,480
3,0,240,1965,5,7,1073940397,0,1,1->0,1073940352,480
3,0,240,1975,7,0,1073940407,1,0,0->1,1073940352,480
3,0,248,2004,4,0,1073940436,1,0,0->1,1073940416,496
3,0,248,2012,4,2,1073940444,1,0,0->1,1073940416,496
3,0,248,2027,3,0,1073940459,1,0,0->1,1073940416,496
3,0,248,2036,4,2,1073940468,1,0,0->1,1073940416,496
3,0,248,2041,1,2,1073940473,1,0,0->1,1073940416,496
3,0,256,2048,0,0,1073940480,1,0,0->1,1073940480,512
3,0,256,2070,6,7,1073940502,0,1,1->0,1073940480,512
3,0,256,2077,5,2,1073940509,1,0,0->1,1073940480,512
3,0,256,2091,3,2,1073940523,1,0,0->1,1073940480,512
3,0,256,2103,7,7,1073940535,0,1,1->0,1073940480,512
3,0,256,2111,7,2,1073940543,1,0,0->1,1073940480,512
3,0,264,2123,3,0,1073940555,1,0,0->1,1073940544,528
3,0,264,2127,7,7,1073940559,0,1,1->0,1073940544,528
3,0,264,2132,4,0,1073940564,1,0,0->1,1073940544,528
3,0,264,2145,1,0,1073940577,1,0,0->1,1073940544,528
3,0,264,2151,7,2,1073940583,1,0,0->1,1073940544,528
3,0,264,2161,1,2,1073940593,1,0,0->1,1073940544,528
3,0,264,2162,2,0,1073940594,1,0,0->1,1073940544,528
3,0,264,2168,0,7,1073940600,0,1,1->0,1073940544,528
3,0,272,2177,1,2,1073940609,1,0,0->1,1073940608,544
3,0,272,2196,4,7,1073940628,0,1,1->0,1073940608,544
3,0,272,2209,1,0,1073940641,1,0,0->1,1073940608,544
3,0,272,2212,4,5,1073940644,0,1,1->0,1073940608,544
3,0,272,2213,5,2,1073940645,1,0,0->1,1073940608,544
3,0,272,2217,1,0,1073940649,1,0,0->1,1073940608,544
3,0,272,2230,6,0,1073940662,1,0,0->1,1073940608,544
3,0,272,2230,6,7,1073940662,0,1,1->0,1073940608,544
3,0,280,2260,4,0,1073940692,1,0,0->1,1073940672,560
3,0,280,2268,4,5,1073940700,0,1,1->0,1073940672,560
3,0,288,2304,0,0,1073940736,1,0,0->1,1073940736,576
3,0,288,2320,0,2,1073940752,1,0,0->1,1073940736,576
3,0,288,2328,0,0,1073940760,1,0,0->1,1073940736,576
3,0,288,2350,6,7,1073940782,0,1,1->0,1073940736,576
3,0,288,2356,4,5,1073940788,0,1,1->0,1073940736,576
3,0,288,2367,7,5,1073940799,0,1,1->0,1073940736,576
3,0,296,2373,5,5,1073940805,0,1,1->0,1073940800,592
3,0,296,2374,6,0,1073940806,1,0,0->1,1073940800,592
3,0,296,2390,6,2,1073940822,1,0,0->1,1073940800,592
3,0,296,2407,7,7,1073940839,0,1,1->0,1073940800,592
3,0,296,2428,4,0,1073940860,1,0,0->1,1073940800,592
3,0,296,2429,5,2,1073940861,1,0,0->1,1073940800,592
3,0,296,2430,6,7,1073940862,0,1,1->0,1073940800,592
3,0,304,2436,4,7,1073940868,0,1,1->0,1073940864,608
3,0,304,2441,1,0,1073940873,1,0,0->1,1073940864,608
3,0,304,2495,7,5,1073940927,0,1,1->0,1073940864,608
3,0,312,2497,1,7,1073940929,0,1,1->0,1073940928,624
3,0,312,2524,4,2,1073940956,1,0,0->1,1073940928,624
3,0,312,2543,7,0,1073940975,1,0,0->1,1073940928,624
3,0,312,2552,0,2,1073940984,1,0,0->1,1073940928,624
3,0,320,2608,0,5,1073941040,0,1,1->0,1073940992,640
3,0,328,2671,7,7,1073941103,0,1,1->0,1073941056,656
3,0,336,2690,2,2,1073941122,1,0,0->1,1073941120,672
3,0,336,2711,7,7,1073941143,0,1,1->0,1073941120,672
3,0,336,2738,2,5,1073941170,0,1,1->0,1073941120,672
3,0,336,2746,2,2,1073941178,1,0,0->1,1073941120,672
3,0,344,2753,1,2,1073941185,1,0,0->1,1073941184,688
3,0,344,2815,7,2,1073941247,1,0,0->1,1073941184,688
3,0,352,2822,6,5,1073941254,0,1,1->0,1073941248,704
3,0,352,2824,0,2,1073941256,1,0,0->1,1073941248,704
3,0,352,2825,1,7,1073941257,0,1,1->0,1073941248,704
3,0,352,2828,4,0,1073941260,1,0,0->1,1073941248,704
3,0,352,2828,4,7,1073941260,0,1,1->0,1073941248,704
3,0,352,2829,5,2,1073941261,1,0,0->1,1073941248,704
3,0,352,2835,3,2,1073941267,1,0,0->1,1073941248,704
3,0,352,2836,4,2,1073941268,1,0,0->1,1073941248,704
3,0,360,2884,4,7,1073941316,0,1,1->0,1073941312,720
3,0,360,2889,1,0,1073941321,1,0,0->1,1073941312,720
3,0,360,2900,4,2,1073941332,1,0,0->1,1073941312,720
3,0,360,2903,7,7,1073941335,0,1,1->0,1073941312,720
3,0,360,2907,3,5,1073941339,0,1,1->0,1073941312,720
3,0,360,2927,7,2,1073941359,1,0,0->1,1073941312,720
3,0,368,2967,7,0,1073941399,1,0,0->1,1073941376,736
3,0,368,2973,5,0,1073941405,1,0,0->1,1073941376,736
3,0,368,2991,7,7,1073941423,0,1,1->0,1073941376,736
3,0,368,2993,1,0,1073941425,1,0,0->1,1073941376,736
3,0,368,3005,5,7,1073941437,0,1,1->0,1073941376,736
3,0,376,3010,2,5,1073941442,0,1,1->0,1073941440,752
3,0,376,3020,4,5,1073941452,0,1,1->0,1073941440,752
3,0,376,3055,7,7,1073941487,0,1,1->0,1073941440,752
3,0,376,3059,3,0,1073941491,1,0,0->1,1073941440,752
3,0,376,3060,4,2,1073941492,1,0,0->1,1073941440,752
3,0,376,3063,7,7,1073941495,0,1,1->0,1073941440,752
3,0,384,3073,1,5,1073941505,0,1,1->0,1073941504,768
3,0,384,3104,0,2,1073941536,1,0,0->1,1073941504,768
3,0,392,3140,4,5,1073941572,0,1,1->0,1073941568,784
3,0,392,3171,3,0,1073941603,1,0,0->1,1073941568,784
3,0,392,3195,3,5,1073941627,0,1,1->0,1073941568,784
3,0,400,3212,4,2,1073941644,1,0,0->1,1073941632,800
3,0,400,3227,3,2,1073941659,1,0,0->1,1073941632,800
3,0,400,3230,6,0,1073941662,1,0,0->1,1073941632,800
3,0,400,3235,3,5,1073941667,0,1,1->0,1073941632,800
3,0,400,3253,5,5,1073941685,0,1,1->0,1073941632,800
3,0,400,3255,7,2,1073941687,1,0,0->1,1073941632,800
3,0,400,3262,6,7,1073941694,0,1,1->0,1073941632,800
3,0,408,3269,5,7,1073941701,0,1,1->0,1073941696,816
3,0,408,3273,1,0,1073941705,1,0,0->1,1073941696,816
3,0,408,3275,3,7,1073941707,0,1,1->0,1073941696,816
3,0,408,3297,1,0,1073941729,1,0,0->1,1073941696,816
3,0,416,3329,1,5,1073941761,0,1,1->0,1073941760,832
3,0,416,3342,6,5,1073941774,0,1,1->0,1073941760,832
3,0,416,3345,1,5,1073941777,0,1,1->0,1073941760,832
3,0,424,3392,0,0,1073941824,1,0,0->1,1073941824,848
3,0,424,3418,2,0,1073941850,1,0,0->1,1073941824,848
3,0,424,3422,6,2,1073941854,1,0,0->1,1073941824,848
3,0,424,3431,7,5,1073941863,0,1,1->0,1073941824,848
3,0,424,3445,5,7,1073941877,0,1,1->0,1073941824,848
3,0,424,3455,7,5,1073941887,0,1,1->0,1073941824,848
3,0,432,3458,2,0,1073941890,1,0,0->1,1073941888,864
3,0,432,3490,2,5,1073941922,0,1,1->0,1073941888,864
3,0,432,3491,3,0,1073941923,1,0,0->1,1073941888,864
3,0,432,3493,5,2,1073941925,1,0,0->1,1073941888,864
3,0,432,3498,2,2,1073941930,1,0,0->1,1073941888,864
3,0,432,3500,4,0,1073941932,1,0,0->1,1073941888,864
3,0,440,3523,3,5,1073941955,0,1,1->0,1073941952,880
3,0,440,3526,6,0,1073941958,1,0,0->1,1073941952,880
3,0,440,3531,3,2,1073941963,1,0,0->1,1073941952,880
3,0,440,3554,2,2,1073941986,1,0,0->1,1073941952,880
3,0,440,3556,4,2,1073941988,1,0,0->1,1073941952,880
3,0,440,3577,1,5,1073942009,0,1,1->0,1073941952,880
3,0,440,3583,7,0,1073942015,1,0,0->1,1073941952,880
3,0,448,3635,3,5,1073942067,0,1,1->0,1073942016,896
3,0,448,3647,7,7,1073942079,0,1,1->0,1073942016,896
3,0,456,3653,5,2,1073942085,1,0,0->1,1073942080,912
3,0,456,3687,7,7,1073942119,0,1,1->0,1073942080,912
3,0,456,3697,1,0,1073942129,1,0,0->1,1073942080,912
3,0,456,3705,1,2,1073942137,1,0,0->1,1073942080,912
3,0,464,3718,6,0,1073942150,1,0,0->1,1073942144,928
3,0,464,3721,1,0,1073942153,1,0,0->1,1073942144,928
3,0,464,3729,1,7,1073942161,0,1,1->0,1073942144,928
3,0,464,3743,7,0,1073942175,1,0,0->1,1073942144,928
3,0,464,3745,1,0,1073942177,1,0,0->1,1073942144,928
3,0,464,3745,1,5,1073942177,0,1,1->0,1073942144,928
3,0,464,3764,4,0,1073942196,1,0,0->1,1073942144,928
3,0,464,3768,0,2,1073942200,1,0,0->1,1073942144,928
3,0,472,3782,6,2,1073942214,1,0,0->1,1073942208,944
3,0,472,3793,1,0,1073942225,1,0,0->1,1073942208,944
3,0,472,3795,3,0,1073942227,1,0,0->1,1073942208,944
3,0,472,3805,5,5,1073942237,0,1,1->0,1073942208,944
3,0,480,3843,3,2,1073942275,1,0,0->1,1073942272,960
3,0,480,3855,7,7,1073942287,0,1,1->0,1073942272,960
3,0,480,3856,0,2,1073942288,1,0,0->1,1073942272,960
3,0,488,3913,1,7,1073942345,0,1,1->0,1073942336,976
3,0,488,3943,7,7,1073942375,0,1,1->0,1073942336,976
3,0,488,3952,0,5,1073942384,0,1,1->0,1073942336,976
3,0,488,3958,6,5,1073942390,0,1,1->0,1073942336,976
3,0,496,3974,6,5,1073942406,0,1,1->0,1073942400,992
3,0,496,4014,6,0,1073942446,1,0,0->1,1073942400,992
3,0,496,4020,4,5,1073942452,0,1,1->0,1073942400,992
3,0,496,4025,1,5,1073942457,0,1,1->0,1073942400,992
3,0,496,4028,4,5,1073942460,0,1,1->0,1073942400,992
3,0,496,4029,5,5,1073942461,0,1,1->0,1073942400,992
3,0,504,4049,1,7,1073942481,0,1,1->0,1073942464,1008
3,0,504,4069,5,5,1073942501,0,1,1->0,1073942464,1008
3,0,504,4083,3,5,1073942515,0,1,1->0,1073942464,1008
3,0,512,4097,1,0,1073942529,1,0,0->1,1073942528,1024
3,0,512,4106,2,2,1073942538,1,0,0->1,1073942528,1024
3,0,512,4111,7,7,1073942543,0,1,1->0,1073942528,1024
3,0,512,4116,4,5,1073942548,0,1,1->0,1073942528,1024
3,0,512,4126,6,5,1073942558,0,1,1->0,1073942528,1024
3,0,520,4178,2,7,1073942610,0,1,1->0,1073942592,1040
3,0,520,4190,6,5,1073942622,0,1,1->0,1073942592,1040
3,0,520,4214,6,5,1073942646,0,1,1->0,1073942592,1040
3,0,528,4226,2,7,1073942658,0,1,1->0,1073942656,1056
3,0,528,4237,5,0,1073942669,1,0,0->1,1073942656,1056
3,0,528,4248,0,0,1073942680,1,0,0->1,1073942656,1056
3,0,528,4253,5,0,1073942685,1,0,0->1,1073942656,1056
3,0,528,4259,3,0,1073942691,1,0,0->1,1073942656,1056
3,0,536,4308,4,5,1073942740,0,1,1->0,1073942720,1072
3,0,536,4324,4,2,1073942756,1,0,0->1,1073942720,1072
3,0,536,4337,1,5,1073942769,0,1,1->0,1073942720,1072
3,0,544,4354,2,7,1073942786,0,1,1->0,1073942784,1088
3,0,544,4368,0,2,1073942800,1,0,0->1,1073942784,1088
3,0,544,4372,4,2,1073942804,1,0,0->1,1073942784,1088
3,0,544,4377,1,7,1073942809,0,1,1->0,1073942784,1088
3,0,544,4384,0,5,1073942816,0,1,1->0,1073942784,1088
3,0,544,4397,5,7,1073942829,0,1,1->0,1073942784,1088
3,0,544,4401,1,7,1073942833,0,1,1->0,1073942784,1088
3,0,552,4421,5,0,1073942853,1,0,0->1,1073942848,1104
3,0,552,4456,0,7,1073942888,0,1,1->0,1073942848,1104
3,0,552,4459,3,7,1073942891,0,1,1->0,1073942848,1104
3,0,552,4471,7,0,1073942903,1,0,0->1,1073942848,1104
3,0,552,4471,7,2,1073942903,1,0,0->1,1073942848,1104
3,0,552,4474,2,2,1073942906,1,0,0->1,1073942848,1104
3,0,560,4483,3,2,1073942915,1,0,0->1,1073942912,1120
3,0,560,4501,5,7,1073942933,0,1,1->0,1073942912,1120
3,0,560,4510,6,5,1073942942,0,1,1->0,1073942912,1120
3,0,560,4514,2,0,1073942946,1,0,0->1,1073942912,1120
3,0,560,4534,6,0,1073942966,1,0,0->1,1073942912,1120
3,0,560,4540,4,2,1073942972,1,0,0->1,1073942912,1120
3,0,568,4553,1,7,1073942985,0,1,1->0,1073942976,1136
3,0,568,4568,0,0,1073943000,1,0,0->1,1073942976,1136
3,0,568,4576,0,5,1073943008,0,1,1->0,1073942976,1136
3,0,568,4607,7,7,1073943039,0,1,1->0,1073942976,1136
3,0,576,4615,7,2,1073943047,1,0,0->1,1073943040,1152
3,0,576,4621,5,7,1073943053,0,1,1->0,1073943040,1152
3,0,576,4626,2,0,1073943058,1,0,0->1,1073943040,1152
3,0,576,4631,7,7,1073943063,0,1,1->0,1073943040,1152
3,0,576,4640,0,5,1073943072,0,1,1->0,1073943040,1152
3,0,576,4653,5,5,1073943085,0,1,1->0,1073943040,1152
3,0,584,4676,4,5,1073943108,0,1,1->0,1073943104,1168
3,0,584,4691,3,7,1073943123,0,1,1->0,1073943104,1168
3,0,584,4725,5,7,1073943157,0,1,1->0,1073943104,1168
3,0,592,4748,4,7,1073943180,0,1,1->0,1073943168,1184
3,0,592,4776,0,0,1073943208,1,0,0->1,1073943168,1184
3,0,592,4777,1,2,1073943209,1,0,0->1,1073943168,1184
3,0,592,4783,7,2,1073943215,1,0,0->1,1073943168,1184
3,0,592,4788,4,7,1073943220,0,1,1->0,1073943168,1184
3,0,600,4814,6,0,1073943246,1,0,0->1,1073943232,1200
3,0,600,4838,6,2,1073943270,1,0,0->1,1073943232,1200
3,0,600,4840,0,2,1073943272,1,0,0->1,1073943232,1200
3,0,600,4854,6,5,1073943286,0,1,1->0,1073943232,1200
3,0,600,4854,6,7,1073943286,0,1,1->0,1073943232,1200
3,0,600,4856,0,2,1073943288,1,0,0->1,1073943232,1200
3,0,608,4868,4,2,1073943300,1,0,0->1,1073943296,1216
3,0,608,4881,1,5,1073943313,0,1,1->0,1073943296,1216
3,0,608,4883,3,0,1073943315,1,0,0->1,1073943296,1216
3,0,608,4902,6,2,1073943334,1,0,0->1,1073943296,1216
3,0,608,4905,1,5,1073943337,0,1,1->0,1073943296,1216
3,0,608,4910,6,5,1073943342,0,1,1->0,1073943296,1216
3,0,608,4912,0,0,1073943344,1,0,0->1,1073943296,1216
3,0,608,4912,0,2,1073943344,1,0,0->1,1073943296,1216
3,0,608,4912,0,5,1073943344,0,1,1->0,1073943296,1216
3,0,608,4916,4,7,1073943348,0,1,1->0,1073943296,1216
3,0,608,4921,1,0,1073943353,1,0,0->1,1073943296,1216
3,0,616,4936,0,5,1073943368,0,1,1->0,1073943360,1232
3,0,616,4937,1,7,1073943369,0,1,1->0,1073943360,1232
3,0,616,4972,4,5,1073943404,0,1,1->0,1073943360,1232
3,0,616,4973,5,0,1073943405,1,0,0->1,1073943360,1232
3,0,616,4983,7,0,1073943415,1,0,0->1,1073943360,1232
3,0,624,5014,6,7,1073943446,0,1,1->0,1073943424,1248
3,0,624,5024,0,7,1073943456,0,1,1->0,1073943424,1248
3,0,624,5044,4,7,1073943476,0,1,1->0,1073943424,1248
3,0,632,5063,7,7,1073943495,0,1,1->0,1073943488,1264
3,0,632,5069,5,5,1073943501,0,1,1->0,1073943488,1264
3,0,632,5078,6,5,1073943510,0,1,1->0,1073943488,1264
3,0,632,5093,5,2,1073943525,1,0,0->1,1073943488,1264
3,0,632,5103,7,0,1073943535,1,0,0->1,1073943488,1264
3,0,632,5108,4,2,1073943540,1,0,0->1,1073943488,1264
3,0,640,5132,4,5,1073943564,0,1,1->0,1073943552,1280
3,0,640,5137,1,7,1073943569,0,1,1->0,1073943552,1280
3,0,640,5143,7,2,1073943575,1,0,0->1,1073943552,1280
3,0,640,5146,2,2,1073943578,1,0,0->1,1073943552,1280
3,0,640,5148,4,0,1073943580,1,0,0->1,1073943552,1280
3,0,640,5153,1,5,1073943585,0,1,1->0,1073943552,1280
3,0,640,5162,2,2,1073943594,1,0,0->1,1073943552,1280
3,0,640,5163,3,5,1073943595,0,1,1->0,1073943552,1280
3,0,640,5166,6,0,1073943598,1,0,0->1,1073943552,1280
3,0,640,5176,0,7,1073943608,0,1,1->0,1073943552,1280
3,0,640,5180,4,2,1073943612,1,0,0->1,1073943552,1280
3,0,648,5184,0,2,1073943616,1,0,0->1,1073943616,1296
3,0,648,5187,3,5,1073943619,0,1,1->0,1073943616,1296
3,0,648,5189,5,2,1073943621,1,0,0->1,1073943616,1296
3,0,648,5195,3,0,1073943627,1,0,0->1,1073943616,1296
3,0,648,5196,4,2,1073943628,1,0,0->1,1073943616,1296
3,0,648,5207,7,7,1073943639,0,1,1->0,1073943616,1296
3,0,648,5208,0,7,1073943640,0,1,1->0,1073943616,1296
3,0,648,5238,6,5,1073943670,0,1,1->0,1073943616,1296
3,0,648,5238,6,7,1073943670,0,1,1->0,1073943616,1296
3,0,648,5245,5,5,1073943677,0,1,1->0,1073943616,1296
3,0,648,5246,6,7,1073943678,0,1,1->0,1073943616,1296
3,0,656,5256,0,2,1073943688,1,0,0->1,1073943680,1312
3,0,656,5291,3,0,1073943723,1,0,0->1,1073943680,1312
3,0,656,5295,7,2,1073943727,1,0,0->1,1073943680,1312
3,0,656,5299,3,2,1073943731,1,0,0->1,1073943680,1312
3,0,656,5309,5,5,1073943741,0,1,1->0,1073943680,1312
3,0,664,5321,1,2,1073943753,1,0,0->1,1073943744,1328
3,0,664,5325,5,5,1073943757,0,1,1->0,1073943744,1328
3,0,664,5329,1,2,1073943761,1,0,0->1,1073943744,1328
3,0,664,5337,1,2,1073943769,1,0,0->1,1073943744,1328
3,0,664,5346,2,2,1073943778,1,0,0->1,1073943744,1328
3,0,664,5347,3,0,1073943779,1,0,0->1,1073943744,1328
3,0,672,5423,7,5,1073943855,0,1,1->0,1073943808,1344
3,0,672,5431,7,0,1073943863,1,0,0->1,1073943808,1344
3,0,672,5431,7,2,1073943863,1,0,0->1,1073943808,1344
3,0,672,5434,2,7,1073943866,0,1,1->0,1073943808,1344
3,0,672,5435,3,0,1073943867,1,0,0->1,1073943808,1344
3,0,680,5462,6,2,1073943894,1,0,0->1,1073943872,1360
3,0,680,5467,3,0,1073943899,1,0,0->1,1073943872,1360
3,0,680,5473,1,2,1073943905,1,0,0->1,1073943872,1360
3,0,680,5482,2,0,1073943914,1,0,0->1,1073943872,1360
3,0,680,5483,3,5,1073943915,0,1,1->0,1073943872,1360
3,0,680,5484,4,0,1073943916,1,0,0->1,1073943872,1360
3,0,688,5523,3,5,1073943955,0,1,1->0,1073943936,1376
3,0,688,5537,1,2,1073943969,1,0,0->1,1073943936,1376
3,0,688,5541,5,0,1073943973,1,0,0->1,1073943936,1376
3,0,688,5567,7,2,1073943999,1,0,0->1,1073943936,1376
3,0,696,5569,1,5,1073944001,0,1,1->0,1073944000,1392
3,0,696,5624,0,5,1073944056,0,1,1->0,1073944000,1392
3,0,704,5635,3,5,1073944067,0,1,1->0,1073944064,1408
3,0,704,5643,3,7,1073944075,0,1,1->0,1073944064,1408
3,0,704,5649,1,0,1073944081,1,0,0->1,1073944064,1408
3,0,704,5664,0,5,1073944096,0,1,1->0,1073944064,1408
3,0,704,5693,5,7,1073944125,0,1,1->0,1073944064,1408
3,0,704,5695,7,7,1073944127,0,1,1->0,1073944064,1408
3,0,712,5706,2,2,1073944138,1,0,0->1,1073944128,1424
3,0,712,5717,5,5,1073944149,0,1,1->0,1073944128,1424
3,0,712,5754,2,7,1073944186,0,1,1->0,1073944128,1424
3,0,720,5761,1,7,1073944193,0,1,1->0,1073944192,1440
3,0,720,5767,7,7,1073944199,0,1,1->0,1073944192,1440
3,0,720,5799,7,5,1073944231,0,1,1->0,1073944192,1440
3,0,720,5803,3,7,1073944235,0,1,1->0,1073944192,1440
3,0,720,5804,4,5,1073944236,0,1,1->0,1073944192,1440
3,0,720,5807,7,7,1073944239,0,1,1->0,1073944192,1440
3,0,728,5824,0,5,1073944256,0,1,1->0,1073944256,1456
3,0,728,5839,7,7,1073944271,0,1,1->0,1073944256,1456
3,0,728,5863,7,5,1073944295,0,1,1->0,1073944256,1456
3,0,736,5889,1,0,1073944321,1,0,0->1,1073944320,1472
3,0,736,5893,5,0,1073944325,1,0,0->1,1073944320,1472
3,0,736,5900,4,0,1073944332,1,0,0->1,1073944320,1472
3,0,736,5908,4,7,1073944340,0,1,1->0,1073944320,1472
3,0,744,5955,3,7,1073944387,0,1,1->0,1073944384,1488
3,0,744,5962,2,7,1073944394,0,1,1->0,1073944384,1488
3,0,744,5970,2,0,1073944402,1,0,0->1,1073944384,1488
3,0,744,5970,2,5,1073944402,0,1,1->0,1073944384,1488
3,0,744,5992,0,2,1073944424,1,0,0->1,1073944384,1488
3,0,744,5993,1,2,1073944425,1,0,0->1,1073944384,1488
3,0,744,5997,5,0,1073944429,1,0,0->1,1073944384,1488
3,0,744,5997,5,7,1073944429,0,1,1->0,1073944384,1488
3,0,744,6001,1,5,1073944433,0,1,1->0,1073944384,1488
3,0,744,6003,3,2,1073944435,1,0,0->1,1073944384,1488
3,0,752,6029,5,2,1073944461,1,0,0->1,1073944448,1504
3,0,752,6030,6,7,1073944462,0,1,1->0,1073944448,1504
3,0,752,6033,1,0,1073944465,1,0,0->1,1073944448,1504
3,0,752,6042,2,7,1073944474,0,1,1->0,1073944448,1504
3,0,752,6059,3,7,1073944491,0,1,1->0,1073944448,1504
3,0,752,6069,5,0,1073944501,1,0,0->1,1073944448,1504
3,0,752,6079,7,0,1073944511,1,0,0->1,1073944448,1504
3,0,760,6084,4,5,1073944516,0,1,1->0,1073944512,1520
3,0,760,6086,6,0,1073944518,1,0,0->1,1073944512,1520
3,0,760,6091,3,5,1073944523,0,1,1->0,1073944512,1520
3,0,760,6111,7,7,1073944543,0,1,1->0,1073944512,1520
3,0,760,6117,5,7,1073944549,0,1,1->0,1073944512,1520
3,0,760,6128,0,0,1073944560,1,0,0->1,1073944512,1520
3,0,760,6129,1,0,1073944561,1,0,0->1,1073944512,1520
3,0,768,6148,4,2,1073944580,1,0,0->1,1073944576,1536
3,0,768,6180,4,2,1073944612,1,0,0->1,1073944576,1536
3,0,768,6199,7,5,1073944631,0,1,1->0,1073944576,1536
3,0,776,6208,0,2,1073944640,1,0,0->1,1073944640,1552
3,0,776,6211,3,7,1073944643,0,1,1->0,1073944640,1552
3,0,776,6220,4,5,1073944652,0,1,1->0,1073944640,1552
3,0,776,6235,3,0,1073944667,1,0,0->1,1073944640,1552
3,0,776,6244,4,5,1073944676,0,1,1->0,1073944640,1552
3,0,776,6256,0,2,1073944688,1,0,0->1,1073944640,1552
3,0,776,6258,2,7,1073944690,0,1,1->0,1073944640,1552
3,0,776,6262,6,5,1073944694,0,1,1->0,1073944640,1552
3,0,784,6280,0,2,1073944712,1,0,0->1,1073944704,1568
3,0,784,6293,5,5,1073944725,0,1,1->0,1073944704,1568
3,0,784,6303,7,5,1073944735,0,1,1->0,1073944704,1568
3,0,784,6318,6,0,1073944750,1,0,0->1,1073944704,1568
3,0,792,6389,5,5,1073944821,0,1,1->0,1073944768,1584
3,0,792,6394,2,7,1073944826,0,1,1->0,1073944768,1584
3,0,800,6404,4,2,1073944836,1,0,0->1,1073944832,1600
3,0,800,6407,7,2,1073944839,1,0,0->1,1073944832,1600
3,0,800,6426,2,2,1073944858,1,0,0->1,1073944832,1600
3,0,808,6476,4,2,1073944908,1,0,0->1,1073944896,1616
3,0,808,6481,1,0,1073944913,1,0,0->1,1073944896,1616
3,0,808,6485,5,7,1073944917,0,1,1->0,1073944896,1616
3,0,808,6503,7,0,1073944935,1,0,0->1,1073944896,1616
3,0,808,6515,3,0,1073944947,1,0,0->1,1073944896,1616
3,0,824,6619,3,0,1073945051,1,0,0->1,1073945024,1648
3,0,824,6622,6,7,1073945054,0,1,1->0,1073945024,1648
3,0,824,6640,0,0,1073945072,1,0,0->1,1073945024,1648
3,0,824,6649,1,7,1073945081,0,1,1->0,1073945024,1648
3,0,824,6655,7,2,1073945087,1,0,0->1,1073945024,1648
3,0,832,6660,4,5,1073945092,0,1,1->0,1073945088,1664
3,0,832,6673,1,0,1073945105,1,0,0->1,1073945088,1664
3,0,832,6681,1,5,1073945113,0,1,1->0,1073945088,1664
3,0,832,6705,1,7,1073945137,0,1,1->0,1073945088,1664
3,0,840,6765,5,5,1073945197,0,1,1->0,1073945152,1680
3,0,840,6772,4,5,1073945204,0,1,1->0,1073945152,1680
3,0,840,6781,5,5,1073945213,0,1,1->0,1073945152,1680
3,0,848,6797,5,2,1073945229,1,0,0->1,1073945216,1696
3,0,848,6807,7,0,1073945239,1,0,0->1,1073945216,1696
3,0,848,6808,0,7,1073945240,0,1,1->0,1073945216,1696
3,0,848,6816,0,0,1073945248,1,0,0->1,1073945216,1696
3,0,848,6823,7,7,1073945255,0,1,1->0,1073945216,1696
3,0,848,6836,4,5,1073945268,0,1,1->0,1073945216,1696
3,0,856,6853,5,7,1073945285,0,1,1->0,1073945280,1712
3,0,856,6885,5,2,1073945317,1,0,0->1,1073945280,1712
3,0,856,6886,6,5,1073945318,0,1,1->0,1073945280,1712
3,0,864,6917,5,0,1073945349,1,0,0->1,1073945344,1728
3,0,864,6934,6,5,1073945366,0,1,1->0,1073945344,1728
3,0,864,6938,2,2,1073945370,1,0,0->1,1073945344,1728
3,0,864,6944,0,2,1073945376,1,0,0->1,1073945344,1728
3,0,864,6950,6,0,1073945382,1,0,0->1,1073945344,1728
3,0,864,6965,5,0,1073945397,1,0,0->1,1073945344,1728
3,0,872,6983,7,0,1073945415,1,0,0->1,1073945408,1744
3,0,872,6983,7,5,1073945415,0,1,1->0,1073945408,1744
3,0,872,6994,2,7,1073945426,0,1,1->0,1073945408,1744
3,0,872,7000,0,5,1073945432,0,1,1->0,1073945408,1744
3,0,872,7005,5,0,1073945437,1,0,0->1,1073945408,1744
3,0,872,7009,1,0,1073945441,1,0,0->1,1073945408,1744
3,0,872,7012,4,5,1073945444,0,1,1->0,1073945408,1744
3,0,880,7040,0,0,1073945472,1,0,0->1,1073945472,1760
3,0,880,7040,0,5,1073945472,0,1,1->0,1073945472,1760
3,0,880,7050,2,7,1073945482,0,1,1->0,1073945472,1760
3,0,880,7061,5,5,1073945493,0,1,1->0,1073945472,1760
3,0,880,7062,6,5,1073945494,0,1,1->0,1073945472,1760
3,0,880,7064,0,7,1073945496,0,1,1->0,1073945472,1760
3,0,880,7074,2,0,1073945506,1,0,0->1,1073945472,1760
3,0,880,7099,3,5,1073945531,0,1,1->0,1073945472,1760
3,0,888,7118,6,5,1073945550,0,1,1->0,1073945536,1776
3,0,888,7149,5,7,1073945581,0,1,1->0,1073945536,1776
3,0,888,7156,4,5,1073945588,0,1,1->0,1073945536,1776
3,0,896,7172,4,5,1073945604,0,1,1->0,1073945600,1792
3,0,896,7177,1,2,1073945609,1,0,0->1,1073945600,1792
3,0,896,7180,4,7,1073945612,0,1,1->0,1073945600,1792
3,0,896,7205,5,0,1073945637,1,0,0->1,1073945600,1792
3,0,896,7206,6,2,1073945638,1,0,0->1,1073945600,1792
3,0,896,7229,5,2,1073945661,1,0,0->1,1073945600,1792
3,0,904,7237,5,7,1073945669,0,1,1->0,1073945664,1808
3,0,904,7265,1,7,1073945697,0,1,1->0,1073945664,1808
3,0,904,7268,4,5,1073945700,0,1,1->0,1073945664,1808
3,0,904,7276,4,5,1073945708,0,1,1->0,1073945664,1808
3,0,904,7277,5,0,1073945709,1,0,0->1,1073945664,1808
3,0,904,7295,7,5,1073945727,0,1,1->0,1073945664,1808
3,0,912,7299,3,2,1073945731,1,0,0->1,1073945728,1824
3,0,912,7304,0,0,1073945736,1,0,0->1,1073945728,1824
3,0,912,7316,4,2,1073945748,1,0,0->1,1073945728,1824
3,0,912,7326,6,7,1073945758,0,1,1->0,1073945728,1824
3,0,912,7327,7,7,1073945759,0,1,1->0,1073945728,1824
3,0,912,7336,0,7,1073945768,0,1,1->0,1073945728,1824
3,0,912,7340,4,5,1073945772,0,1,1->0,1073945728,1824
3,0,912,7347,3,7,1073945779,0,1,1->0,1073945728,1824
3,0,912,7349,5,7,1073945781,0,1,1->0,1073945728,1824
3,0,920,7367,7,0,1073945799,1,0,0->1,1073945792,1840
3,0,920,7376,0,2,1073945808,1,0,0->1,1073945792,1840
3,0,920,7390,6,2,1073945822,1,0,0->1,1073945792,1840
3,0,920,7391,7,2,1073945823,1,0,0->1,1073945792,1840
3,0,920,7417,1,0,1073945849,1,0,0->1,1073945792,1840
3,0,928,7425,1,5,1073945857,0,1,1->0,1073945856,1856
3,0,928,7429,5,5,1073945861,0,1,1->0,1073945856,1856
3,0,928,7437,5,5,1073945869,0,1,1->0,1073945856,1856
3,0,928,7456,0,2,1073945888,1,0,0->1,1073945856,1856
3,0,928,7463,7,0,1073945895,1,0,0->1,1073945856,1856
3,0,936,7499,3,7,1073945931,0,1,1->0,1073945920,1872
3,0,936,7507,3,7,1073945939,0,1,1->0,1073945920,1872
3,0,936,7518,6,0,1073945950,1,0,0->1,1073945920,1872
3,0,936,7519,7,5,1073945951,0,1,1->0,1073945920,1872
3,0,936,7545,1,2,1073945977,1,0,0->1,1073945920,1872
3,0,936,7548,4,0,1073945980,1,0,0->1,1073945920,1872
3,0,936,7550,6,5,1073945982,0,1,1->0,1073945920,1872
3,0,936,7550,6,7,1073945982,0,1,1->0,1073945920,1872
3,0,944,7559,7,0,1073945991,1,0,0->1,1073945984,1888
3,0,944,7569,1,7,1073946001,0,1,1->0,1073945984,1888
3,0,944,7577,1,7,1073946009,0,1,1->0,1073945984,1888
3,0,944,7586,2,0,1073946018,1,0,0->1,1073945984,1888
3,0,944,7605,5,0,1073946037,1,0,0->1,1073945984,1888
3,0,944,7609,1,0,1073946041,1,0,0->1,1073945984,1888
3,0,952,7651,3,2,1073946083,1,0,0->1,1073946048,1904
3,0,952,7661,5,7,1073946093,0,1,1->0,1073946048,1904
3,0,952,7669,5,5,1073946101,0,1,1->0,1073946048,1904
3,0,960,7686,6,2,1073946118,1,0,0->1,1073946112,1920
3,0,960,7704,0,2,1073946136,1,0,0->1,1073946112,1920
3,0,960,7729,1,0,1073946161,1,0,0->1,1073946112,1920
3,0,960,7731,3,0,1073946163,1,0,0->1,1073946112,1920
3,0,968,7761,1,2,1073946193,1,0,0->1,1073946176,1936
3,0,968,7765,5,5,1073946197,0,1,1->0,1073946176,1936
3,0,968,7778,2,0,1073946210,1,0,0->1,1073946176,1936
3,0,968,7789,5,7,1073946221,0,1,1->0,1073946176,1936
3,0,968,7807,7,0,1073946239,1,0,0->1,1073946176,1936
3,0,976,7811,3,2,1073946243,1,0,0->1,1073946240,1952
3,0,976,7835,3,5,1073946267,0,1,1->0,1073946240,1952
3,0,976,7847,7,7,1073946279,0,1,1->0,1073946240,1952
3,0,984,7872,0,5,1073946304,0,1,1->0,1073946304,1968
3,0,984,7902,6,2,1073946334,1,0,0->1,1073946304,1968
3,0,984,7903,7,2,1073946335,1,0,0->1,1073946304,1968
3,0,984,7905,1,7,1073946337,0,1,1->0,1073946304,1968
3,0,984,7929,1,7,1073946361,0,1,1->0,1073946304,1968
3,0,992,7939,3,2,1073946371,1,0,0->1,1073946368,1984
3,0,992,7944,0,0,1073946376,1,0,0->1,1073946368,1984
3,0,992,7951,7,0,1073946383,1,0,0->1,1073946368,1984
3,0,992,7954,2,0,1073946386,1,0,0->1,1073946368,1984
3,0,992,7960,0,2,1073946392,1,0,0->1,1073946368,1984
3,0,992,7984,0,2,1073946416,1,0,0->1,1073946368,1984
3,0,992,7992,0,0,1073946424,1,0,0->1,1073946368,1984
3,0,1000,8019,3,7,1073946451,0,1,1->0,1073946432,2000
3,0,1000,8031,7,0,1073946463,1,0,0->1,1073946432,2000
3,0,1000,8040,0,7,1073946472,0,1,1->0,1073946432,2000
3,0,1000,8054,6,0,1073946486,1,0,0->1,1073946432,2000
3,0,1000,8055,7,0,1073946487,1,0,0->1,1073946432,2000
3,0,1008,8065,1,2,1073946497,1,0,0->1,1073946496,2016
3,0,1008,8072,0,5,1073946504,0,1,1->0,1073946496,2016
3,0,1008,8075,3,0,1073946507,1,0,0->1,1073946496,2016
3,0,1008,8075,3,5,1073946507,0,1,1->0,1073946496,2016
3,0,1008,8079,7,5,1073946511,0,1,1->0,1073946496,2016
3,0,1008,8088,0,0,1073946520,1,0,0->1,1073946496,2016
3,0,1008,8093,5,5,1073946525,0,1,1->0,1073946496,2016
3,0,1008,8095,7,5,1073946527,0,1,1->0,1073946496,2016
3,0,1008,8097,1,5,1073946529,0,1,1->0,1073946496,2016
3,0,1008,8101,5,2,1073946533,1,0,0->1,1073946496,2016
3,0,1008,8103,7,7,1073946535,0,1,1->0,1073946496,2016
3,0,1008,8108,4,5,1073946540,0,1,1->0,1073946496,2016
3,0,1016,8148,4,2,1073946580,1,0,0->1,1073946560,2032
3,0,1016,8170,2,0,1073946602,1,0,0->1,1073946560,2032
3,0,1016,8182,6,7,1073946614,0,1,1->0,1073946560,2032
3,0,1016,8183,7,0,1073946615,1,0,0->1,1073946560,2032
3,0,1016,8183,7,7,1073946615,0,1,1->0,1073946560,2032
2425,0,0,10,2,1,1232666634,0,1,1->0,1232666624,0
2425,0,0,25,1,4,1232666649,1,0,0->1,1232666624,0
2425,0,0,41,1,1,1232666665,0,1,1->0,1232666624,0
2425,0,0,47,7,3,1232666671,0,1,1->0,1232666624,0
2425,0,8,70,6,1,1232666694,0,1,1->0,1232666688,16
2425,0,8,72,0,1,1232666696,0,1,1->0,1232666688,16
2425,0,8,89,1,1,1232666713,0,1,1->0,1232666688,16
2425,0,8,111,7,3,1232666735,0,1,1->0,1232666688,16
2425,0,8,123,3,4,1232666747,1,0,0->1,1232666688,16
2425,0,16,133,5,6,1232666757,1,0,0->1,1232666752,32
2425,0,16,164,4,1,1232666788,0,1,1->0,1232666752,32
2425,0,16,179,3,4,1232666803,1,0,0->1,1232666752,32
2425,0,24,204,4,4,1232666828,1,0,0->1,1232666816,48
2425,0,24,212,4,1,1232666836,0,1,1->0,1232666816,48
2425,0,24,220,4,4,1232666844,1,0,0->1,1232666816,48
2425,0,32,256,0,3,1232666880,0,1,1->0,1232666880,64
2425,0,32,257,1,1,1232666881,0,1,1->0,1232666880,64
2425,0,32,261,5,1,1232666885,0,1,1->0,1232666880,64
2425,0,32,267,3,6,1232666891,1,0,0->1,1232666880,64
2425,0,32,295,7,4,1232666919,1,0,0->1,1232666880,64
2425,0,32,311,7,3,1232666935,0,1,1->0,1232666880,64
2425,0,32,317,5,4,1232666941,1,0,0->1,1232666880,64
2425,0,40,332,4,3,1232666956,0,1,1->0,1232666944,80
2425,0,40,332,4,6,1232666956,1,0,0->1,1232666944,80
2425,0,40,348,4,1,1232666972,0,1,1->0,1232666944,80
2425,0,40,350,6,1,1232666974,0,1,1->0,1232666944,80
2425,0,40,352,0,3,1232666976,0,1,1->0,1232666944,80
2425,0,40,369,1,3,1232666993,0,1,1->0,1232666944,80
2425,0,48,388,4,1,1232667012,0,1,1->0,1232667008,96
2425,0,48,393,1,4,1232667017,1,0,0->1,1232667008,96
2425,0,48,399,7,6,1232667023,1,0,0->1,1232667008,96
2425,0,48,402,2,4,1232667026,1,0,0->1,1232667008,96
2425,0,56,448,0,4,1232667072,1,0,0->1,1232667072,112
2425,0,56,452,4,4,1232667076,1,0,0->1,1232667072,112
2425,0,56,459,3,4,1232667083,1,0,0->1,1232667072,112
2425,0,56,461,5,4,1232667085,1,0,0->1,1232667072,112
2425,0,56,475,3,3,1232667099,0,1,1->0,1232667072,112
2425,0,56,485,5,4,1232667109,1,0,0->1,1232667072,112
2425,0,64,531,3,3,1232667155,0,1,1->0,1232667136,128
2425,0,64,541,5,3,1232667165,0,1,1->0,1232667136,128
2425,0,72,584,0,6,1232667208,1,0,0->1,1232667200,144
2425,0,72,585,1,6,1232667209,1,0,0->1,1232667200,144
2425,0,72,594,2,3,1232667218,0,1,1->0,1232667200,144
2425,0,72,595,3,4,1232667219,1,0,0->1,1232667200,144
2425,0,72,614,6,1,1232667238,0,1,1->0,1232667200,144
2425,0,72,618,2,3,1232667242,0,1,1->0,1232667200,144
2425,0,80,640,0,1,1232667264,0,1,1->0,1232667264,160
2425,0,80,647,7,4,1232667271,1,0,0->1,1232667264,160
2425,0,80,650,2,1,1232667274,0,1,1->0,1232667264,160
2425,0,80,651,3,6,1232667275,1,0,0->1,1232667264,160
2425,0,80,667,3,6,1232667291,1,0,0->1,1232667264,160
2425,0,80,668,4,6,1232667292,1,0,0->1,1232667264,160
2425,0,80,671,7,3,1232667295,0,1,1->0,1232667264,160
2425,0,80,703,7,1,1232667327,0,1,1->0,1232667264,160
2425,0,88,704,0,6,1232667328,1,0,0->1,1232667328,176
2425,0,88,713,1,6,1232667337,1,0,0->1,1232667328,176
2425,0,88,719,7,1,1232667343,0,1,1->0,1232667328,176
2425,0,88,729,1,1,1232667353,0,1,1->0,1232667328,176
2425,0,88,734,6,4,1232667358,1,0,0->1,1232667328,176
2425,0,88,737,1,6,1232667361,1,0,0->1,1232667328,176
2425,0,88,747,3,1,1232667371,0,1,1->0,1232667328,176
2425,0,88,762,2,1,1232667386,0,1,1->0,1232667328,176
2425,0,96,774,6,6,1232667398,1,0,0->1,1232667392,192
2425,0,96,779,3,6,1232667403,1,0,0->1,1232667392,192
2425,0,96,787,3,1,1232667411,0,1,1->0,1232667392,192
2425,0,96,801,1,3,1232667425,0,1,1->0,1232667392,192
2425,0,96,802,2,3,1232667426,0,1,1->0,1232667392,192
2425,0,96,819,3,6,1232667443,1,0,0->1,1232667392,192
2425,0,104,845,5,3,1232667469,0,1,1->0,1232667456,208
2425,0,112,899,3,4,1232667523,1,0,0->1,1232667520,224
2425,0,112,908,4,6,1232667532,1,0,0->1,1232667520,224
2425,0,112,922,2,6,1232667546,1,0,0->1,1232667520,224
2425,0,112,938,2,4,1232667562,1,0,0->1,1232667520,224
2425,0,120,985,1,4,1232667609,1,0,0->1,1232667584,240
2425,0,120,993,1,4,1232667617,1,0,0->1,1232667584,240
2425,0,120,1004,4,1,1232667628,0,1,1->0,1232667584,240
2425,0,120,1005,5,3,1232667629,0,1,1->0,1232667584,240
2425,0,120,1006,6,3,1232667630,0,1,1->0,1232667584,240
2425,0,120,1011,3,3,1232667635,0,1,1->0,1232667584,240
2425,0,120,1013,5,3,1232667637,0,1,1->0,1232667584,240
2425,0,120,1016,0,3,1232667640,0,1,1->0,1232667584,240
2425,0,120,1017,1,4,1232667641,1,0,0->1,1232667584,240
2425,0,120,1020,4,3,1232667644,0,1,1->0,1232667584,240
2425,0,128,1036,4,1,1232667660,0,1,1->0,1232667648,256
2425,0,128,1039,7,6,1232667663,1,0,0->1,1232667648,256
2425,0,128,1044,4,6,1232667668,1,0,0->1,1232667648,256
2425,0,128,1066,2,1,1232667690,0,1,1->0,1232667648,256
2425,0,128,1068,4,3,1232667692,0,1,1->0,1232667648,256
2425,0,128,1073,1,3,1232667697,0,1,1->0,1232667648,256
2425,0,128,1076,4,1,1232667700,0,1,1->0,1232667648,256
2425,0,136,1094,6,4,1232667718,1,0,0->1,1232667712,272
2425,0,136,1117,5,6,1232667741,1,0,0->1,1232667712,272
2425,0,136,1118,6,6,1232667742,1,0,0->1,1232667712,272
2425,0,136,1122,2,1,1232667746,0,1,1->0,1232667712,272
2425,0,136,1129,1,4,1232667753,1,0,0->1,1232667712,272
2425,0,136,1137,1,4,1232667761,1,0,0->1,1232667712,272
2425,0,136,1144,0,4,1232667768,1,0,0->1,1232667712,272
2425,0,136,1151,7,4,1232667775,1,0,0->1,1232667712,272
2425,0,144,1156,4,3,1232667780,0,1,1->0,1232667776,288
2425,0,144,1170,2,3,1232667794,0,1,1->0,1232667776,288
2425,0,144,1180,4,6,1232667804,1,0,0->1,1232667776,288
2425,0,144,1189,5,1,1232667813,0,1,1->0,1232667776,288
2425,0,144,1212,4,1,1232667836,0,1,1->0,1232667776,288
2425,0,152,1219,3,4,1232667843,1,0,0->1,1232667840,304
2425,0,152,1229,5,4,1232667853,1,0,0->1,1232667840,304
2425,0,152,1264,0,3,1232667888,0,1,1->0,1232667840,304
2425,0,160,1330,2,1,1232667954,0,1,1->0,1232667904,320
2425,0,160,1340,4,3,1232667964,0,1,1->0,1232667904,320
2425,0,160,1341,5,6,1232667965,1,0,0->1,1232667904,320
2425,0,168,1347,3,1,1232667971,0,1,1->0,1232667968,336
2425,0,168,1354,2,4,1232667978,1,0,0->1,1232667968,336
2425,0,168,1375,7,1,1232667999,0,1,1->0,1232667968,336
2425,0,168,1389,5,6,1232668013,1,0,0->1,1232667968,336
2425,0,168,1395,3,3,1232668019,0,1,1->0,1232667968,336
2425,0,168,1397,5,6,1232668021,1,0,0->1,1232667968,336
2425,0,176,1429,5,4,1232668053,1,0,0->1,1232668032,352
2425,0,176,1429,5,6,1232668053,1,0,0->1,1232668032,352
2425,0,176,1431,7,4,1232668055,1,0,0->1,1232668032,352
2425,0,176,1434,2,1,1232668058,0,1,1->0,1232668032,352
2425,0,176,1437,5,3,1232668061,0,1,1->0,1232668032,352
2425,0,176,1455,7,3,1232668079,0,1,1->0,1232668032,352
2425,0,176,1456,0,4,1232668080,1,0,0->1,1232668032,352
2425,0,176,1461,5,3,1232668085,0,1,1->0,1232668032,352
2425,0,176,1470,6,1,1232668094,0,1,1->0,1232668032,352
2425,0,184,1472,0,4,1232668096,1,0,0->1,1232668096,368
2425,0,184,1494,6,6,1232668118,1,0,0->1,1232668096,368
2425,0,184,1511,7,1,1232668135,0,1,1->0,1232668096,368
2425,0,184,1513,1,6,1232668137,1,0,0->1,1232668096,368
2425,0,184,1520,0,4,1232668144,1,0,0->1,1232668096,368
2425,0,184,1525,5,6,1232668149,1,0,0->1,1232668096,368
2425,0,184,1529,1,1,1232668153,0,1,1->0,1232668096,368
2425,0,192,1550,6,1,1232668174,0,1,1->0,1232668160,384
2425,0,192,1559,7,4,1232668183,1,0,0->1,1232668160,384
2425,0,192,1580,4,4,1232668204,1,0,0->1,1232668160,384
2425,0,192,1584,0,6,1232668208,1,0,0->1,1232668160,384
2425,0,192,1593,1,6,1232668217,1,0,0->1,1232668160,384
2425,0,200,1602,2,4,1232668226,1,0,0->1,1232668224,400
2425,0,200,1616,0,3,1232668240,0,1,1->0,1232668224,400
2425,0,200,1628,4,6,1232668252,1,0,0->1,1232668224,400
2425,0,200,1630,6,1,1232668254,0,1,1->0,1232668224,400
2425,0,200,1637,5,6,1232668261,1,0,0->1,1232668224,400
2425,0,208,1664,0,1,1232668288,0,1,1->0,1232668288,416
2425,0,208,1667,3,4,1232668291,1,0,0->1,1232668288,416
2425,0,208,1677,5,4,1232668301,1,0,0->1,1232668288,416
2425,0,208,1718,6,1,1232668342,0,1,1->0,1232668288,416
2425,0,208,1720,0,4,1232668344,1,0,0->1,1232668288,416
2425,0,216,1729,1,1,1232668353,0,1,1->0,1232668352,432
2425,0,216,1733,5,3,1232668357,0,1,1->0,1232668352,432
2425,0,216,1741,5,1,1232668365,0,1,1->0,1232668352,432
2425,0,216,1759,7,3,1232668383,0,1,1->0,1232668352,432
2425,0,216,1768,0,3,1232668392,0,1,1->0,1232668352,432
2425,0,216,1787,3,6,1232668411,1,0,0->1,1232668352,432
2425,0,216,1788,4,1,1232668412,0,1,1->0,1232668352,432
2425,0,216,1790,6,1,1232668414,0,1,1->0,1232668352,432
2425,0,224,1815,7,6,1232668439,1,0,0->1,1232668416,448
2425,0,224,1827,3,6,1232668451,1,0,0->1,1232668416,448
2425,0,224,1840,0,1,1232668464,0,1,1->0,1232668416,448
2425,0,224,1840,0,4,1232668464,1,0,0->1,1232668416,448
2425,0,232,1860,4,3,1232668484,0,1,1->0,1232668480,464
2425,0,232,1860,4,4,1232668484,1,0,0->1,1232668480,464
2425,0,232,1877,5,4,1232668501,1,0,0->1,1232668480,464
2425,0,232,1880,0,3,1232668504,0,1,1->0,1232668480,464
2425,0,232,1881,1,3,1232668505,0,1,1->0,1232668480,464
2425,0,232,1886,6,6,1232668510,1,0,0->1,1232668480,464
2425,0,232,1897,1,3,1232668521,0,1,1->0,1232668480,464
2425,0,232,1898,2,1,1232668522,0,1,1->0,1232668480,464
2425,0,232,1903,7,1,1232668527,0,1,1->0,1232668480,464
2425,0,232,1911,7,4,1232668535,1,0,0->1,1232668480,464
2425,0,232,1912,0,6,1232668536,1,0,0->1,1232668480,464
2425,0,240,1921,1,6,1232668545,1,0,0->1,1232668544,480
2425,0,240,1926,6,1,1232668550,0,1,1->0,1232668544,480
2425,0,240,1929,1,3,1232668553,0,1,1->0,1232668544,480
2425,0,240,1968,0,1,1232668592,0,1,1->0,1232668544,480
2425,0,248,1996,4,6,1232668620,1,0,0->1,1232668608,496
2425,0,248,2005,5,4,1232668629,1,0,0->1,1232668608,496
2425,0,248,2017,1,3,1232668641,0,1,1->0,1232668608,496
2425,0,248,2031,7,1,1232668655,0,1,1->0,1232668608,496
2425,0,248,2036,4,3,1232668660,0,1,1->0,1232668608,496
2425,0,248,2037,5,4,1232668661,1,0,0->1,1232668608,496
2425,0,256,2048,0,4,1232668672,1,0,0->1,1232668672,512
2425,0,256,2055,7,4,1232668679,1,0,0->1,1232668672,512
2425,0,256,2058,2,6,1232668682,1,0,0->1,1232668672,512
2425,0,256,2063,7,1,1232668687,0,1,1->0,1232668672,512
2425,0,256,2065,1,1,1232668689,0,1,1->0,1232668672,512
2425,0,256,2081,1,1,1232668705,0,1,1->0,1232668672,512
2425,0,256,2083,3,6,1232668707,1,0,0->1,1232668672,512
2425,0,256,2102,6,1,1232668726,0,1,1->0,1232668672,512
2425,0,256,2103,7,4,1232668727,1,0,0->1,1232668672,512
2425,0,264,2112,0,3,1232668736,0,1,1->0,1232668736,528
2425,0,264,2153,1,6,1232668777,1,0,0->1,1232668736,528
2425,0,264,2161,1,6,1232668785,1,0,0->1,1232668736,528
2425,0,264,2163,3,1,1232668787,0,1,1->0,1232668736,528
2425,0,264,2169,1,4,1232668793,1,0,0->1,1232668736,528
2425,0,264,2175,7,4,1232668799,1,0,0->1,1232668736,528
2425,0,272,2186,2,3,1232668810,0,1,1->0,1232668800,544
2425,0,272,2210,2,3,1232668834,0,1,1->0,1232668800,544
2425,0,272,2227,3,3,1232668851,0,1,1->0,1232668800,544
2425,0,280,2244,4,1,1232668868,0,1,1->0,1232668864,560
2425,0,280,2250,2,3,1232668874,0,1,1->0,1232668864,560
2425,0,280,2276,4,6,1232668900,1,0,0->1,1232668864,560
2425,0,280,2301,5,4,1232668925,1,0,0->1,1232668864,560
2425,0,280,2303,7,4,1232668927,1,0,0->1,1232668864,560
2425,0,288,2306,2,3,1232668930,0,1,1->0,1232668928,576
2425,0,288,2307,3,4,1232668931,1,0,0->1,1232668928,576
2425,0,288,2308,4,3,1232668932,0,1,1->0,1232668928,576
2425,0,288,2326,6,3,1232668950,0,1,1->0,1232668928,576
2425,0,288,2336,0,3,1232668960,0,1,1->0,1232668928,576
2425,0,288,2338,2,3,1232668962,0,1,1->0,1232668928,576
2425,0,288,2342,6,6,1232668966,1,0,0->1,1232668928,576
2425,0,288,2344,0,3,1232668968,0,1,1->0,1232668928,576
2425,0,288,2350,6,6,1232668974,1,0,0->1,1232668928,576
2425,0,288,2354,2,6,1232668978,1,0,0->1,1232668928,576
2425,0,288,2362,2,3,1232668986,0,1,1->0,1232668928,576
2425,0,288,2365,5,4,1232668989,1,0,0->1,1232668928,576
2425,0,296,2377,1,4,1232669001,1,0,0->1,1232668992,592
2425,0,296,2389,5,4,1232669013,1,0,0->1,1232668992,592
2425,0,296,2397,5,6,1232669021,1,0,0->1,1232668992,592
2425,0,296,2414,6,3,1232669038,0,1,1->0,1232668992,592
2425,0,296,2421,5,1,1232669045,0,1,1->0,1232668992,592
2425,0,296,2430,6,3,1232669054,0,1,1->0,1232668992,592
2425,0,304,2436,4,1,1232669060,0,1,1->0,1232669056,608
2425,0,304,2437,5,3,1232669061,0,1,1->0,1232669056,608
2425,0,304,2456,0,1,1232669080,0,1,1->0,1232669056,608
2425,0,304,2464,0,4,1232669088,1,0,0->1,1232669056,608
2425,0,304,2479,7,3,1232669103,0,1,1->0,1232669056,608
2425,0,304,2486,6,1,1232669110,0,1,1->0,1232669056,608
2425,0,304,2494,6,4,1232669118,1,0,0->1,1232669056,608
2425,0,312,2500,4,3,1232669124,0,1,1->0,1232669120,624
2425,0,312,2521,1,3,1232669145,0,1,1->0,1232669120,624
2425,0,312,2531,3,6,1232669155,1,0,0->1,1232669120,624
2425,0,312,2537,1,4,1232669161,1,0,0->1,1232669120,624
2425,0,312,2557,5,6,1232669181,1,0,0->1,1232669120,624
2425,0,320,2560,0,1,1232669184,0,1,1->0,1232669184,640
2425,0,320,2582,6,1,1232669206,0,1,1->0,1232669184,640
2425,0,320,2608,0,4,1232669232,1,0,0->1,1232669184,640
2425,0,320,2609,1,3,1232669233,0,1,1->0,1232669184,640
2425,0,328,2630,6,6,1232669254,1,0,0->1,1232669248,656
2425,0,328,2637,5,4,1232669261,1,0,0->1,1232669248,656
2425,0,328,2655,7,4,1232669279,1,0,0->1,1232669248,656
2425,0,328,2668,4,6,1232669292,1,0,0->1,1232669248,656
2425,0,328,2684,4,6,1232669308,1,0,0->1,1232669248,656
2425,0,336,2692,4,1,1232669316,0,1,1->0,1232669312,672
2425,0,336,2698,2,1,1232669322,0,1,1->0,1232669312,672
2425,0,336,2708,4,6,1232669332,1,0,0->1,1232669312,672
2425,0,336,2725,5,3,1232669349,0,1,1->0,1232669312,672
2425,0,336,2735,7,3,1232669359,0,1,1->0,1232669312,672
2425,0,344,2760,0,3,1232669384,0,1,1->0,1232669376,688
2425,0,344,2774,6,6,1232669398,1,0,0->1,1232669376,688
2425,0,344,2779,3,6,1232669403,1,0,0->1,1232669376,688
2425,0,344,2784,0,1,1232669408,0,1,1->0,1232669376,688
2425,0,344,2788,4,3,1232669412,0,1,1->0,1232669376,688
2425,0,352,2822,6,3,1232669446,0,1,1->0,1232669440,704
2425,0,352,2837,5,3,1232669461,0,1,1->0,1232669440,704
2425,0,352,2844,4,6,1232669468,1,0,0->1,1232669440,704
2425,0,352,2856,0,1,1232669480,0,1,1->0,1232669440,704
2425,0,352,2863,7,6,1232669487,1,0,0->1,1232669440,704
2425,0,352,2868,4,1,1232669492,0,1,1->0,1232669440,704
2425,0,352,2869,5,3,1232669493,0,1,1->0,1232669440,704
2425,0,352,2877,5,3,1232669501,0,1,1->0,1232669440,704
2425,0,360,2893,5,4,1232669517,1,0,0->1,1232669504,720
2425,0,360,2898,2,6,1232669522,1,0,0->1,1232669504,720
2425,0,360,2902,6,1,1232669526,0,1,1->0,1232669504,720
2425,0,360,2918,6,6,1232669542,1,0,0->1,1232669504,720
2425,0,360,2942,6,6,1232669566,1,0,0->1,1232669504,720
2425,0,360,2943,7,3,1232669567,0,1,1->0,1232669504,720
2425,0,368,2947,3,6,1232669571,1,0,0->1,1232669568,736
2425,0,368,2951,7,4,1232669575,1,0,0->1,1232669568,736
2425,0,368,2969,1,1,1232669593,0,1,1->0,1232669568,736
2425,0,368,3000,0,4,1232669624,1,0,0->1,1232669568,736
2425,0,376,3019,3,3,1232669643,0,1,1->0,1232669632,752
2425,0,376,3023,7,6,1232669647,1,0,0->1,1232669632,752
2425,0,376,3026,2,4,1232669650,1,0,0->1,1232669632,752
2425,0,376,3046,6,1,1232669670,0,1,1->0,1232669632,752
2425,0,376,3055,7,4,1232669679,1,0,0->1,1232669632,752
2425,0,376,3065,1,4,1232669689,1,0,0->1,1232669632,752
2425,0,384,3081,1,6,1232669705,1,0,0->1,1232669696,768
2425,0,384,3089,1,3,1232669713,0,1,1->0,1232669696,768
2425,0,392,3137,1,4,1232669761,1,0,0->1,1232669760,784
2425,0,392,3142,6,6,1232669766,1,0,0->1,1232669760,784
2425,0,392,3180,4,3,1232669804,0,1,1->0,1232669760,784
2425,0,392,3192,0,3,1232669816,0,1,1->0,1232669760,784
2425,0,400,3200,0,6,1232669824,1,0,0->1,1232669824,800
2425,0,400,3201,1,4,1232669825,1,0,0->1,1232669824,800
2425,0,400,3201,1,6,1232669825,1,0,0->1,1232669824,800
2425,0,400,3204,4,6,1232669828,1,0,0->1,1232669824,800
2425,0,400,3221,5,3,1232669845,0,1,1->0,1232669824,800
2425,0,400,3225,1,6,1232669849,1,0,0->1,1232669824,800
2425,0,400,3231,7,4,1232669855,1,0,0->1,1232669824,800
2425,0,400,3242,2,1,1232669866,0,1,1->0,1232669824,800
2425,0,400,3244,4,4,1232669868,1,0,0->1,1232669824,800
2425,0,408,3268,4,6,1232669892,1,0,0->1,1232669888,816
2425,0,408,3281,1,3,1232669905,0,1,1->0,1232669888,816
2425,0,408,3282,2,6,1232669906,1,0,0->1,1232669888,816
2425,0,408,3293,5,4,1232669917,1,0,0->1,1232669888,816
2425,0,408,3295,7,4,1232669919,1,0,0->1,1232669888,816
2425,0,408,3306,2,4,1232669930,1,0,0->1,1232669888,816
2425,0,408,3312,0,6,1232669936,1,0,0->1,1232669888,816
2425,0,408,3313,1,4,1232669937,1,0,0->1,1232669888,816
2425,0,408,3321,1,3,1232669945,0,1,1->0,1232669888,816
2425,0,408,3325,5,6,1232669949,1,0,0->1,1232669888,816
2425,0,408,3326,6,4,1232669950,1,0,0->1,1232669888,816
2425,0,408,3327,7,3,1232669951,0,1,1->0,1232669888,816
2425,0,416,3328,0,6,1232669952,1,0,0->1,1232669952,832
2425,0,416,3347,3,4,1232669971,1,0,0->1,1232669952,832
2425,0,416,3353,1,3,1232669977,0,1,1->0,1232669952,832
2425,0,416,3374,6,1,1232669998,0,1,1->0,1232669952,832
2425,0,416,3382,6,6,1232670006,1,0,0->1,1232669952,832
2425,0,416,3387,3,1,1232670011,0,1,1->0,1232669952,832
2425,0,424,3397,5,6,1232670021,1,0,0->1,1232670016,848
2425,0,424,3404,4,4,1232670028,1,0,0->1,1232670016,848
2425,0,424,3423,7,3,1232670047,0,1,1->0,1232670016,848
2425,0,424,3428,4,3,1232670052,0,1,1->0,1232670016,848
2425,0,424,3446,6,3,1232670070,0,1,1->0,1232670016,848
2425,0,424,3448,0,6,1232670072,1,0,0->1,1232670016,848
2425,0,424,3455,7,1,1232670079,0,1,1->0,1232670016,848
2425,0,432,3457,1,4,1232670081,1,0,0->1,1232670080,864
2425,0,432,3461,5,6,1232670085,1,0,0->1,1232670080,864
2425,0,432,3463,7,3,1232670087,0,1,1->0,1232670080,864
2425,0,432,3467,3,4,1232670091,1,0,0->1,1232670080,864
2425,0,432,3467,3,6,1232670091,1,0,0->1,1232670080,864
2425,0,432,3469,5,6,1232670093,1,0,0->1,1232670080,864
2425,0,432,3474,2,4,1232670098,1,0,0->1,1232670080,864
2425,0,432,3479,7,3,1232670103,0,1,1->0,1232670080,864
2425,0,432,3505,1,6,1232670129,1,0,0->1,1232670080,864
2425,0,432,3508,4,1,1232670132,0,1,1->0,1232670080,864
2425,0,432,3517,5,3,1232670141,0,1,1->0,1232670080,864
2425,0,440,3532,4,4,1232670156,1,0,0->1,1232670144,880
2425,0,440,3539,3,4,1232670163,1,0,0->1,1232670144,880
2425,0,440,3543,7,3,1232670167,0,1,1->0,1232670144,880
2425,0,440,3555,3,4,1232670179,1,0,0->1,1232670144,880
2425,0,448,3589,5,6,1232670213,1,0,0->1,1232670208,896
2425,0,448,3607,7,1,1232670231,0,1,1->0,1232670208,896
2425,0,448,3615,7,1,1232670239,0,1,1->0,1232670208,896
2425,0,448,3635,3,6,1232670259,1,0,0->1,1232670208,896
2425,0,448,3640,0,6,1232670264,1,0,0->1,1232670208,896
2425,0,456,3651,3,4,1232670275,1,0,0->1,1232670272,912
2425,0,456,3659,3,3,1232670283,0,1,1->0,1232670272,912
2425,0,456,3666,2,1,1232670290,0,1,1->0,1232670272,912
2425,0,456,3671,7,1,1232670295,0,1,1->0,1232670272,912
2425,0,456,3674,2,3,1232670298,0,1,1->0,1232670272,912
2425,0,456,3698,2,3,1232670322,0,1,1->0,1232670272,912
2425,0,464,3718,6,1,1232670342,0,1,1->0,1232670336,928
2425,0,464,3720,0,3,1232670344,0,1,1->0,1232670336,928
2425,0,464,3726,6,6,1232670350,1,0,0->1,1232670336,928
2425,0,464,3736,0,6,1232670360,1,0,0->1,1232670336,928
2425,0,464,3747,3,3,1232670371,0,1,1->0,1232670336,928
2425,0,464,3755,3,4,1232670379,1,0,0->1,1232670336,928
2425,0,472,3779,3,6,1232670403,1,0,0->1,1232670400,944
2425,0,472,3782,6,4,1232670406,1,0,0->1,1232670400,944
2425,0,472,3785,1,6,1232670409,1,0,0->1,1232670400,944
2425,0,472,3813,5,3,1232670437,0,1,1->0,1232670400,944
2425,0,480,3847,7,3,1232670471,0,1,1->0,1232670464,960
2425,0,480,3861,5,4,1232670485,1,0,0->1,1232670464,960
2425,0,480,3869,5,4,1232670493,1,0,0->1,1232670464,960
2425,0,480,3877,5,4,1232670501,1,0,0->1,1232670464,960
2425,0,480,3885,5,1,1232670509,0,1,1->0,1232670464,960
2425,0,480,3887,7,6,1232670511,1,0,0->1,1232670464,960
2425,0,480,3889,1,3,1232670513,0,1,1->0,1232670464,960
2425,0,488,3932,4,6,1232670556,1,0,0->1,1232670528,976
2425,0,488,3941,5,4,1232670565,1,0,0->1,1232670528,976
2425,0,488,3964,4,3,1232670588,0,1,1->0,1232670528,976
2425,0,496,3973,5,1,1232670597,0,1,1->0,1232670592,992
2425,0,496,3980,4,1,1232670604,0,1,1->0,1232670592,992
2425,0,496,3982,6,4,1232670606,1,0,0->1,1232670592,992
2425,0,496,3988,4,6,1232670612,1,0,0->1,1232670592,992
2425,0,496,4001,1,3,1232670625,0,1,1->0,1232670592,992
2425,0,496,4009,1,6,1232670633,1,0,0->1,1232670592,992
2425,0,496,4022,6,4,1232670646,1,0,0->1,1232670592,992
2425,0,496,4027,3,6,1232670651,1,0,0->1,1232670592,992
2425,0,504,4051,3,4,1232670675,1,0,0->1,1232670656,1008
2425,0,504,4057,1,4,1232670681,1,0,0->1,1232670656,1008
2425,0,504,4085,5,1,1232670709,0,1,1->0,1232670656,1008
2425,0,504,4091,3,3,1232670715,0,1,1->0,1232670656,1008
2425,0,512,4113,1,1,1232670737,0,1,1->0,1232670720,1024
2425,0,512,4116,4,4,1232670740,1,0,0->1,1232670720,1024
2425,0,512,4120,0,6,1232670744,1,0,0->1,1232670720,1024
2425,0,512,4157,5,3,1232670781,0,1,1->0,1232670720,1024
2425,0,520,4161,1,3,1232670785,0,1,1->0,1232670784,1040
2425,0,520,4175,7,1,1232670799,0,1,1->0,1232670784,1040
2425,0,520,4194,2,1,1232670818,0,1,1->0,1232670784,1040
2425,0,520,4196,4,1,1232670820,0,1,1->0,1232670784,1040
2425,0,528,4233,1,1,1232670857,0,1,1->0,1232670848,1056
2425,0,528,4237,5,6,1232670861,1,0,0->1,1232670848,1056
2425,0,528,4245,5,1,1232670869,0,1,1->0,1232670848,1056
2425,0,528,4246,6,4,1232670870,1,0,0->1,1232670848,1056
2425,0,528,4254,6,1,1232670878,0,1,1->0,1232670848,1056
2425,0,528,4264,0,3,1232670888,0,1,1->0,1232670848,1056
2425,0,528,4271,7,6,1232670895,1,0,0->1,1232670848,1056
2425,0,536,4295,7,6,1232670919,1,0,0->1,1232670912,1072
2425,0,536,4311,7,1,1232670935,0,1,1->0,1232670912,1072
2425,0,536,4314,2,3,1232670938,0,1,1->0,1232670912,1072
2425,0,536,4315,3,6,1232670939,1,0,0->1,1232670912,1072
2425,0,536,4337,1,6,1232670961,1,0,0->1,1232670912,1072
2425,0,544,4364,4,3,1232670988,0,1,1->0,1232670976,1088
2425,0,544,4364,4,4,1232670988,1,0,0->1,1232670976,1088
2425,0,544,4381,5,3,1232671005,0,1,1->0,1232670976,1088
2425,0,544,4387,3,4,1232671011,1,0,0->1,1232670976,1088
2425,0,544,4407,7,3,1232671031,0,1,1->0,1232670976,1088
2425,0,544,4413,5,6,1232671037,1,0,0->1,1232670976,1088
2425,0,552,4429,5,4,1232671053,1,0,0->1,1232671040,1104
2425,0,552,4431,7,6,1232671055,1,0,0->1,1232671040,1104
2425,0,552,4454,6,1,1232671078,0,1,1->0,1232671040,1104
2425,0,552,4456,0,1,1232671080,0,1,1->0,1232671040,1104
2425,0,552,4479,7,3,1232671103,0,1,1->0,1232671040,1104
2425,0,560,4484,4,4,1232671108,1,0,0->1,1232671104,1120
2425,0,560,4491,3,1,1232671115,0,1,1->0,1232671104,1120
2425,0,560,4501,5,3,1232671125,0,1,1->0,1232671104,1120
2425,0,560,4512,0,3,1232671136,0,1,1->0,1232671104,1120
2425,0,560,4532,4,3,1232671156,0,1,1->0,1232671104,1120
2425,0,560,4537,1,6,1232671161,1,0,0->1,1232671104,1120
2425,0,560,4541,5,1,1232671165,0,1,1->0,1232671104,1120
2425,0,560,4541,5,3,1232671165,0,1,1->0,1232671104,1120
2425,0,560,4543,7,4,1232671167,1,0,0->1,1232671104,1120
2425,0,568,4553,1,4,1232671177,1,0,0->1,1232671168,1136
2425,0,568,4559,7,1,1232671183,0,1,1->0,1232671168,1136
2425,0,568,4572,4,6,1232671196,1,0,0->1,1232671168,1136
2425,0,568,4575,7,6,1232671199,1,0,0->1,1232671168,1136
2425,0,568,4604,4,1,1232671228,0,1,1->0,1232671168,1136
2425,0,568,4605,5,6,1232671229,1,0,0->1,1232671168,1136
2425,0,568,4606,6,6,1232671230,1,0,0->1,1232671168,1136
2425,0,576,4609,1,1,1232671233,0,1,1->0,1232671232,1152
2425,0,576,4617,1,4,1232671241,1,0,0->1,1232671232,1152
2425,0,576,4618,2,4,1232671242,1,0,0->1,1232671232,1152
2425,0,576,4647,7,3,1232671271,0,1,1->0,1232671232,1152
2425,0,576,4655,7,4,1232671279,1,0,0->1,1232671232,1152
2425,0,576,4656,0,6,1232671280,1,0,0->1,1232671232,1152
2425,0,576,4660,4,6,1232671284,1,0,0->1,1232671232,1152
2425,0,576,4668,4,4,1232671292,1,0,0->1,1232671232,1152
2425,0,584,4677,5,4,1232671301,1,0,0->1,1232671296,1168
2425,0,584,4678,6,4,1232671302,1,0,0->1,1232671296,1168
2425,0,584,4687,7,4,1232671311,1,0,0->1,1232671296,1168
2425,0,584,4702,6,6,1232671326,1,0,0->1,1232671296,1168
2425,0,584,4712,0,3,1232671336,0,1,1->0,1232671296,1168
2425,0,584,4715,3,6,1232671339,1,0,0->1,1232671296,1168
2425,0,584,4730,2,3,1232671354,0,1,1->0,1232671296,1168
2425,0,584,4734,6,4,1232671358,1,0,0->1,1232671296,1168
2425,0,592,4740,4,3,1232671364,0,1,1->0,1232671360,1184
2425,0,592,4745,1,4,1232671369,1,0,0->1,1232671360,1184
2425,0,592,4751,7,1,1232671375,0,1,1->0,1232671360,1184
2425,0,592,4772,4,1,1232671396,0,1,1->0,1232671360,1184
2425,0,592,4780,4,6,1232671404,1,0,0->1,1232671360,1184
2425,0,600,4830,6,6,1232671454,1,0,0->1,1232671424,1200
2425,0,600,4849,1,4,1232671473,1,0,0->1,1232671424,1200
2425,0,608,4900,4,3,1232671524,0,1,1->0,1232671488,1216
2425,0,608,4904,0,4,1232671528,1,0,0->1,1232671488,1216
2425,0,608,4908,4,1,1232671532,0,1,1->0,1232671488,1216
2425,0,608,4908,4,3,1232671532,0,1,1->0,1232671488,1216
2425,0,608,4910,6,3,1232671534,0,1,1->0,1232671488,1216
2425,0,608,4921,1,4,1232671545,1,0,0->1,1232671488,1216
2425,0,616,4935,7,1,1232671559,0,1,1->0,1232671552,1232
2425,0,616,4960,0,1,1232671584,0,1,1->0,1232671552,1232
2425,0,616,4961,1,4,1232671585,1,0,0->1,1232671552,1232
2425,0,616,4978,2,4,1232671602,1,0,0->1,1232671552,1232
2425,0,616,4979,3,6,1232671603,1,0,0->1,1232671552,1232
2425,0,616,4989,5,6,1232671613,1,0,0->1,1232671552,1232
2425,0,624,4998,6,4,1232671622,1,0,0->1,1232671616,1248
2425,0,624,5007,7,3,1232671631,0,1,1->0,1232671616,1248
2425,0,624,5013,5,4,1232671637,1,0,0->1,1232671616,1248
2425,0,624,5027,3,4,1232671651,1,0,0->1,1232671616,1248
2425,0,624,5030,6,1,1232671654,0,1,1->0,1232671616,1248
2425,0,624,5033,1,3,1232671657,0,1,1->0,1232671616,1248
2425,0,624,5036,4,4,1232671660,1,0,0->1,1232671616,1248
2425,0,624,5055,7,3,1232671679,0,1,1->0,1232671616,1248
2425,0,632,5067,3,3,1232671691,0,1,1->0,1232671680,1264
2425,0,632,5073,1,6,1232671697,1,0,0->1,1232671680,1264
2425,0,632,5076,4,6,1232671700,1,0,0->1,1232671680,1264
2425,0,632,5084,4,4,1232671708,1,0,0->1,1232671680,1264
2425,0,632,5085,5,6,1232671709,1,0,0->1,1232671680,1264
2425,0,632,5119,7,1,1232671743,0,1,1->0,1232671680,1264
2425,0,640,5122,2,4,1232671746,1,0,0->1,1232671744,1280
2425,0,640,5135,7,6,1232671759,1,0,0->1,1232671744,1280
2425,0,640,5141,5,3,1232671765,0,1,1->0,1232671744,1280
2425,0,640,5149,5,6,1232671773,1,0,0->1,1232671744,1280
2425,0,640,5152,0,1,1232671776,0,1,1->0,1232671744,1280
2425,0,640,5167,7,6,1232671791,1,0,0->1,1232671744,1280
2425,0,640,5168,0,4,1232671792,1,0,0->1,1232671744,1280
2425,0,640,5178,2,4,1232671802,1,0,0->1,1232671744,1280
2425,0,648,5190,6,3,1232671814,0,1,1->0,1232671808,1296
2425,0,648,5199,7,1,1232671823,0,1,1->0,1232671808,1296
2425,0,648,5210,2,3,1232671834,0,1,1->0,1232671808,1296
2425,0,648,5213,5,4,1232671837,1,0,0->1,1232671808,1296
2425,0,648,5216,0,1,1232671840,0,1,1->0,1232671808,1296
2425,0,648,5218,2,1,1232671842,0,1,1->0,1232671808,1296
2425,0,648,5218,2,3,1232671842,0,1,1->0,1232671808,1296
2425,0,648,5229,5,4,1232671853,1,0,0->1,1232671808,1296
2425,0,656,5254,6,1,1232671878,0,1,1->0,1232671872,1312
2425,0,656,5267,3,3,1232671891,0,1,1->0,1232671872,1312
2425,0,656,5269,5,1,1232671893,0,1,1->0,1232671872,1312
2425,0,664,5317,5,6,1232671941,1,0,0->1,1232671936,1328
2425,0,664,5321,1,4,1232671945,1,0,0->1,1232671936,1328
2425,0,664,5329,1,1,1232671953,0,1,1->0,1232671936,1328
2425,0,664,5331,3,4,1232671955,1,0,0->1,1232671936,1328
2425,0,664,5332,4,3,1232671956,0,1,1->0,1232671936,1328
2425,0,664,5345,1,4,1232671969,1,0,0->1,1232671936,1328
2425,0,664,5350,6,1,1232671974,0,1,1->0,1232671936,1328
2425,0,664,5370,2,4,1232671994,1,0,0->1,1232671936,1328
2425,0,664,5372,4,3,1232671996,0,1,1->0,1232671936,1328
2425,0,672,5391,7,4,1232672015,1,0,0->1,1232672000,1344
2425,0,672,5393,1,4,1232672017,1,0,0->1,1232672000,1344
2425,0,672,5407,7,4,1232672031,1,0,0->1,1232672000,1344
2425,0,672,5418,2,1,1232672042,0,1,1->0,1232672000,1344
2425,0,680,5449,1,3,1232672073,0,1,1->0,1232672064,1360
2425,0,680,5470,6,6,1232672094,1,0,0->1,1232672064,1360
2425,0,680,5477,5,3,1232672101,0,1,1->0,1232672064,1360
2425,0,680,5479,7,4,1232672103,1,0,0->1,1232672064,1360
2425,0,680,5483,3,1,1232672107,0,1,1->0,1232672064,1360
2425,0,680,5485,5,3,1232672109,0,1,1->0,1232672064,1360
2425,0,680,5489,1,1,1232672113,0,1,1->0,1232672064,1360
2425,0,680,5495,7,6,1232672119,1,0,0->1,1232672064,1360
2425,0,680,5496,0,1,1232672120,0,1,1->0,1232672064,1360
2425,0,680,5498,2,3,1232672122,0,1,1->0,1232672064,1360
2425,0,688,5529,1,4,1232672153,1,0,0->1,1232672128,1376
2425,0,688,5535,7,4,1232672159,1,0,0->1,1232672128,1376
2425,0,688,5558,6,3,1232672182,0,1,1->0,1232672128,1376
2425,0,688,5561,1,6,1232672185,1,0,0->1,1232672128,1376
2425,0,688,5562,2,4,1232672186,1,0,0->1,1232672128,1376
2425,0,696,5574,6,6,1232672198,1,0,0->1,1232672192,1392
2425,0,696,5581,5,3,1232672205,0,1,1->0,1232672192,1392
2425,0,696,5583,7,3,1232672207,0,1,1->0,1232672192,1392
2425,0,696,5583,7,4,1232672207,1,0,0->1,1232672192,1392
2425,0,696,5597,5,3,1232672221,0,1,1->0,1232672192,1392
2425,0,696,5597,5,4,1232672221,1,0,0->1,1232672192,1392
2425,0,696,5615,7,4,1232672239,1,0,0->1,1232672192,1392
2425,0,696,5620,4,1,1232672244,0,1,1->0,1232672192,1392
2425,0,696,5625,1,4,1232672249,1,0,0->1,1232672192,1392
2425,0,696,5628,4,3,1232672252,0,1,1->0,1232672192,1392
2425,0,704,5640,0,6,1232672264,1,0,0->1,1232672256,1408
2425,0,704,5642,2,1,1232672266,0,1,1->0,1232672256,1408
2425,0,704,5661,5,1,1232672285,0,1,1->0,1232672256,1408
2425,0,704,5662,6,1,1232672286,0,1,1->0,1232672256,1408
2425,0,712,5701,5,1,1232672325,0,1,1->0,1232672320,1424
2425,0,712,5702,6,1,1232672326,0,1,1->0,1232672320,1424
2425,0,712,5717,5,4,1232672341,1,0,0->1,1232672320,1424
2425,0,712,5727,7,1,1232672351,0,1,1->0,1232672320,1424
2425,0,712,5729,1,6,1232672353,1,0,0->1,1232672320,1424
2425,0,712,5740,4,6,1232672364,1,0,0->1,1232672320,1424
2425,0,712,5751,7,4,1232672375,1,0,0->1,1232672320,1424
2425,0,720,5767,7,1,1232672391,0,1,1->0,1232672384,1440
2425,0,720,5785,1,6,1232672409,1,0,0->1,1232672384,1440
2425,0,720,5789,5,1,1232672413,0,1,1->0,1232672384,1440
2425,0,720,5795,3,1,1232672419,0,1,1->0,1232672384,1440
2425,0,720,5799,7,3,1232672423,0,1,1->0,1232672384,1440
2425,0,720,5804,4,4,1232672428,1,0,0->1,1232672384,1440
2425,0,720,5808,0,3,1232672432,0,1,1->0,1232672384,1440
2425,0,720,5822,6,6,1232672446,1,0,0->1,1232672384,1440
2425,0,728,5832,0,1,1232672456,0,1,1->0,1232672448,1456
2425,0,728,5843,3,6,1232672467,1,0,0->1,1232672448,1456
2425,0,728,5848,0,6,1232672472,1,0,0->1,1232672448,1456
2425,0,728,5871,7,4,1232672495,1,0,0->1,1232672448,1456
2425,0,728,5872,0,1,1232672496,0,1,1->0,1232672448,1456
2425,0,728,5883,3,3,1232672507,0,1,1->0,1232672448,1456
2425,0,736,5901,5,6,1232672525,1,0,0->1,1232672512,1472
2425,0,736,5915,3,6,1232672539,1,0,0->1,1232672512,1472
2425,0,736,5926,6,6,1232672550,1,0,0->1,1232672512,1472
2425,0,744,5965,5,1,1232672589,0,1,1->0,1232672576,1488
2425,0,744,5975,7,6,1232672599,1,0,0->1,1232672576,1488
2425,0,744,5977,1,3,1232672601,0,1,1->0,1232672576,1488
2425,0,744,5982,6,6,1232672606,1,0,0->1,1232672576,1488
2425,0,744,5990,6,6,1232672614,1,0,0->1,1232672576,1488
2425,0,744,5998,6,3,1232672622,0,1,1->0,1232672576,1488
2425,0,744,6006,6,4,1232672630,1,0,0->1,1232672576,1488
2425,0,744,6007,7,6,1232672631,1,0,0->1,1232672576,1488
2425,0,752,6043,3,4,1232672667,1,0,0->1,1232672640,1504
2425,0,752,6045,5,4,1232672669,1,0,0->1,1232672640,1504
2425,0,752,6046,6,1,1232672670,0,1,1->0,1232672640,1504
2425,0,752,6046,6,3,1232672670,0,1,1->0,1232672640,1504
2425,0,752,6073,1,3,1232672697,0,1,1->0,1232672640,1504
2425,0,760,6081,1,3,1232672705,0,1,1->0,1232672704,1520
2425,0,760,6083,3,6,1232672707,1,0,0->1,1232672704,1520
2425,0,760,6093,5,1,1232672717,0,1,1->0,1232672704,1520
2425,0,760,6096,0,6,1232672720,1,0,0->1,1232672704,1520
2425,0,760,6098,2,6,1232672722,1,0,0->1,1232672704,1520
2425,0,760,6101,5,1,1232672725,0,1,1->0,1232672704,1520
2425,0,768,6156,4,3,1232672780,0,1,1->0,1232672768,1536
2425,0,768,6162,2,1,1232672786,0,1,1->0,1232672768,1536
2425,0,768,6162,2,6,1232672786,1,0,0->1,1232672768,1536
2425,0,768,6172,4,4,1232672796,1,0,0->1,1232672768,1536
2425,0,768,6177,1,3,1232672801,0,1,1->0,1232672768,1536
2425,0,768,6197,5,4,1232672821,1,0,0->1,1232672768,1536
2425,0,776,6209,1,4,1232672833,1,0,0->1,1232672832,1552
2425,0,776,6218,2,4,1232672842,1,0,0->1,1232672832,1552
2425,0,776,6230,6,1,1232672854,0,1,1->0,1232672832,1552
2425,0,776,6239,7,1,1232672863,0,1,1->0,1232672832,1552
2425,0,776,6244,4,1,1232672868,0,1,1->0,1232672832,1552
2425,0,776,6245,5,3,1232672869,0,1,1->0,1232672832,1552
2425,0,776,6245,5,6,1232672869,1,0,0->1,1232672832,1552
2425,0,776,6249,1,3,1232672873,0,1,1->0,1232672832,1552
2425,0,776,6263,7,4,1232672887,1,0,0->1,1232672832,1552
2425,0,776,6267,3,4,1232672891,1,0,0->1,1232672832,1552
2425,0,784,6273,1,4,1232672897,1,0,0->1,1232672896,1568
2425,0,784,6278,6,3,1232672902,0,1,1->0,1232672896,1568
2425,0,784,6281,1,4,1232672905,1,0,0->1,1232672896,1568
2425,0,784,6284,4,1,1232672908,0,1,1->0,1232672896,1568
2425,0,784,6293,5,1,1232672917,0,1,1->0,1232672896,1568
2425,0,784,6293,5,6,1232672917,1,0,0->1,1232672896,1568
2425,0,784,6301,5,6,1232672925,1,0,0->1,1232672896,1568
2425,0,784,6317,5,3,1232672941,0,1,1->0,1232672896,1568
2425,0,792,6345,1,4,1232672969,1,0,0->1,1232672960,1584
2425,0,792,6380,4,3,1232673004,0,1,1->0,1232672960,1584
2425,0,792,6380,4,6,1232673004,1,0,0->1,1232672960,1584
2425,0,792,6388,4,6,1232673012,1,0,0->1,1232672960,1584
2425,0,800,6401,1,4,1232673025,1,0,0->1,1232673024,1600
2425,0,800,6419,3,6,1232673043,1,0,0->1,1232673024,1600
2425,0,800,6426,2,1,1232673050,0,1,1->0,1232673024,1600
2425,0,800,6429,5,6,1232673053,1,0,0->1,1232673024,1600
2425,0,800,6443,3,3,1232673067,0,1,1->0,1232673024,1600
2425,0,800,6452,4,6,1232673076,1,0,0->1,1232673024,1600
2425,0,808,6465,1,3,1232673089,0,1,1->0,1232673088,1616
2425,0,808,6501,5,6,1232673125,1,0,0->1,1232673088,1616
2425,0,808,6513,1,6,1232673137,1,0,0->1,1232673088,1616
2425,0,816,6542,6,3,1232673166,0,1,1->0,1232673152,1632
2425,0,816,6552,0,4,1232673176,1,0,0->1,1232673152,1632
2425,0,816,6565,5,4,1232673189,1,0,0->1,1232673152,1632
2425,0,816,6576,0,4,1232673200,1,0,0->1,1232673152,1632
2425,0,816,6585,1,1,1232673209,0,1,1->0,1232673152,1632
2425,0,824,6599,7,4,1232673223,1,0,0->1,1232673216,1648
2425,0,824,6601,1,4,1232673225,1,0,0->1,1232673216,1648
2425,0,824,6623,7,3,1232673247,0,1,1->0,1232673216,1648
2425,0,824,6624,0,3,1232673248,0,1,1->0,1232673216,1648
2425,0,824,6627,3,4,1232673251,1,0,0->1,1232673216,1648
2425,0,824,6632,0,3,1232673256,0,1,1->0,1232673216,1648
2425,0,824,6643,3,1,1232673267,0,1,1->0,1232673216,1648
2425,0,824,6646,6,6,1232673270,1,0,0->1,1232673216,1648
2425,0,824,6654,6,3,1232673278,0,1,1->0,1232673216,1648
2425,0,832,6656,0,4,1232673280,1,0,0->1,1232673280,1664
2425,0,832,6678,6,4,1232673302,1,0,0->1,1232673280,1664
2425,0,832,6680,0,4,1232673304,1,0,0->1,1232673280,1664
2425,0,832,6681,1,1,1232673305,0,1,1->0,1232673280,1664
2425,0,832,6695,7,1,1232673319,0,1,1->0,1232673280,1664
2425,0,832,6703,7,6,1232673327,1,0,0->1,1232673280,1664
2425,0,832,6713,1,4,1232673337,1,0,0->1,1232673280,1664
2425,0,840,6731,3,3,1232673355,0,1,1->0,1232673344,1680
2425,0,840,6764,4,4,1232673388,1,0,0->1,1232673344,1680
2425,0,840,6773,5,4,1232673397,1,0,0->1,1232673344,1680
2425,0,848,6784,0,6,1232673408,1,0,0->1,1232673408,1696
2425,0,848,6787,3,3,1232673411,0,1,1->0,1232673408,1696
2425,0,848,6788,4,1,1232673412,0,1,1->0,1232673408,1696
2425,0,848,6789,5,1,1232673413,0,1,1->0,1232673408,1696
2425,0,848,6790,6,1,1232673414,0,1,1->0,1232673408,1696
2425,0,848,6799,7,1,1232673423,0,1,1->0,1232673408,1696
2425,0,848,6814,6,1,1232673438,0,1,1->0,1232673408,1696
2425,0,848,6823,7,4,1232673447,1,0,0->1,1232673408,1696
2425,0,848,6830,6,3,1232673454,0,1,1->0,1232673408,1696
2425,0,848,6830,6,6,1232673454,1,0,0->1,1232673408,1696
2425,0,856,6892,4,1,1232673516,0,1,1->0,1232673472,1712
2425,0,856,6901,5,4,1232673525,1,0,0->1,1232673472,1712
2425,0,856,6903,7,3,1232673527,0,1,1->0,1232673472,1712
2425,0,856,6908,4,6,1232673532,1,0,0->1,1232673472,1712
2425,0,864,6933,5,3,1232673557,0,1,1->0,1232673536,1728
2425,0,864,6939,3,3,1232673563,0,1,1->0,1232673536,1728
2425,0,864,6951,7,3,1232673575,0,1,1->0,1232673536,1728
2425,0,864,6955,3,1,1232673579,0,1,1->0,1232673536,1728
2425,0,864,6963,3,4,1232673587,1,0,0->1,1232673536,1728
2425,0,864,6967,7,1,1232673591,0,1,1->0,1232673536,1728
2425,0,864,6968,0,3,1232673592,0,1,1->0,1232673536,1728
2425,0,872,6979,3,3,1232673603,0,1,1->0,1232673600,1744
2425,0,872,6983,7,1,1232673607,0,1,1->0,1232673600,1744
2425,0,872,6993,1,4,1232673617,1,0,0->1,1232673600,1744
2425,0,872,7032,0,6,1232673656,1,0,0->1,1232673600,1744
2425,0,872,7033,1,3,1232673657,0,1,1->0,1232673600,1744
2425,0,880,7053,5,4,1232673677,1,0,0->1,1232673664,1760
2425,0,880,7065,1,1,1232673689,0,1,1->0,1232673664,1760
2425,0,880,7069,5,6,1232673693,1,0,0->1,1232673664,1760
2425,0,880,7093,5,1,1232673717,0,1,1->0,1232673664,1760
2425,0,880,7095,7,6,1232673719,1,0,0->1,1232673664,1760
2425,0,888,7115,3,1,1232673739,0,1,1->0,1232673728,1776
2425,0,888,7115,3,4,1232673739,1,0,0->1,1232673728,1776
2425,0,888,7118,6,3,1232673742,0,1,1->0,1232673728,1776
2425,0,888,7125,5,6,1232673749,1,0,0->1,1232673728,1776
2425,0,888,7138,2,3,1232673762,0,1,1->0,1232673728,1776
2425,0,888,7146,2,6,1232673770,1,0,0->1,1232673728,1776
2425,0,896,7172,4,1,1232673796,0,1,1->0,1232673792,1792
2425,0,896,7173,5,4,1232673797,1,0,0->1,1232673792,1792
2425,0,896,7188,4,3,1232673812,0,1,1->0,1232673792,1792
2425,0,896,7209,1,1,1232673833,0,1,1->0,1232673792,1792
2425,0,896,7228,4,6,1232673852,1,0,0->1,1232673792,1792
2425,0,904,7247,7,3,1232673871,0,1,1->0,1232673856,1808
2425,0,904,7255,7,1,1232673879,0,1,1->0,1232673856,1808
2425,0,904,7287,7,1,1232673911,0,1,1->0,1232673856,1808
2425,0,904,7287,7,4,1232673911,1,0,0->1,1232673856,1808
2425,0,912,7296,0,4,1232673920,1,0,0->1,1232673920,1824
2425,0,912,7302,6,3,1232673926,0,1,1->0,1232673920,1824
2425,0,912,7303,7,6,1232673927,1,0,0->1,1232673920,1824
2425,0,912,7311,7,6,1232673935,1,0,0->1,1232673920,1824
2425,0,912,7324,4,4,1232673948,1,0,0->1,1232673920,1824
2425,0,912,7326,6,1,1232673950,0,1,1->0,1232673920,1824
2425,0,912,7345,1,1,1232673969,0,1,1->0,1232673920,1824
2425,0,912,7351,7,6,1232673975,1,0,0->1,1232673920,1824
2425,0,920,7370,2,3,1232673994,0,1,1->0,1232673984,1840
2425,0,920,7384,0,4,1232674008,1,0,0->1,1232673984,1840
2425,0,920,7398,6,1,1232674022,0,1,1->0,1232673984,1840
2425,0,920,7408,0,1,1232674032,0,1,1->0,1232673984,1840
2425,0,920,7410,2,3,1232674034,0,1,1->0,1232673984,1840
2425,0,920,7413,5,3,1232674037,0,1,1->0,1232673984,1840
2425,0,920,7417,1,3,1232674041,0,1,1->0,1232673984,1840
2425,0,928,7469,5,1,1232674093,0,1,1->0,1232674048,1856
2425,0,928,7473,1,3,1232674097,0,1,1->0,1232674048,1856
2425,0,936,7505,1,1,1232674129,0,1,1->0,1232674112,1872
2425,0,936,7510,6,4,1232674134,1,0,0->1,1232674112,1872
2425,0,936,7516,4,6,1232674140,1,0,0->1,1232674112,1872
2425,0,936,7521,1,1,1232674145,0,1,1->0,1232674112,1872
2425,0,936,7524,4,4,1232674148,1,0,0->1,1232674112,1872
2425,0,936,7535,7,4,1232674159,1,0,0->1,1232674112,1872
2425,0,936,7548,4,3,1232674172,0,1,1->0,1232674112,1872
2425,0,944,7552,0,3,1232674176,0,1,1->0,1232674176,1888
2425,0,944,7575,7,1,1232674199,0,1,1->0,1232674176,1888
2425,0,944,7595,3,3,1232674219,0,1,1->0,1232674176,1888
2425,0,944,7601,1,1,1232674225,0,1,1->0,1232674176,1888
2425,0,944,7612,4,3,1232674236,0,1,1->0,1232674176,1888
2425,0,952,7631,7,6,1232674255,1,0,0->1,1232674240,1904
2425,0,952,7636,4,4,1232674260,1,0,0->1,1232674240,1904
2425,0,952,7671,7,4,1232674295,1,0,0->1,1232674240,1904
2425,0,952,7676,4,4,1232674300,1,0,0->1,1232674240,1904
2425,0,952,7679,7,6,1232674303,1,0,0->1,1232674240,1904
2425,0,960,7681,1,4,1232674305,1,0,0->1,1232674304,1920
2425,0,960,7685,5,1,1232674309,0,1,1->0,1232674304,1920
2425,0,960,7689,1,4,1232674313,1,0,0->1,1232674304,1920
2425,0,960,7692,4,4,1232674316,1,0,0->1,1232674304,1920
2425,0,960,7729,1,6,1232674353,1,0,0->1,1232674304,1920
2425,0,960,7732,4,6,1232674356,1,0,0->1,1232674304,1920
2425,0,960,7738,2,3,1232674362,0,1,1->0,1232674304,1920
2425,0,968,7749,5,6,1232674373,1,0,0->1,1232674368,1936
2425,0,968,7768,0,1,1232674392,0,1,1->0,1232674368,1936
2425,0,968,7768,0,3,1232674392,0,1,1->0,1232674368,1936
2425,0,968,7780,4,4,1232674404,1,0,0->1,1232674368,1936
2425,0,968,7783,7,1,1232674407,0,1,1->0,1232674368,1936
2425,0,968,7792,0,6,1232674416,1,0,0->1,1232674368,1936
2425,0,968,7801,1,3,1232674425,0,1,1->0,1232674368,1936
2425,0,968,7806,6,3,1232674430,0,1,1->0,1232674368,1936
2425,0,976,7838,6,6,1232674462,1,0,0->1,1232674432,1952
2425,0,976,7843,3,3,1232674467,0,1,1->0,1232674432,1952
2425,0,984,7901,5,6,1232674525,1,0,0->1,1232674496,1968
2425,0,984,7919,7,1,1232674543,0,1,1->0,1232674496,1968
2425,0,992,7949,5,3,1232674573,0,1,1->0,1232674560,1984
2425,0,992,7949,5,6,1232674573,1,0,0->1,1232674560,1984
2425,0,992,7950,6,6,1232674574,1,0,0->1,1232674560,1984
2425,0,992,7964,4,4,1232674588,1,0,0->1,1232674560,1984
2425,0,992,7972,4,1,1232674596,0,1,1->0,1232674560,1984
2425,0,992,7990,6,4,1232674614,1,0,0->1,1232674560,1984
2425,0,1000,8003,3,4,1232674627,1,0,0->1,1232674624,2000
2425,0,1000,8003,3,6,1232674627,1,0,0->1,1232674624,2000
2425,0,1000,8006,6,1,1232674630,0,1,1->0,1232674624,2000
2425,0,1000,8006,6,3,1232674630,0,1,1->0,1232674624,2000
2425,0,1000,8011,3,3,1232674635,0,1,1->0,1232674624,2000
2425,0,1000,8011,3,4,1232674635,1,0,0->1,1232674624,2000
2425,0,1000,8016,0,3,1232674640,0,1,1->0,1232674624,2000
2425,0,1000,8044,4,6,1232674668,1,0,0->1,1232674624,2000
2425,0,1000,8049,1,6,1232674673,1,0,0->1,1232674624,2000
2425,0,1008,8073,1,4,1232674697,1,0,0->1,1232674688,2016
2425,0,1008,8081,1,3,1232674705,0,1,1->0,1232674688,2016
2425,0,1008,8083,3,3,1232674707,0,1,1->0,1232674688,2016
2425,0,1008,8095,7,6,1232674719,1,0,0->1,1232674688,2016
2425,0,1016,8135,7,1,1232674759,0,1,1->0,1232674752,2032
2425,0,1016,8142,6,3,1232674766,0,1,1->0,1232674752,2032
2425,0,1016,8150,6,3,1232674774,0,1,1->0,1232674752,2032
2425,0,1016,8191,7,4,1232674815,1,0,0->1,1232674752,2032
