row,bank,col,byte_in_row,byte_lane,bit_in_byte,flip_addr,data_bit,expected_bit,direction,block_addr,block_word_index
1,0,0,9,1,0,1073807369,1,0,0->1,1073807360,0
1,0,0,9,1,5,1073807369,0,1,1->0,1073807360,0
1,0,0,12,4,0,1073807372,1,0,0->1,1073807360,0
1,0,0,13,5,2,1073807373,1,0,0->1,1073807360,0
1,0,0,16,0,5,1073807376,0,1,1->0,1073807360,0
1,0,0,22,6,7,1073807382,0,1,1->0,1073807360,0
1,0,0,24,0,7,1073807384,0,1,1->0,1073807360,0
1,0,0,26,2,5,1073807386,0,1,1->0,1073807360,0
1,0,0,31,7,5,1073807391,0,1,1->0,1073807360,0
1,0,0,34,2,0,1073807394,1,0,0->1,1073807360,0
1,0,0,34,2,5,1073807394,0,1,1->0,1073807360,0
1,0,0,35,3,5,1073807395,0,1,1->0,1073807360,0
1,0,0,38,6,7,1073807398,0,1,1->0,1073807360,0
1,0,0,40,0,0,1073807400,1,0,0->1,1073807360,0
1,0,0,47,7,0,1073807407,1,0,0->1,1073807360,0
1,0,0,54,6,2,1073807414,1,0,0->1,1073807360,0
1,0,0,59,3,5,1073807419,0,1,1->0,1073807360,0
1,0,0,63,7,7,1073807423,0,1,1->0,1073807360,0
1,0,8,66,2,7,1073807426,0,1,1->0,1073807424,16
1,0,8,71,7,5,1073807431,0,1,1->0,1073807424,16
1,0,8,80,0,2,1073807440,1,0,0->1,1073807424,16
1,0,8,88,0,0,1073807448,1,0,0->1,1073807424,16
1,0,8,96,0,5,1073807456,0,1,1->0,1073807424,16
1,0,8,97,1,0,1073807457,1,0,0->1,1073807424,16
1,0,8,97,1,7,1073807457,0,1,1->0,1073807424,16
1,0,8,99,3,2,1073807459,1,0,0->1,1073807424,16
1,0,8,99,3,7,1073807459,0,1,1->0,1073807424,16
1,0,8,102,6,5,1073807462,0,1,1->0,1073807424,16
1,0,8,107,3,0,1073807467,1,0,0->1,1073807424,16
1,0,8,111,7,5,1073807471,0,1,1->0,1073807424,16
1,0,8,112,0,5,1073807472,0,1,1->0,1073807424,16
1,0,8,119,7,0,1073807479,1,0,0->1,1073807424,16
1,0,16,128,0,2,1073807488,1,0,0->1,1073807488,32
1,0,16,128,0,7,1073807488,0,1,1->0,1073807488,32
1,0,16,130,2,5,1073807490,0,1,1->0,1073807488,32
1,0,16,135,7,5,1073807495,0,1,1->0,1073807488,32
1,0,16,136,0,0,1073807496,1,0,0->1,1073807488,32
1,0,16,139,3,0,1073807499,1,0,0->1,1073807488,32
1,0,16,143,7,7,1073807503,0,1,1->0,1073807488,32
1,0,16,145,1,5,1073807505,0,1,1->0,1073807488,32
1,0,16,146,2,5,1073807506,0,1,1->0,1073807488,32
1,0,16,146,2,7,1073807506,0,1,1->0,1073807488,32
1,0,16,148,4,2,1073807508,1,0,0->1,1073807488,32
1,0,16,156,4,0,1073807516,1,0,0->1,1073807488,32
1,0,16,161,1,5,1073807521,0,1,1->0,1073807488,32
1,0,16,162,2,5,1073807522,0,1,1->0,1073807488,32
1,0,16,173,5,5,1073807533,0,1,1->0,1073807488,32
1,0,24,193,1,5,1073807553,0,1,1->0,1073807552,48
1,0,24,196,4,5,1073807556,0,1,1->0,1073807552,48
1,0,24,197,5,7,1073807557,0,1,1->0,1073807552,48
1,0,24,199,7,2,1073807559,1,0,0->1,1073807552,48
1,0,24,201,1,7,1073807561,0,1,1->0,1073807552,48
1,0,24,206,6,2,1073807566,1,0,0->1,1073807552,48
1,0,24,207,7,5,1073807567,0,1,1->0,1073807552,48
1,0,24,208,0,5,1073807568,0,1,1->0,1073807552,48
1,0,24,209,1,7,1073807569,0,1,1->0,1073807552,48
1,0,24,213,5,0,1073807573,1,0,0->1,1073807552,48
1,0,24,215,7,7,1073807575,0,1,1->0,1073807552,48
1,0,24,216,0,5,1073807576,0,1,1->0,1073807552,48
1,0,24,217,1,0,1073807577,1,0,0->1,1073807552,48
1,0,24,237,5,2,1073807597,1,0,0->1,1073807552,48
1,0,24,243,3,2,1073807603,1,0,0->1,1073807552,48
1,0,24,250,2,7,1073807610,0,1,1->0,1073807552,48
1,0,24,254,6,7,1073807614,0,1,1->0,1073807552,48
1,0,24,255,7,5,1073807615,0,1,1->0,1073807552,48
1,0,32,258,2,7,1073807618,0,1,1->0,1073807616,64
1,0,32,262,6,2,1073807622,1,0,0->1,1073807616,64
1,0,32,265,1,0,1073807625,1,0,0->1,1073807616,64
1,0,32,265,1,5,1073807625,0,1,1->0,1073807616,64
1,0,32,270,6,7,1073807630,0,1,1->0,1073807616,64
1,0,32,271,7,0,1073807631,1,0,0->1,1073807616,64
1,0,32,272,0,2,1073807632,1,0,0->1,1073807616,64
1,0,32,272,0,7,1073807632,0,1,1->0,1073807616,64
1,0,32,275,3,5,1073807635,0,1,1->0,1073807616,64
1,0,32,275,3,7,1073807635,0,1,1->0,1073807616,64
1,0,32,276,4,2,1073807636,1,0,0->1,1073807616,64
1,0,32,278,6,0,1073807638,1,0,0->1,1073807616,64
1,0,32,280,0,5,1073807640,0,1,1->0,1073807616,64
1,0,32,283,3,2,1073807643,1,0,0->1,1073807616,64
1,0,32,291,3,5,1073807651,0,1,1->0,1073807616,64
1,0,32,293,5,0,1073807653,1,0,0->1,1073807616,64
1,0,32,293,5,2,1073807653,1,0,0->1,1073807616,64
1,0,32,293,5,7,1073807653,0,1,1->0,1073807616,64
1,0,32,294,6,5,1073807654,0,1,1->0,1073807616,64
1,0,32,298,2,2,1073807658,1,0,0->1,1073807616,64
1,0,32,299,3,5,1073807659,0,1,1->0,1073807616,64
1,0,32,304,0,0,1073807664,1,0,0->1,1073807616,64
1,0,32,305,1,0,1073807665,1,0,0->1,1073807616,64
1,0,32,311,7,2,1073807671,1,0,0->1,1073807616,64
1,0,40,325,5,0,1073807685,1,0,0->1,1073807680,80
1,0,40,325,5,7,1073807685,0,1,1->0,1073807680,80
1,0,40,327,7,0,1073807687,1,0,0->1,1073807680,80
1,0,40,328,0,2,1073807688,1,0,0->1,1073807680,80
1,0,40,329,1,2,1073807689,1,0,0->1,1073807680,80
1,0,40,329,1,7,1073807689,0,1,1->0,1073807680,80
1,0,40,339,3,0,1073807699,1,0,0->1,1073807680,80
1,0,40,341,5,0,1073807701,1,0,0->1,1073807680,80
1,0,40,343,7,2,1073807703,1,0,0->1,1073807680,80
1,0,40,344,0,7,1073807704,0,1,1->0,1073807680,80
1,0,40,348,4,2,1073807708,1,0,0->1,1073807680,80
1,0,40,352,0,5,1073807712,0,1,1->0,1073807680,80
1,0,40,354,2,5,1073807714,0,1,1->0,1073807680,80
1,0,40,357,5,7,1073807717,0,1,1->0,1073807680,80
1,0,40,373,5,5,1073807733,0,1,1->0,1073807680,80
1,0,40,381,5,2,1073807741,1,0,0->1,1073807680,80
1,0,40,383,7,7,1073807743,0,1,1->0,1073807680,80
1,0,48,385,1,0,1073807745,1,0,0->1,1073807744,96
1,0,48,396,4,5,1073807756,0,1,1->0,1073807744,96
1,0,48,402,2,5,1073807762,0,1,1->0,1073807744,96
1,0,48,407,7,2,1073807767,1,0,0->1,1073807744,96
1,0,48,407,7,5,1073807767,0,1,1->0,1073807744,96
1,0,48,408,0,0,1073807768,1,0,0->1,1073807744,96
1,0,48,414,6,7,1073807774,0,1,1->0,1073807744,96
1,0,48,421,5,7,1073807781,0,1,1->0,1073807744,96
1,0,48,424,0,5,1073807784,0,1,1->0,1073807744,96
1,0,48,426,2,7,1073807786,0,1,1->0,1073807744,96
1,0,48,434,2,2,1073807794,1,0,0->1,1073807744,96
1,0,48,434,2,5,1073807794,0,1,1->0,1073807744,96
1,0,48,436,4,7,1073807796,0,1,1->0,1073807744,96
1,0,56,450,2,7,1073807810,0,1,1->0,1073807808,112
1,0,56,453,5,0,1073807813,1,0,0->1,1073807808,112
1,0,56,458,2,5,1073807818,0,1,1->0,1073807808,112
1,0,56,462,6,7,1073807822,0,1,1->0,1073807808,112
1,0,56,466,2,7,1073807826,0,1,1->0,1073807808,112
1,0,56,468,4,0,1073807828,1,0,0->1,1073807808,112
1,0,56,469,5,7,1073807829,0,1,1->0,1073807808,112
1,0,56,472,0,5,1073807832,0,1,1->0,1073807808,112
1,0,56,476,4,0,1073807836,1,0,0->1,1073807808,112
1,0,56,480,0,2,1073807840,1,0,0->1,1073807808,112
1,0,56,481,1,7,1073807841,0,1,1->0,1073807808,112
1,0,56,482,2,5,1073807842,0,1,1->0,1073807808,112
1,0,56,492,4,5,1073807852,0,1,1->0,1073807808,112
1,0,56,507,3,5,1073807867,0,1,1->0,1073807808,112
1,0,56,509,5,2,1073807869,1,0,0->1,1073807808,112
1,0,64,520,0,7,1073807880,0,1,1->0,1073807872,128
1,0,64,521,1,2,1073807881,1,0,0->1,1073807872,128
1,0,64,525,5,2,1073807885,1,0,0->1,1073807872,128
1,0,64,527,7,5,1073807887,0,1,1->0,1073807872,128
1,0,64,529,1,2,1073807889,1,0,0->1,1073807872,128
1,0,64,533,5,7,1073807893,0,1,1->0,1073807872,128
1,0,64,534,6,5,1073807894,0,1,1->0,1073807872,128
1,0,64,535,7,7,1073807895,0,1,1->0,1073807872,128
1,0,64,540,4,2,1073807900,1,0,0->1,1073807872,128
1,0,64,543,7,7,1073807903,0,1,1->0,1073807872,128
1,0,64,545,1,7,1073807905,0,1,1->0,1073807872,128
1,0,64,546,2,2,1073807906,1,0,0->1,1073807872,128
1,0,64,548,4,5,1073807908,0,1,1->0,1073807872,128
1,0,64,549,5,7,1073807909,0,1,1->0,1073807872,128
1,0,64,556,4,5,1073807916,0,1,1->0,1073807872,128
1,0,64,559,7,7,1073807919,0,1,1->0,1073807872,128
1,0,64,562,2,5,1073807922,0,1,1->0,1073807872,128
1,0,64,566,6,5,1073807926,0,1,1->0,1073807872,128
1,0,64,567,7,0,1073807927,1,0,0->1,1073807872,128
1,0,64,567,7,7,1073807927,0,1,1->0,1073807872,128
1,0,72,583,7,2,1073807943,1,0,0->1,1073807936,144
1,0,72,583,7,7,1073807943,0,1,1->0,1073807936,144
1,0,72,584,0,2,1073807944,1,0,0->1,1073807936,144
1,0,72,586,2,2,1073807946,1,0,0->1,1073807936,144
1,0,72,590,6,5,1073807950,0,1,1->0,1073807936,144
1,0,72,595,3,5,1073807955,0,1,1->0,1073807936,144
1,0,72,595,3,7,1073807955,0,1,1->0,1073807936,144
1,0,72,596,4,2,1073807956,1,0,0->1,1073807936,144
1,0,72,597,5,0,1073807957,1,0,0->1,1073807936,144
1,0,72,600,0,5,1073807960,0,1,1->0,1073807936,144
1,0,72,614,6,0,1073807974,1,0,0->1,1073807936,144
1,0,72,620,4,2,1073807980,1,0,0->1,1073807936,144
1,0,72,621,5,2,1073807981,1,0,0->1,1073807936,144
1,0,72,622,6,7,1073807982,0,1,1->0,1073807936,144
1,0,72,624,0,5,1073807984,0,1,1->0,1073807936,144
1,0,72,631,7,0,1073807991,1,0,0->1,1073807936,144
1,0,72,632,0,7,1073807992,0,1,1->0,1073807936,144
1,0,80,645,5,5,1073808005,0,1,1->0,1073808000,160
1,0,80,647,7,5,1073808007,0,1,1->0,1073808000,160
1,0,80,649,1,7,1073808009,0,1,1->0,1073808000,160
1,0,80,650,2,7,1073808010,0,1,1->0,1073808000,160
1,0,80,658,2,2,1073808018,1,0,0->1,1073808000,160
1,0,80,658,2,5,1073808018,0,1,1->0,1073808000,160
1,0,80,662,6,0,1073808022,1,0,0->1,1073808000,160
1,0,80,663,7,5,1073808023,0,1,1->0,1073808000,160
1,0,80,664,0,7,1073808024,0,1,1->0,1073808000,160
1,0,80,666,2,5,1073808026,0,1,1->0,1073808000,160
1,0,80,667,3,2,1073808027,1,0,0->1,1073808000,160
1,0,80,674,2,0,1073808034,1,0,0->1,1073808000,160
1,0,80,681,1,0,1073808041,1,0,0->1,1073808000,160
1,0,80,690,2,7,1073808050,0,1,1->0,1073808000,160
1,0,80,691,3,0,1073808051,1,0,0->1,1073808000,160
1,0,88,711,7,7,1073808071,0,1,1->0,1073808064,176
1,0,88,715,3,5,1073808075,0,1,1->0,1073808064,176
1,0,88,716,4,5,1073808076,0,1,1->0,1073808064,176
1,0,88,719,7,5,1073808079,0,1,1->0,1073808064,176
1,0,88,720,0,7,1073808080,0,1,1->0,1073808064,176
1,0,88,731,3,0,1073808091,1,0,0->1,1073808064,176
1,0,88,738,2,7,1073808098,0,1,1->0,1073808064,176
1,0,88,739,3,7,1073808099,0,1,1->0,1073808064,176
1,0,88,743,7,7,1073808103,0,1,1->0,1073808064,176
1,0,88,752,0,0,1073808112,1,0,0->1,1073808064,176
1,0,88,753,1,0,1073808113,1,0,0->1,1073808064,176
1,0,88,753,1,7,1073808113,0,1,1->0,1073808064,176
1,0,96,769,1,5,1073808129,0,1,1->0,1073808128,192
1,0,96,775,7,0,1073808135,1,0,0->1,1073808128,192
1,0,96,778,2,7,1073808138,0,1,1->0,1073808128,192
1,0,96,784,0,7,1073808144,0,1,1->0,1073808128,192
1,0,96,785,1,0,1073808145,1,0,0->1,1073808128,192
1,0,96,791,7,0,1073808151,1,0,0->1,1073808128,192
1,0,96,791,7,5,1073808151,0,1,1->0,1073808128,192
1,0,96,793,1,7,1073808153,0,1,1->0,1073808128,192
1,0,96,800,0,7,1073808160,0,1,1->0,1073808128,192
1,0,96,814,6,5,1073808174,0,1,1->0,1073808128,192
1,0,96,815,7,0,1073808175,1,0,0->1,1073808128,192
1,0,96,816,0,0,1073808176,1,0,0->1,1073808128,192
1,0,96,816,0,5,1073808176,0,1,1->0,1073808128,192
1,0,96,821,5,7,1073808181,0,1,1->0,1073808128,192
1,0,96,823,7,7,1073808183,0,1,1->0,1073808128,192
1,0,96,826,2,0,1073808186,1,0,0->1,1073808128,192
1,0,96,829,5,7,1073808189,0,1,1->0,1073808128,192
1,0,104,836,4,5,1073808196,0,1,1->0,1073808192,208
1,0,104,840,0,2,1073808200,1,0,0->1,1073808192,208
1,0,104,843,3,5,1073808203,0,1,1->0,1073808192,208
1,0,104,846,6,0,1073808206,1,0,0->1,1073808192,208
1,0,104,849,1,5,1073808209,0,1,1->0,1073808192,208
1,0,104,855,7,7,1073808215,0,1,1->0,1073808192,208
1,0,104,856,0,5,1073808216,0,1,1->0,1073808192,208
1,0,104,867,3,7,1073808227,0,1,1->0,1073808192,208
1,0,104,873,1,0,1073808233,1,0,0->1,1073808192,208
1,0,104,873,1,5,1073808233,0,1,1->0,1073808192,208
1,0,104,882,2,7,1073808242,0,1,1->0,1073808192,208
1,0,104,888,0,7,1073808248,0,1,1->0,1073808192,208
1,0,112,903,7,7,1073808263,0,1,1->0,1073808256,224
1,0,112,911,7,7,1073808271,0,1,1->0,1073808256,224
1,0,112,918,6,7,1073808278,0,1,1->0,1073808256,224
1,0,112,922,2,0,1073808282,1,0,0->1,1073808256,224
1,0,112,931,3,2,1073808291,1,0,0->1,1073808256,224
1,0,112,933,5,5,1073808293,0,1,1->0,1073808256,224
1,0,112,937,1,7,1073808297,0,1,1->0,1073808256,224
1,0,112,944,0,0,1073808304,1,0,0->1,1073808256,224
1,0,112,946,2,0,1073808306,1,0,0->1,1073808256,224
1,0,112,948,4,0,1073808308,1,0,0->1,1073808256,224
1,0,112,957,5,7,1073808317,0,1,1->0,1073808256,224
1,0,112,958,6,5,1073808318,0,1,1->0,1073808256,224
1,0,120,967,7,7,1073808327,0,1,1->0,1073808320,240
1,0,120,975,7,2,1073808335,1,0,0->1,1073808320,240
1,0,120,976,0,7,1073808336,0,1,1->0,1073808320,240
1,0,120,978,2,7,1073808338,0,1,1->0,1073808320,240
1,0,120,983,7,5,1073808343,0,1,1->0,1073808320,240
1,0,120,984,0,7,1073808344,0,1,1->0,1073808320,240
1,0,120,990,6,5,1073808350,0,1,1->0,1073808320,240
1,0,120,991,7,0,1073808351,1,0,0->1,1073808320,240
1,0,120,991,7,7,1073808351,0,1,1->0,1073808320,240
1,0,120,992,0,0,1073808352,1,0,0->1,1073808320,240
1,0,120,1002,2,7,1073808362,0,1,1->0,1073808320,240
1,0,120,1006,6,5,1073808366,0,1,1->0,1073808320,240
1,0,120,1016,0,5,1073808376,0,1,1->0,1073808320,240
1,0,120,1018,2,5,1073808378,0,1,1->0,1073808320,240
1,0,120,1019,3,7,1073808379,0,1,1->0,1073808320,240
1,0,128,1030,6,7,1073808390,0,1,1->0,1073808384,256
1,0,128,1034,2,7,1073808394,0,1,1->0,1073808384,256
1,0,128,1046,6,2,1073808406,1,0,0->1,1073808384,256
1,0,128,1047,7,5,1073808407,0,1,1->0,1073808384,256
1,0,128,1055,7,5,1073808415,0,1,1->0,1073808384,256
1,0,128,1061,5,0,1073808421,1,0,0->1,1073808384,256
1,0,128,1068,4,0,1073808428,1,0,0->1,1073808384,256
1,0,128,1076,4,5,1073808436,0,1,1->0,1073808384,256
1,0,128,1083,3,5,1073808443,0,1,1->0,1073808384,256
1,0,136,1095,7,5,1073808455,0,1,1->0,1073808448,272
1,0,136,1098,2,5,1073808458,0,1,1->0,1073808448,272
1,0,136,1100,4,7,1073808460,0,1,1->0,1073808448,272
1,0,136,1104,0,7,1073808464,0,1,1->0,1073808448,272
1,0,136,1108,4,5,1073808468,0,1,1->0,1073808448,272
1,0,136,1111,7,2,1073808471,1,0,0->1,1073808448,272
1,0,136,1119,7,5,1073808479,0,1,1->0,1073808448,272
1,0,136,1124,4,5,1073808484,0,1,1->0,1073808448,272
1,0,136,1135,7,2,1073808495,1,0,0->1,1073808448,272
1,0,144,1154,2,2,1073808514,1,0,0->1,1073808512,288
1,0,144,1162,2,7,1073808522,0,1,1->0,1073808512,288
1,0,144,1163,3,7,1073808523,0,1,1->0,1073808512,288
1,0,144,1170,2,7,1073808530,0,1,1->0,1073808512,288
1,0,144,1173,5,5,1073808533,0,1,1->0,1073808512,288
1,0,144,1176,0,2,1073808536,1,0,0->1,1073808512,288
1,0,144,1177,1,2,1073808537,1,0,0->1,1073808512,288
1,0,144,1178,2,5,1073808538,0,1,1->0,1073808512,288
1,0,144,1187,3,7,1073808547,0,1,1->0,1073808512,288
1,0,144,1192,0,5,1073808552,0,1,1->0,1073808512,288
1,0,144,1194,2,5,1073808554,0,1,1->0,1073808512,288
1,0,144,1195,3,7,1073808555,0,1,1->0,1073808512,288
1,0,144,1206,6,5,1073808566,0,1,1->0,1073808512,288
1,0,144,1209,1,0,1073808569,1,0,0->1,1073808512,288
1,0,144,1214,6,5,1073808574,0,1,1->0,1073808512,288
1,0,152,1220,4,2,1073808580,1,0,0->1,1073808576,304
1,0,152,1220,4,5,1073808580,0,1,1->0,1073808576,304
1,0,152,1223,7,5,1073808583,0,1,1->0,1073808576,304
1,0,152,1224,0,7,1073808584,0,1,1->0,1073808576,304
1,0,152,1225,1,2,1073808585,1,0,0->1,1073808576,304
1,0,152,1225,1,5,1073808585,0,1,1->0,1073808576,304
1,0,152,1227,3,7,1073808587,0,1,1->0,1073808576,304
1,0,152,1240,0,7,1073808600,0,1,1->0,1073808576,304
1,0,152,1241,1,7,1073808601,0,1,1->0,1073808576,304
1,0,152,1245,5,2,1073808605,1,0,0->1,1073808576,304
1,0,152,1250,2,0,1073808610,1,0,0->1,1073808576,304
1,0,152,1250,2,5,1073808610,0,1,1->0,1073808576,304
1,0,152,1252,4,7,1073808612,0,1,1->0,1073808576,304
1,0,152,1253,5,0,1073808613,1,0,0->1,1073808576,304
1,0,152,1256,0,2,1073808616,1,0,0->1,1073808576,304
1,0,152,1257,1,5,1073808617,0,1,1->0,1073808576,304
1,0,152,1262,6,0,1073808622,1,0,0->1,1073808576,304
1,0,152,1266,2,7,1073808626,0,1,1->0,1073808576,304
1,0,152,1268,4,2,1073808628,1,0,0->1,1073808576,304
1,0,152,1271,7,7,1073808631,0,1,1->0,1073808576,304
1,0,152,1274,2,7,1073808634,0,1,1->0,1073808576,304
1,0,152,1275,3,0,1073808635,1,0,0->1,1073808576,304
1,0,160,1285,5,2,1073808645,1,0,0->1,1073808640,320
1,0,160,1287,7,7,1073808647,0,1,1->0,1073808640,320
1,0,160,1290,2,5,1073808650,0,1,1->0,1073808640,320
1,0,160,1293,5,0,1073808653,1,0,0->1,1073808640,320
1,0,160,1300,4,7,1073808660,0,1,1->0,1073808640,320
1,0,160,1304,0,0,1073808664,1,0,0->1,1073808640,320
1,0,160,1308,4,2,1073808668,1,0,0->1,1073808640,320
1,0,160,1309,5,2,1073808669,1,0,0->1,1073808640,320
1,0,160,1317,5,5,1073808677,0,1,1->0,1073808640,320
1,0,160,1318,6,7,1073808678,0,1,1->0,1073808640,320
1,0,160,1327,7,5,1073808687,0,1,1->0,1073808640,320
1,0,160,1331,3,0,1073808691,1,0,0->1,1073808640,320
1,0,160,1331,3,5,1073808691,0,1,1->0,1073808640,320
1,0,160,1334,6,5,1073808694,0,1,1->0,1073808640,320
1,0,160,1339,3,0,1073808699,1,0,0->1,1073808640,320
1,0,160,1340,4,5,1073808700,0,1,1->0,1073808640,320
1,0,160,1341,5,5,1073808701,0,1,1->0,1073808640,320
1,0,168,1345,1,0,1073808705,1,0,0->1,1073808704,336
1,0,168,1359,7,7,1073808719,0,1,1->0,1073808704,336
1,0,168,1366,6,2,1073808726,1,0,0->1,1073808704,336
1,0,168,1367,7,7,1073808727,0,1,1->0,1073808704,336
1,0,168,1372,4,7,1073808732,0,1,1->0,1073808704,336
1,0,168,1374,6,2,1073808734,1,0,0->1,1073808704,336
1,0,168,1381,5,7,1073808741,0,1,1->0,1073808704,336
1,0,168,1395,3,2,1073808755,1,0,0->1,1073808704,336
1,0,168,1403,3,2,1073808763,1,0,0->1,1073808704,336
1,0,176,1412,4,0,1073808772,1,0,0->1,1073808768,352
1,0,176,1413,5,2,1073808773,1,0,0->1,1073808768,352
1,0,176,1417,1,5,1073808777,0,1,1->0,1073808768,352
1,0,176,1418,2,5,1073808778,0,1,1->0,1073808768,352
1,0,176,1421,5,7,1073808781,0,1,1->0,1073808768,352
1,0,176,1426,2,2,1073808786,1,0,0->1,1073808768,352
1,0,176,1427,3,7,1073808787,0,1,1->0,1073808768,352
1,0,176,1429,5,7,1073808789,0,1,1->0,1073808768,352
1,0,176,1435,3,5,1073808795,0,1,1->0,1073808768,352
1,0,176,1436,4,0,1073808796,1,0,0->1,1073808768,352
1,0,176,1448,0,2,1073808808,1,0,0->1,1073808768,352
1,0,176,1451,3,0,1073808811,1,0,0->1,1073808768,352
1,0,176,1459,3,5,1073808819,0,1,1->0,1073808768,352
1,0,176,1463,7,0,1073808823,1,0,0->1,1073808768,352
1,0,184,1472,0,5,1073808832,0,1,1->0,1073808832,368
1,0,184,1479,7,2,1073808839,1,0,0->1,1073808832,368
1,0,184,1486,6,5,1073808846,0,1,1->0,1073808832,368
1,0,184,1490,2,2,1073808850,1,0,0->1,1073808832,368
1,0,184,1492,4,7,1073808852,0,1,1->0,1073808832,368
1,0,184,1494,6,7,1073808854,0,1,1->0,1073808832,368
1,0,184,1495,7,2,1073808855,1,0,0->1,1073808832,368
1,0,184,1497,1,0,1073808857,1,0,0->1,1073808832,368
1,0,184,1497,1,2,1073808857,1,0,0->1,1073808832,368
1,0,184,1501,5,7,1073808861,0,1,1->0,1073808832,368
1,0,184,1509,5,0,1073808869,1,0,0->1,1073808832,368
1,0,184,1509,5,2,1073808869,1,0,0->1,1073808832,368
1,0,184,1515,3,2,1073808875,1,0,0->1,1073808832,368
1,0,184,1520,0,0,1073808880,1,0,0->1,1073808832,368
1,0,184,1527,7,5,1073808887,0,1,1->0,1073808832,368
1,0,184,1529,1,2,1073808889,1,0,0->1,1073808832,368
1,0,184,1533,5,0,1073808893,1,0,0->1,1073808832,368
1,0,192,1542,6,2,1073808902,1,0,0->1,1073808896,384
1,0,192,1548,4,0,1073808908,1,0,0->1,1073808896,384
1,0,192,1549,5,5,1073808909,0,1,1->0,1073808896,384
1,0,192,1553,1,5,1073808913,0,1,1->0,1073808896,384
1,0,192,1556,4,5,1073808916,0,1,1->0,1073808896,384
1,0,192,1564,4,5,1073808924,0,1,1->0,1073808896,384
1,0,192,1567,7,5,1073808927,0,1,1->0,1073808896,384
1,0,192,1586,2,5,1073808946,0,1,1->0,1073808896,384
1,0,192,1589,5,5,1073808949,0,1,1->0,1073808896,384
1,0,192,1590,6,5,1073808950,0,1,1->0,1073808896,384
1,0,192,1591,7,0,1073808951,1,0,0->1,1073808896,384
1,0,192,1592,0,0,1073808952,1,0,0->1,1073808896,384
1,0,200,1600,0,2,1073808960,1,0,0->1,1073808960,400
1,0,200,1601,1,2,1073808961,1,0,0->1,1073808960,400
1,0,200,1611,3,2,1073808971,1,0,0->1,1073808960,400
1,0,200,1611,3,5,1073808971,0,1,1->0,1073808960,400
1,0,200,1615,7,7,1073808975,0,1,1->0,1073808960,400
1,0,200,1619,3,7,1073808979,0,1,1->0,1073808960,400
1,0,200,1622,6,0,1073808982,1,0,0->1,1073808960,400
1,0,200,1623,7,5,1073808983,0,1,1->0,1073808960,400
1,0,200,1627,3,7,1073808987,0,1,1->0,1073808960,400
1,0,200,1628,4,0,1073808988,1,0,0->1,1073808960,400
1,0,200,1635,3,7,1073808995,0,1,1->0,1073808960,400
1,0,200,1639,7,0,1073808999,1,0,0->1,1073808960,400
1,0,200,1641,1,0,1073809001,1,0,0->1,1073808960,400
1,0,200,1643,3,5,1073809003,0,1,1->0,1073808960,400
1,0,200,1643,3,7,1073809003,0,1,1->0,1073808960,400
1,0,200,1648,0,7,1073809008,0,1,1->0,1073808960,400
1,0,200,1649,1,7,1073809009,0,1,1->0,1073808960,400
1,0,200,1652,4,2,1073809012,1,0,0->1,1073808960,400
1,0,200,1656,0,0,1073809016,1,0,0->1,1073808960,400
1,0,200,1661,5,2,1073809021,1,0,0->1,1073808960,400
1,0,200,1662,6,2,1073809022,1,0,0->1,1073808960,400
1,0,208,1666,2,5,1073809026,0,1,1->0,1073809024,416
1,0,208,1669,5,5,1073809029,0,1,1->0,1073809024,416
1,0,208,1670,6,2,1073809030,1,0,0->1,1073809024,416
1,0,208,1670,6,5,1073809030,0,1,1->0,1073809024,416
1,0,208,1670,6,7,1073809030,0,1,1->0,1073809024,416
1,0,208,1675,3,7,1073809035,0,1,1->0,1073809024,416
1,0,208,1677,5,7,1073809037,0,1,1->0,1073809024,416
1,0,208,1684,4,0,1073809044,1,0,0->1,1073809024,416
1,0,208,1687,7,7,1073809047,0,1,1->0,1073809024,416
1,0,208,1689,1,5,1073809049,0,1,1->0,1073809024,416
1,0,208,1697,1,2,1073809057,1,0,0->1,1073809024,416
1,0,208,1701,5,5,1073809061,0,1,1->0,1073809024,416
1,0,208,1703,7,7,1073809063,0,1,1->0,1073809024,416
1,0,208,1709,5,5,1073809069,0,1,1->0,1073809024,416
1,0,208,1713,1,2,1073809073,1,0,0->1,1073809024,416
1,0,208,1718,6,2,1073809078,1,0,0->1,1073809024,416
1,0,208,1725,5,0,1073809085,1,0,0->1,1073809024,416
1,0,216,1729,1,2,1073809089,1,0,0->1,1073809088,432
1,0,216,1734,6,0,1073809094,1,0,0->1,1073809088,432
1,0,216,1735,7,7,1073809095,0,1,1->0,1073809088,432
1,0,216,1736,0,2,1073809096,1,0,0->1,1073809088,432
1,0,216,1744,0,5,1073809104,0,1,1->0,1073809088,432
1,0,216,1751,7,7,1073809111,0,1,1->0,1073809088,432
1,0,216,1758,6,7,1073809118,0,1,1->0,1073809088,432
1,0,216,1759,7,2,1073809119,1,0,0->1,1073809088,432
1,0,216,1759,7,7,1073809119,0,1,1->0,1073809088,432
1,0,216,1760,0,7,1073809120,0,1,1->0,1073809088,432
1,0,216,1769,1,7,1073809129,0,1,1->0,1073809088,432
1,0,216,1774,6,5,1073809134,0,1,1->0,1073809088,432
1,0,216,1776,0,7,1073809136,0,1,1->0,1073809088,432
1,0,216,1781,5,0,1073809141,1,0,0->1,1073809088,432
1,0,216,1783,7,7,1073809143,0,1,1->0,1073809088,432
1,0,216,1788,4,7,1073809148,0,1,1->0,1073809088,432
1,0,224,1796,4,0,1073809156,1,0,0->1,1073809152,448
1,0,224,1806,6,5,1073809166,0,1,1->0,1073809152,448
1,0,224,1807,7,5,1073809167,0,1,1->0,1073809152,448
1,0,224,1809,1,2,1073809169,1,0,0->1,1073809152,448
1,0,224,1809,1,7,1073809169,0,1,1->0,1073809152,448
1,0,224,1810,2,7,1073809170,0,1,1->0,1073809152,448
1,0,224,1813,5,7,1073809173,0,1,1->0,1073809152,448
1,0,224,1815,7,2,1073809175,1,0,0->1,1073809152,448
1,0,224,1825,1,7,1073809185,0,1,1->0,1073809152,448
1,0,224,1829,5,7,1073809189,0,1,1->0,1073809152,448
1,0,224,1831,7,5,1073809191,0,1,1->0,1073809152,448
1,0,224,1835,3,5,1073809195,0,1,1->0,1073809152,448
1,0,224,1837,5,7,1073809197,0,1,1->0,1073809152,448
1,0,224,1843,3,7,1073809203,0,1,1->0,1073809152,448
1,0,224,1845,5,5,1073809205,0,1,1->0,1073809152,448
1,0,224,1848,0,7,1073809208,0,1,1->0,1073809152,448
1,0,224,1849,1,7,1073809209,0,1,1->0,1073809152,448
1,0,224,1850,2,2,1073809210,1,0,0->1,1073809152,448
1,0,224,1853,5,0,1073809213,1,0,0->1,1073809152,448
1,0,224,1854,6,7,1073809214,0,1,1->0,1073809152,448
1,0,232,1856,0,7,1073809216,0,1,1->0,1073809216,464
1,0,232,1859,3,7,1073809219,0,1,1->0,1073809216,464
1,0,232,1874,2,5,1073809234,0,1,1->0,1073809216,464
1,0,232,1876,4,0,1073809236,1,0,0->1,1073809216,464
1,0,232,1877,5,5,1073809237,0,1,1->0,1073809216,464
1,0,232,1880,0,7,1073809240,0,1,1->0,1073809216,464
1,0,232,1882,2,5,1073809242,0,1,1->0,1073809216,464
1,0,232,1891,3,0,1073809251,1,0,0->1,1073809216,464
1,0,232,1893,5,7,1073809253,0,1,1->0,1073809216,464
1,0,232,1902,6,2,1073809262,1,0,0->1,1073809216,464
1,0,232,1903,7,5,1073809263,0,1,1->0,1073809216,464
1,0,232,1906,2,2,1073809266,1,0,0->1,1073809216,464
1,0,232,1910,6,0,1073809270,1,0,0->1,1073809216,464
1,0,232,1911,7,2,1073809271,1,0,0->1,1073809216,464
1,0,232,1915,3,0,1073809275,1,0,0->1,1073809216,464
1,0,240,1922,2,5,1073809282,0,1,1->0,1073809280,480
1,0,240,1929,1,5,1073809289,0,1,1->0,1073809280,480
1,0,240,1931,3,5,1073809291,0,1,1->0,1073809280,480
1,0,240,1932,4,7,1073809292,0,1,1->0,1073809280,480
1,0,240,1936,0,5,1073809296,0,1,1->0,1073809280,480
1,0,240,1936,0,7,1073809296,0,1,1->0,1073809280,480
1,0,240,1939,3,0,1073809299,1,0,0->1,1073809280,480
1,0,240,1940,4,7,1073809300,0,1,1->0,1073809280,480
1,0,240,1941,5,2,1073809301,1,0,0->1,1073809280,480
1,0,240,1953,1,7,1073809313,0,1,1->0,1073809280,480
1,0,240,1954,2,0,1073809314,1,0,0->1,1073809280,480
1,0,240,1963,3,2,1073809323,1,0,0->1,1073809280,480
1,0,240,1963,3,7,1073809323,0,1,1->0,1073809280,480
1,0,240,1967,7,2,1073809327,1,0,0->1,1073809280,480
1,0,240,1968,0,0,1073809328,1,0,0->1,1073809280,480
1,0,240,1975,7,0,1073809335,1,0,0->1,1073809280,480
1,0,240,1977,1,5,1073809337,0,1,1->0,1073809280,480
1,0,240,1977,1,7,1073809337,0,1,1->0,1073809280,480
1,0,240,1978,2,5,1073809338,0,1,1->0,1073809280,480
1,0,240,1980,4,5,1073809340,0,1,1->0,1073809280,480
1,0,248,1985,1,5,1073809345,0,1,1->0,1073809344,496
1,0,248,1987,3,5,1073809347,0,1,1->0,1073809344,496
1,0,248,1987,3,7,1073809347,0,1,1->0,1073809344,496
1,0,248,2001,1,2,1073809361,1,0,0->1,1073809344,496
1,0,248,2006,6,0,1073809366,1,0,0->1,1073809344,496
1,0,248,2007,7,7,1073809367,0,1,1->0,1073809344,496
1,0,248,2013,5,5,1073809373,0,1,1->0,1073809344,496
1,0,248,2017,1,2,1073809377,1,0,0->1,1073809344,496
1,0,248,2017,1,5,1073809377,0,1,1->0,1073809344,496
1,0,248,2026,2,0,1073809386,1,0,0->1,1073809344,496
1,0,248,2027,3,2,1073809387,1,0,0->1,1073809344,496
1,0,248,2028,4,5,1073809388,0,1,1->0,1073809344,496
1,0,248,2028,4,7,1073809388,0,1,1->0,1073809344,496
1,0,248,2029,5,5,1073809389,0,1,1->0,1073809344,496
1,0,248,2032,0,2,1073809392,1,0,0->1,1073809344,496
1,0,248,2038,6,2,1073809398,1,0,0->1,1073809344,496
1,0,248,2046,6,5,1073809406,0,1,1->0,1073809344,496
1,0,256,2048,0,0,1073809408,1,0,0->1,1073809408,512
1,0,256,2048,0,5,1073809408,0,1,1->0,1073809408,512
1,0,256,2049,1,5,1073809409,0,1,1->0,1073809408,512
1,0,256,2050,2,5,1073809410,0,1,1->0,1073809408,512
1,0,256,2052,4,0,1073809412,1,0,0->1,1073809408,512
1,0,256,2053,5,5,1073809413,0,1,1->0,1073809408,512
1,0,256,2056,0,7,1073809416,0,1,1->0,1073809408,512
1,0,256,2066,2,7,1073809426,0,1,1->0,1073809408,512
1,0,256,2067,3,7,1073809427,0,1,1->0,1073809408,512
1,0,256,2070,6,2,1073809430,1,0,0->1,1073809408,512
1,0,256,2070,6,5,1073809430,0,1,1->0,1073809408,512
1,0,256,2072,0,7,1073809432,0,1,1->0,1073809408,512
1,0,256,2078,6,5,1073809438,0,1,1->0,1073809408,512
1,0,256,2086,6,5,1073809446,0,1,1->0,1073809408,512
1,0,256,2103,7,5,1073809463,0,1,1->0,1073809408,512
1,0,256,2106,2,5,1073809466,0,1,1->0,1073809408,512
1,0,256,2106,2,7,1073809466,0,1,1->0,1073809408,512
1,0,256,2108,4,2,1073809468,1,0,0->1,1073809408,512
1,0,264,2112,0,5,1073809472,0,1,1->0,1073809472,528
1,0,264,2121,1,7,1073809481,0,1,1->0,1073809472,528
1,0,264,2125,5,5,1073809485,0,1,1->0,1073809472,528
1,0,264,2128,0,7,1073809488,0,1,1->0,1073809472,528
1,0,264,2133,5,2,1073809493,1,0,0->1,1073809472,528
1,0,264,2133,5,7,1073809493,0,1,1->0,1073809472,528
1,0,264,2139,3,0,1073809499,1,0,0->1,1073809472,528
1,0,264,2140,4,2,1073809500,1,0,0->1,1073809472,528
1,0,264,2142,6,0,1073809502,1,0,0->1,1073809472,528
1,0,264,2142,6,5,1073809502,0,1,1->0,1073809472,528
1,0,264,2143,7,0,1073809503,1,0,0->1,1073809472,528
1,0,264,2145,1,2,1073809505,1,0,0->1,1073809472,528
1,0,264,2152,0,2,1073809512,1,0,0->1,1073809472,528
1,0,264,2155,3,7,1073809515,0,1,1->0,1073809472,528
1,0,264,2166,6,5,1073809526,0,1,1->0,1073809472,528
1,0,264,2170,2,5,1073809530,0,1,1->0,1073809472,528
1,0,264,2172,4,0,1073809532,1,0,0->1,1073809472,528
1,0,264,2174,6,7,1073809534,0,1,1->0,1073809472,528
1,0,272,2183,7,2,1073809543,1,0,0->1,1073809536,544
1,0,272,2184,0,0,1073809544,1,0,0->1,1073809536,544
1,0,272,2188,4,0,1073809548,1,0,0->1,1073809536,544
1,0,272,2190,6,5,1073809550,0,1,1->0,1073809536,544
1,0,272,2192,0,7,1073809552,0,1,1->0,1073809536,544
1,0,272,2197,5,0,1073809557,1,0,0->1,1073809536,544
1,0,272,2201,1,7,1073809561,0,1,1->0,1073809536,544
1,0,272,2205,5,0,1073809565,1,0,0->1,1073809536,544
1,0,272,2209,1,5,1073809569,0,1,1->0,1073809536,544
1,0,272,2210,2,0,1073809570,1,0,0->1,1073809536,544
1,0,272,2221,5,7,1073809581,0,1,1->0,1073809536,544
1,0,272,2222,6,0,1073809582,1,0,0->1,1073809536,544
1,0,272,2224,0,5,1073809584,0,1,1->0,1073809536,544
1,0,272,2228,4,2,1073809588,1,0,0->1,1073809536,544
1,0,272,2228,4,7,1073809588,0,1,1->0,1073809536,544
1,0,272,2229,5,2,1073809589,1,0,0->1,1073809536,544
1,0,272,2231,7,2,1073809591,1,0,0->1,1073809536,544
1,0,272,2235,3,5,1073809595,0,1,1->0,1073809536,544
1,0,272,2237,5,5,1073809597,0,1,1->0,1073809536,544
1,0,272,2238,6,0,1073809598,1,0,0->1,1073809536,544
1,0,280,2242,2,5,1073809602,0,1,1->0,1073809600,560
1,0,280,2243,3,0,1073809603,1,0,0->1,1073809600,560
1,0,280,2243,3,5,1073809603,0,1,1->0,1073809600,560
1,0,280,2244,4,7,1073809604,0,1,1->0,1073809600,560
1,0,280,2245,5,2,1073809605,1,0,0->1,1073809600,560
1,0,280,2249,1,0,1073809609,1,0,0->1,1073809600,560
1,0,280,2262,6,5,1073809622,0,1,1->0,1073809600,560
1,0,280,2265,1,7,1073809625,0,1,1->0,1073809600,560
1,0,280,2267,3,5,1073809627,0,1,1->0,1073809600,560
1,0,280,2269,5,5,1073809629,0,1,1->0,1073809600,560
1,0,280,2269,5,7,1073809629,0,1,1->0,1073809600,560
1,0,280,2270,6,0,1073809630,1,0,0->1,1073809600,560
1,0,280,2274,2,5,1073809634,0,1,1->0,1073809600,560
1,0,280,2292,4,7,1073809652,0,1,1->0,1073809600,560
1,0,280,2298,2,5,1073809658,0,1,1->0,1073809600,560
1,0,280,2300,4,7,1073809660,0,1,1->0,1073809600,560
1,0,280,2302,6,7,1073809662,0,1,1->0,1073809600,560
1,0,288,2306,2,7,1073809666,0,1,1->0,1073809664,576
1,0,288,2307,3,5,1073809667,0,1,1->0,1073809664,576
1,0,288,2307,3,7,1073809667,0,1,1->0,1073809664,576
1,0,288,2309,5,7,1073809669,0,1,1->0,1073809664,576
1,0,288,2313,1,5,1073809673,0,1,1->0,1073809664,576
1,0,288,2316,4,5,1073809676,0,1,1->0,1073809664,576
1,0,288,2321,1,7,1073809681,0,1,1->0,1073809664,576
1,0,288,2323,3,5,1073809683,0,1,1->0,1073809664,576
1,0,288,2335,7,2,1073809695,1,0,0->1,1073809664,576
1,0,288,2340,4,2,1073809700,1,0,0->1,1073809664,576
1,0,288,2340,4,5,1073809700,0,1,1->0,1073809664,576
1,0,288,2343,7,5,1073809703,0,1,1->0,1073809664,576
1,0,288,2345,1,5,1073809705,0,1,1->0,1073809664,576
1,0,288,2351,7,5,1073809711,0,1,1->0,1073809664,576
1,0,288,2356,4,7,1073809716,0,1,1->0,1073809664,576
1,0,288,2357,5,2,1073809717,1,0,0->1,1073809664,576
1,0,288,2357,5,7,1073809717,0,1,1->0,1073809664,576
1,0,288,2358,6,0,1073809718,1,0,0->1,1073809664,576
1,0,288,2361,1,0,1073809721,1,0,0->1,1073809664,576
1,0,288,2364,4,7,1073809724,0,1,1->0,1073809664,576
1,0,296,2369,1,2,1073809729,1,0,0->1,1073809728,592
1,0,296,2372,4,5,1073809732,0,1,1->0,1073809728,592
1,0,296,2373,5,5,1073809733,0,1,1->0,1073809728,592
1,0,296,2373,5,7,1073809733,0,1,1->0,1073809728,592
1,0,296,2380,4,2,1073809740,1,0,0->1,1073809728,592
1,0,296,2381,5,0,1073809741,1,0,0->1,1073809728,592
1,0,296,2387,3,7,1073809747,0,1,1->0,1073809728,592
1,0,296,2391,7,7,1073809751,0,1,1->0,1073809728,592
1,0,296,2392,0,5,1073809752,0,1,1->0,1073809728,592
1,0,296,2395,3,0,1073809755,1,0,0->1,1073809728,592
1,0,296,2398,6,5,1073809758,0,1,1->0,1073809728,592
1,0,296,2399,7,0,1073809759,1,0,0->1,1073809728,592
1,0,296,2399,7,5,1073809759,0,1,1->0,1073809728,592
1,0,296,2400,0,2,1073809760,1,0,0->1,1073809728,592
1,0,296,2402,2,0,1073809762,1,0,0->1,1073809728,592
1,0,296,2405,5,2,1073809765,1,0,0->1,1073809728,592
1,0,296,2409,1,5,1073809769,0,1,1->0,1073809728,592
1,0,296,2410,2,5,1073809770,0,1,1->0,1073809728,592
1,0,296,2412,4,5,1073809772,0,1,1->0,1073809728,592
1,0,296,2413,5,2,1073809773,1,0,0->1,1073809728,592
1,0,296,2415,7,2,1073809775,1,0,0->1,1073809728,592
1,0,296,2417,1,5,1073809777,0,1,1->0,1073809728,592
1,0,296,2418,2,5,1073809778,0,1,1->0,1073809728,592
1,0,296,2420,4,0,1073809780,1,0,0->1,1073809728,592
1,0,296,2425,1,2,1073809785,1,0,0->1,1073809728,592
1,0,304,2432,0,7,1073809792,0,1,1->0,1073809792,608
1,0,304,2436,4,5,1073809796,0,1,1->0,1073809792,608
1,0,304,2449,1,7,1073809809,0,1,1->0,1073809792,608
1,0,304,2450,2,5,1073809810,0,1,1->0,1073809792,608
1,0,304,2450,2,7,1073809810,0,1,1->0,1073809792,608
1,0,304,2459,3,0,1073809819,1,0,0->1,1073809792,608
1,0,304,2459,3,5,1073809819,0,1,1->0,1073809792,608
1,0,304,2465,1,5,1073809825,0,1,1->0,1073809792,608
1,0,304,2468,4,2,1073809828,1,0,0->1,1073809792,608
1,0,304,2468,4,5,1073809828,0,1,1->0,1073809792,608
1,0,304,2473,1,5,1073809833,0,1,1->0,1073809792,608
1,0,304,2479,7,5,1073809839,0,1,1->0,1073809792,608
1,0,304,2481,1,5,1073809841,0,1,1->0,1073809792,608
1,0,304,2483,3,0,1073809843,1,0,0->1,1073809792,608
1,0,304,2484,4,7,1073809844,0,1,1->0,1073809792,608
1,0,304,2486,6,7,1073809846,0,1,1->0,1073809792,608
1,0,304,2488,0,7,1073809848,0,1,1->0,1073809792,608
1,0,304,2490,2,2,1073809850,1,0,0->1,1073809792,608
1,0,304,2490,2,7,1073809850,0,1,1->0,1073809792,608
1,0,304,2493,5,5,1073809853,0,1,1->0,1073809792,608
1,0,312,2496,0,5,1073809856,0,1,1->0,1073809856,624
1,0,312,2502,6,7,1073809862,0,1,1->0,1073809856,624
1,0,312,2513,1,2,1073809873,1,0,0->1,1073809856,624
1,0,312,2518,6,0,1073809878,1,0,0->1,1073809856,624
1,0,312,2529,1,5,1073809889,0,1,1->0,1073809856,624
1,0,312,2532,4,7,1073809892,0,1,1->0,1073809856,624
1,0,312,2533,5,0,1073809893,1,0,0->1,1073809856,624
1,0,312,2535,7,5,1073809895,0,1,1->0,1073809856,624
1,0,312,2536,0,7,1073809896,0,1,1->0,1073809856,624
1,0,312,2537,1,7,1073809897,0,1,1->0,1073809856,624
1,0,312,2538,2,5,1073809898,0,1,1->0,1073809856,624
1,0,312,2546,2,7,1073809906,0,1,1->0,1073809856,624
1,0,312,2549,5,5,1073809909,0,1,1->0,1073809856,624
1,0,312,2550,6,0,1073809910,1,0,0->1,1073809856,624
1,0,312,2552,0,5,1073809912,0,1,1->0,1073809856,624
1,0,320,2561,1,0,1073809921,1,0,0->1,1073809920,640
1,0,320,2564,4,2,1073809924,1,0,0->1,1073809920,640
1,0,320,2590,6,5,1073809950,0,1,1->0,1073809920,640
1,0,320,2590,6,7,1073809950,0,1,1->0,1073809920,640
1,0,320,2592,0,7,1073809952,0,1,1->0,1073809920,640
1,0,320,2594,2,0,1073809954,1,0,0->1,1073809920,640
1,0,320,2597,5,5,1073809957,0,1,1->0,1073809920,640
1,0,320,2599,7,7,1073809959,0,1,1->0,1073809920,640
1,0,320,2600,0,2,1073809960,1,0,0->1,1073809920,640
1,0,320,2606,6,0,1073809966,1,0,0->1,1073809920,640
1,0,320,2613,5,2,1073809973,1,0,0->1,1073809920,640
1,0,320,2613,5,5,1073809973,0,1,1->0,1073809920,640
1,0,320,2620,4,0,1073809980,1,0,0->1,1073809920,640
1,0,328,2628,4,7,1073809988,0,1,1->0,1073809984,656
1,0,328,2629,5,7,1073809989,0,1,1->0,1073809984,656
1,0,328,2636,4,5,1073809996,0,1,1->0,1073809984,656
1,0,328,2654,6,5,1073810014,0,1,1->0,1073809984,656
1,0,328,2656,0,5,1073810016,0,1,1->0,1073809984,656
1,0,328,2656,0,7,1073810016,0,1,1->0,1073809984,656
1,0,328,2661,5,2,1073810021,1,0,0->1,1073809984,656
1,0,328,2663,7,7,1073810023,0,1,1->0,1073809984,656
1,0,328,2665,1,2,1073810025,1,0,0->1,1073809984,656
1,0,328,2666,2,5,1073810026,0,1,1->0,1073809984,656
1,0,328,2670,6,0,1073810030,1,0,0->1,1073809984,656
1,0,328,2675,3,7,1073810035,0,1,1->0,1073809984,656
1,0,328,2679,7,0,1073810039,1,0,0->1,1073809984,656
1,0,336,2693,5,2,1073810053,1,0,0->1,1073810048,672
1,0,336,2696,0,5,1073810056,0,1,1->0,1073810048,672
1,0,336,2697,1,2,1073810057,1,0,0->1,1073810048,672
1,0,336,2705,1,0,1073810065,1,0,0->1,1073810048,672
1,0,336,2709,5,2,1073810069,1,0,0->1,1073810048,672
1,0,336,2712,0,2,1073810072,1,0,0->1,1073810048,672
1,0,336,2717,5,0,1073810077,1,0,0->1,1073810048,672
1,0,336,2723,3,7,1073810083,0,1,1->0,1073810048,672
1,0,336,2748,4,7,1073810108,0,1,1->0,1073810048,672
1,0,344,2755,3,7,1073810115,0,1,1->0,1073810112,688
1,0,344,2756,4,7,1073810116,0,1,1->0,1073810112,688
1,0,344,2761,1,5,1073810121,0,1,1->0,1073810112,688
1,0,344,2761,1,7,1073810121,0,1,1->0,1073810112,688
1,0,344,2765,5,5,1073810125,0,1,1->0,1073810112,688
1,0,344,2772,4,5,1073810132,0,1,1->0,1073810112,688
1,0,344,2772,4,7,1073810132,0,1,1->0,1073810112,688
1,0,344,2779,3,5,1073810139,0,1,1->0,1073810112,688
1,0,344,2780,4,7,1073810140,0,1,1->0,1073810112,688
1,0,344,2782,6,7,1073810142,0,1,1->0,1073810112,688
1,0,344,2789,5,5,1073810149,0,1,1->0,1073810112,688
1,0,344,2789,5,7,1073810149,0,1,1->0,1073810112,688
1,0,344,2790,6,5,1073810150,0,1,1->0,1073810112,688
1,0,344,2791,7,2,1073810151,1,0,0->1,1073810112,688
1,0,344,2792,0,7,1073810152,0,1,1->0,1073810112,688
1,0,344,2794,2,7,1073810154,0,1,1->0,1073810112,688
1,0,344,2800,0,5,1073810160,0,1,1->0,1073810112,688
1,0,344,2805,5,2,1073810165,1,0,0->1,1073810112,688
1,0,344,2806,6,7,1073810166,0,1,1->0,1073810112,688
1,0,344,2808,0,2,1073810168,1,0,0->1,1073810112,688
1,0,344,2809,1,5,1073810169,0,1,1->0,1073810112,688
1,0,344,2809,1,7,1073810169,0,1,1->0,1073810112,688
1,0,344,2815,7,0,1073810175,1,0,0->1,1073810112,688
1,0,352,2816,0,2,1073810176,1,0,0->1,1073810176,704
1,0,352,2820,4,0,1073810180,1,0,0->1,1073810176,704
1,0,352,2820,4,7,1073810180,0,1,1->0,1073810176,704
1,0,352,2824,0,2,1073810184,1,0,0->1,1073810176,704
1,0,352,2824,0,7,1073810184,0,1,1->0,1073810176,704
1,0,352,2827,3,7,1073810187,0,1,1->0,1073810176,704
1,0,352,2829,5,0,1073810189,1,0,0->1,1073810176,704
1,0,352,2832,0,2,1073810192,1,0,0->1,1073810176,704
1,0,352,2835,3,0,1073810195,1,0,0->1,1073810176,704
1,0,352,2841,1,7,1073810201,0,1,1->0,1073810176,704
1,0,352,2847,7,5,1073810207,0,1,1->0,1073810176,704
1,0,352,2864,0,7,1073810224,0,1,1->0,1073810176,704
1,0,352,2867,3,7,1073810227,0,1,1->0,1073810176,704
1,0,352,2868,4,5,1073810228,0,1,1->0,1073810176,704
1,0,352,2869,5,0,1073810229,1,0,0->1,1073810176,704
1,0,360,2883,3,0,1073810243,1,0,0->1,1073810240,720
1,0,360,2884,4,2,1073810244,1,0,0->1,1073810240,720
1,0,360,2888,0,7,1073810248,0,1,1->0,1073810240,720
1,0,360,2893,5,5,1073810253,0,1,1->0,1073810240,720
1,0,360,2894,6,7,1073810254,0,1,1->0,1073810240,720
1,0,360,2905,1,7,1073810265,0,1,1->0,1073810240,720
1,0,360,2908,4,5,1073810268,0,1,1->0,1073810240,720
1,0,360,2918,6,7,1073810278,0,1,1->0,1073810240,720
1,0,360,2922,2,7,1073810282,0,1,1->0,1073810240,720
1,0,360,2924,4,7,1073810284,0,1,1->0,1073810240,720
1,0,360,2940,4,2,1073810300,1,0,0->1,1073810240,720
1,0,360,2943,7,0,1073810303,1,0,0->1,1073810240,720
1,0,368,2945,1,5,1073810305,0,1,1->0,1073810304,736
1,0,368,2954,2,2,1073810314,1,0,0->1,1073810304,736
1,0,368,2955,3,7,1073810315,0,1,1->0,1073810304,736
1,0,368,2961,1,2,1073810321,1,0,0->1,1073810304,736
1,0,368,2961,1,5,1073810321,0,1,1->0,1073810304,736
1,0,368,2968,0,0,1073810328,1,0,0->1,1073810304,736
1,0,368,2970,2,5,1073810330,0,1,1->0,1073810304,736
1,0,368,2970,2,7,1073810330,0,1,1->0,1073810304,736
1,0,368,2973,5,5,1073810333,0,1,1->0,1073810304,736
1,0,368,2973,5,7,1073810333,0,1,1->0,1073810304,736
1,0,368,2974,6,0,1073810334,1,0,0->1,1073810304,736
1,0,368,2975,7,5,1073810335,0,1,1->0,1073810304,736
1,0,368,2975,7,7,1073810335,0,1,1->0,1073810304,736
1,0,368,2983,7,5,1073810343,0,1,1->0,1073810304,736
1,0,368,2984,0,2,1073810344,1,0,0->1,1073810304,736
1,0,368,2985,1,0,1073810345,1,0,0->1,1073810304,736
1,0,368,2985,1,5,1073810345,0,1,1->0,1073810304,736
1,0,368,2986,2,5,1073810346,0,1,1->0,1073810304,736
1,0,368,2987,3,2,1073810347,1,0,0->1,1073810304,736
1,0,368,2987,3,5,1073810347,0,1,1->0,1073810304,736
1,0,368,2988,4,5,1073810348,0,1,1->0,1073810304,736
1,0,368,2989,5,0,1073810349,1,0,0->1,1073810304,736
1,0,368,2994,2,5,1073810354,0,1,1->0,1073810304,736
1,0,368,2997,5,7,1073810357,0,1,1->0,1073810304,736
1,0,368,2999,7,7,1073810359,0,1,1->0,1073810304,736
1,0,368,3000,0,0,1073810360,1,0,0->1,1073810304,736
1,0,368,3001,1,7,1073810361,0,1,1->0,1073810304,736
1,0,368,3003,3,7,1073810363,0,1,1->0,1073810304,736
1,0,376,3008,0,7,1073810368,0,1,1->0,1073810368,752
1,0,376,3015,7,0,1073810375,1,0,0->1,1073810368,752
1,0,376,3021,5,2,1073810381,1,0,0->1,1073810368,752
1,0,376,3022,6,0,1073810382,1,0,0->1,1073810368,752
1,0,376,3024,0,5,1073810384,0,1,1->0,1073810368,752
1,0,376,3029,5,7,1073810389,0,1,1->0,1073810368,752
1,0,376,3030,6,7,1073810390,0,1,1->0,1073810368,752
1,0,376,3031,7,5,1073810391,0,1,1->0,1073810368,752
1,0,376,3034,2,7,1073810394,0,1,1->0,1073810368,752
1,0,376,3037,5,7,1073810397,0,1,1->0,1073810368,752
1,0,376,3041,1,0,1073810401,1,0,0->1,1073810368,752
1,0,376,3047,7,2,1073810407,1,0,0->1,1073810368,752
1,0,376,3056,0,0,1073810416,1,0,0->1,1073810368,752
1,0,376,3065,1,7,1073810425,0,1,1->0,1073810368,752
1,0,384,3077,5,7,1073810437,0,1,1->0,1073810432,768
1,0,384,3084,4,5,1073810444,0,1,1->0,1073810432,768
1,0,384,3094,6,7,1073810454,0,1,1->0,1073810432,768
1,0,384,3095,7,0,1073810455,1,0,0->1,1073810432,768
1,0,384,3096,0,2,1073810456,1,0,0->1,1073810432,768
1,0,384,3120,0,2,1073810480,1,0,0->1,1073810432,768
1,0,384,3122,2,7,1073810482,0,1,1->0,1073810432,768
1,0,384,3127,7,7,1073810487,0,1,1->0,1073810432,768
1,0,384,3129,1,5,1073810489,0,1,1->0,1073810432,768
1,0,384,3131,3,0,1073810491,1,0,0->1,1073810432,768
1,0,384,3133,5,0,1073810493,1,0,0->1,1073810432,768
1,0,384,3134,6,5,1073810494,0,1,1->0,1073810432,768
1,0,392,3137,1,7,1073810497,0,1,1->0,1073810496,784
1,0,392,3145,1,5,1073810505,0,1,1->0,1073810496,784
1,0,392,3146,2,7,1073810506,0,1,1->0,1073810496,784
1,0,392,3147,3,5,1073810507,0,1,1->0,1073810496,784
1,0,392,3149,5,5,1073810509,0,1,1->0,1073810496,784
1,0,392,3155,3,7,1073810515,0,1,1->0,1073810496,784
1,0,392,3161,1,0,1073810521,1,0,0->1,1073810496,784
1,0,392,3165,5,7,1073810525,0,1,1->0,1073810496,784
1,0,392,3168,0,0,1073810528,1,0,0->1,1073810496,784
1,0,392,3169,1,2,1073810529,1,0,0->1,1073810496,784
1,0,392,3175,7,7,1073810535,0,1,1->0,1073810496,784
1,0,392,3181,5,5,1073810541,0,1,1->0,1073810496,784
1,0,392,3195,3,5,1073810555,0,1,1->0,1073810496,784
1,0,400,3202,2,7,1073810562,0,1,1->0,1073810560,800
1,0,400,3204,4,5,1073810564,0,1,1->0,1073810560,800
1,0,400,3209,1,7,1073810569,0,1,1->0,1073810560,800
1,0,400,3214,6,5,1073810574,0,1,1->0,1073810560,800
1,0,400,3220,4,5,1073810580,0,1,1->0,1073810560,800
1,0,400,3225,1,0,1073810585,1,0,0->1,1073810560,800
1,0,400,3228,4,2,1073810588,1,0,0->1,1073810560,800
1,0,400,3230,6,0,1073810590,1,0,0->1,1073810560,800
1,0,400,3237,5,7,1073810597,0,1,1->0,1073810560,800
1,0,400,3238,6,5,1073810598,0,1,1->0,1073810560,800
1,0,400,3251,3,7,1073810611,0,1,1->0,1073810560,800
1,0,400,3253,5,7,1073810613,0,1,1->0,1073810560,800
1,0,400,3256,0,7,1073810616,0,1,1->0,1073810560,800
1,0,400,3263,7,7,1073810623,0,1,1->0,1073810560,800
1,0,408,3274,2,0,1073810634,1,0,0->1,1073810624,816
1,0,408,3274,2,5,1073810634,0,1,1->0,1073810624,816
1,0,408,3286,6,7,1073810646,0,1,1->0,1073810624,816
1,0,408,3290,2,5,1073810650,0,1,1->0,1073810624,816
1,0,408,3303,7,2,1073810663,1,0,0->1,1073810624,816
1,0,408,3307,3,7,1073810667,0,1,1->0,1073810624,816
1,0,408,3309,5,0,1073810669,1,0,0->1,1073810624,816
1,0,408,3316,4,2,1073810676,1,0,0->1,1073810624,816
1,0,408,3318,6,5,1073810678,0,1,1->0,1073810624,816
1,0,408,3320,0,5,1073810680,0,1,1->0,1073810624,816
1,0,408,3324,4,7,1073810684,0,1,1->0,1073810624,816
1,0,416,3328,0,7,1073810688,0,1,1->0,1073810688,832
1,0,416,3331,3,7,1073810691,0,1,1->0,1073810688,832
1,0,416,3332,4,5,1073810692,0,1,1->0,1073810688,832
1,0,416,3336,0,7,1073810696,0,1,1->0,1073810688,832
1,0,416,3341,5,7,1073810701,0,1,1->0,1073810688,832
1,0,416,3348,4,5,1073810708,0,1,1->0,1073810688,832
1,0,416,3362,2,5,1073810722,0,1,1->0,1073810688,832
1,0,416,3364,4,2,1073810724,1,0,0->1,1073810688,832
1,0,416,3366,6,2,1073810726,1,0,0->1,1073810688,832
1,0,416,3368,0,2,1073810728,1,0,0->1,1073810688,832
1,0,416,3369,1,7,1073810729,0,1,1->0,1073810688,832
1,0,416,3383,7,5,1073810743,0,1,1->0,1073810688,832
1,0,416,3385,1,0,1073810745,1,0,0->1,1073810688,832
1,0,416,3391,7,7,1073810751,0,1,1->0,1073810688,832
1,0,424,3397,5,0,1073810757,1,0,0->1,1073810752,848
1,0,424,3420,4,2,1073810780,1,0,0->1,1073810752,848
1,0,424,3435,3,0,1073810795,1,0,0->1,1073810752,848
1,0,424,3441,1,7,1073810801,0,1,1->0,1073810752,848
1,0,424,3450,2,2,1073810810,1,0,0->1,1073810752,848
1,0,424,3452,4,7,1073810812,0,1,1->0,1073810752,848
1,0,424,3453,5,7,1073810813,0,1,1->0,1073810752,848
1,0,432,3464,0,5,1073810824,0,1,1->0,1073810816,864
1,0,432,3465,1,5,1073810825,0,1,1->0,1073810816,864
1,0,432,3467,3,2,1073810827,1,0,0->1,1073810816,864
1,0,432,3472,0,5,1073810832,0,1,1->0,1073810816,864
1,0,432,3474,2,0,1073810834,1,0,0->1,1073810816,864
1,0,432,3483,3,5,1073810843,0,1,1->0,1073810816,864
1,0,432,3484,4,0,1073810844,1,0,0->1,1073810816,864
1,0,432,3496,0,2,1073810856,1,0,0->1,1073810816,864
1,0,440,3526,6,5,1073810886,0,1,1->0,1073810880,880
1,0,440,3528,0,0,1073810888,1,0,0->1,1073810880,880
1,0,440,3531,3,7,1073810891,0,1,1->0,1073810880,880
1,0,440,3533,5,2,1073810893,1,0,0->1,1073810880,880
1,0,440,3536,0,2,1073810896,1,0,0->1,1073810880,880
1,0,440,3551,7,0,1073810911,1,0,0->1,1073810880,880
1,0,440,3556,4,5,1073810916,0,1,1->0,1073810880,880
1,0,440,3556,4,7,1073810916,0,1,1->0,1073810880,880
1,0,440,3557,5,0,1073810917,1,0,0->1,1073810880,880
1,0,440,3558,6,7,1073810918,0,1,1->0,1073810880,880
1,0,440,3559,7,5,1073810919,0,1,1->0,1073810880,880
1,0,440,3563,3,2,1073810923,1,0,0->1,1073810880,880
1,0,440,3564,4,7,1073810924,0,1,1->0,1073810880,880
1,0,440,3566,6,5,1073810926,0,1,1->0,1073810880,880
1,0,440,3567,7,5,1073810927,0,1,1->0,1073810880,880
1,0,440,3577,1,5,1073810937,0,1,1->0,1073810880,880
1,0,448,3593,1,5,1073810953,0,1,1->0,1073810944,896
1,0,448,3595,3,0,1073810955,1,0,0->1,1073810944,896
1,0,448,3595,3,7,1073810955,0,1,1->0,1073810944,896
1,0,448,3598,6,7,1073810958,0,1,1->0,1073810944,896
1,0,448,3600,0,2,1073810960,1,0,0->1,1073810944,896
1,0,448,3603,3,5,1073810963,0,1,1->0,1073810944,896
1,0,448,3611,3,2,1073810971,1,0,0->1,1073810944,896
1,0,448,3612,4,2,1073810972,1,0,0->1,1073810944,896
1,0,448,3615,7,0,1073810975,1,0,0->1,1073810944,896
1,0,448,3615,7,5,1073810975,0,1,1->0,1073810944,896
1,0,448,3620,4,2,1073810980,1,0,0->1,1073810944,896
1,0,448,3621,5,2,1073810981,1,0,0->1,1073810944,896
1,0,448,3625,1,5,1073810985,0,1,1->0,1073810944,896
1,0,448,3627,3,0,1073810987,1,0,0->1,1073810944,896
1,0,448,3628,4,5,1073810988,0,1,1->0,1073810944,896
1,0,448,3629,5,5,1073810989,0,1,1->0,1073810944,896
1,0,448,3631,7,7,1073810991,0,1,1->0,1073810944,896
1,0,448,3633,1,5,1073810993,0,1,1->0,1073810944,896
1,0,448,3638,6,5,1073810998,0,1,1->0,1073810944,896
1,0,448,3643,3,7,1073811003,0,1,1->0,1073810944,896
1,0,448,3644,4,2,1073811004,1,0,0->1,1073810944,896
1,0,456,3648,0,7,1073811008,0,1,1->0,1073811008,912
1,0,456,3651,3,5,1073811011,0,1,1->0,1073811008,912
1,0,456,3654,6,5,1073811014,0,1,1->0,1073811008,912
1,0,456,3657,1,5,1073811017,0,1,1->0,1073811008,912
1,0,456,3658,2,5,1073811018,0,1,1->0,1073811008,912
1,0,456,3665,1,7,1073811025,0,1,1->0,1073811008,912
1,0,456,3671,7,5,1073811031,0,1,1->0,1073811008,912
1,0,456,3672,0,0,1073811032,1,0,0->1,1073811008,912
1,0,456,3673,1,5,1073811033,0,1,1->0,1073811008,912
1,0,456,3680,0,0,1073811040,1,0,0->1,1073811008,912
1,0,456,3680,0,5,1073811040,0,1,1->0,1073811008,912
1,0,456,3681,1,7,1073811041,0,1,1->0,1073811008,912
1,0,456,3682,2,0,1073811042,1,0,0->1,1073811008,912
1,0,456,3684,4,7,1073811044,0,1,1->0,1073811008,912
1,0,456,3691,3,7,1073811051,0,1,1->0,1073811008,912
1,0,456,3697,1,2,1073811057,1,0,0->1,1073811008,912
1,0,456,3697,1,5,1073811057,0,1,1->0,1073811008,912
1,0,456,3701,5,5,1073811061,0,1,1->0,1073811008,912
1,0,456,3703,7,5,1073811063,0,1,1->0,1073811008,912
1,0,456,3706,2,5,1073811066,0,1,1->0,1073811008,912
1,0,456,3707,3,0,1073811067,1,0,0->1,1073811008,912
1,0,456,3711,7,0,1073811071,1,0,0->1,1073811008,912
1,0,464,3713,1,5,1073811073,0,1,1->0,1073811072,928
1,0,464,3716,4,7,1073811076,0,1,1->0,1073811072,928
1,0,464,3721,1,5,1073811081,0,1,1->0,1073811072,928
1,0,464,3727,7,5,1073811087,0,1,1->0,1073811072,928
1,0,464,3728,0,5,1073811088,0,1,1->0,1073811072,928
1,0,464,3745,1,2,1073811105,1,0,0->1,1073811072,928
1,0,464,3748,4,2,1073811108,1,0,0->1,1073811072,928
1,0,464,3749,5,5,1073811109,0,1,1->0,1073811072,928
1,0,464,3756,4,7,1073811116,0,1,1->0,1073811072,928
1,0,464,3757,5,0,1073811117,1,0,0->1,1073811072,928
1,0,464,3763,3,5,1073811123,0,1,1->0,1073811072,928
1,0,464,3763,3,7,1073811123,0,1,1->0,1073811072,928
1,0,464,3766,6,5,1073811126,0,1,1->0,1073811072,928
1,0,464,3768,0,2,1073811128,1,0,0->1,1073811072,928
1,0,464,3775,7,5,1073811135,0,1,1->0,1073811072,928
1,0,472,3776,0,0,1073811136,1,0,0->1,1073811136,944
1,0,472,3782,6,5,1073811142,0,1,1->0,1073811136,944
1,0,472,3783,7,2,1073811143,1,0,0->1,1073811136,944
1,0,472,3789,5,5,1073811149,0,1,1->0,1073811136,944
1,0,472,3795,3,5,1073811155,0,1,1->0,1073811136,944
1,0,472,3796,4,7,1073811156,0,1,1->0,1073811136,944
1,0,472,3797,5,7,1073811157,0,1,1->0,1073811136,944
1,0,472,3803,3,0,1073811163,1,0,0->1,1073811136,944
1,0,472,3815,7,5,1073811175,0,1,1->0,1073811136,944
1,0,472,3816,0,7,1073811176,0,1,1->0,1073811136,944
1,0,472,3818,2,0,1073811178,1,0,0->1,1073811136,944
1,0,472,3825,1,7,1073811185,0,1,1->0,1073811136,944
1,0,472,3830,6,5,1073811190,0,1,1->0,1073811136,944
1,0,472,3831,7,5,1073811191,0,1,1->0,1073811136,944
1,0,472,3833,1,2,1073811193,1,0,0->1,1073811136,944
1,0,472,3837,5,2,1073811197,1,0,0->1,1073811136,944
1,0,472,3837,5,7,1073811197,0,1,1->0,1073811136,944
1,0,480,3845,5,0,1073811205,1,0,0->1,1073811200,960
1,0,480,3849,1,5,1073811209,0,1,1->0,1073811200,960
1,0,480,3853,5,5,1073811213,0,1,1->0,1073811200,960
1,0,480,3853,5,7,1073811213,0,1,1->0,1073811200,960
1,0,480,3855,7,5,1073811215,0,1,1->0,1073811200,960
1,0,480,3856,0,0,1073811216,1,0,0->1,1073811200,960
1,0,480,3858,2,7,1073811218,0,1,1->0,1073811200,960
1,0,480,3859,3,7,1073811219,0,1,1->0,1073811200,960
1,0,480,3866,2,2,1073811226,1,0,0->1,1073811200,960
1,0,480,3869,5,2,1073811229,1,0,0->1,1073811200,960
1,0,480,3870,6,7,1073811230,0,1,1->0,1073811200,960
1,0,480,3871,7,2,1073811231,1,0,0->1,1073811200,960
1,0,480,3873,1,5,1073811233,0,1,1->0,1073811200,960
1,0,480,3876,4,5,1073811236,0,1,1->0,1073811200,960
1,0,480,3880,0,0,1073811240,1,0,0->1,1073811200,960
1,0,480,3880,0,2,1073811240,1,0,0->1,1073811200,960
1,0,480,3880,0,7,1073811240,0,1,1->0,1073811200,960
1,0,480,3883,3,5,1073811243,0,1,1->0,1073811200,960
1,0,480,3884,4,7,1073811244,0,1,1->0,1073811200,960
1,0,480,3887,7,2,1073811247,1,0,0->1,1073811200,960
1,0,480,3891,3,2,1073811251,1,0,0->1,1073811200,960
1,0,480,3896,0,2,1073811256,1,0,0->1,1073811200,960
1,0,480,3900,4,7,1073811260,0,1,1->0,1073811200,960
1,0,480,3903,7,5,1073811263,0,1,1->0,1073811200,960
1,0,488,3908,4,2,1073811268,1,0,0->1,1073811264,976
1,0,488,3913,1,0,1073811273,1,0,0->1,1073811264,976
1,0,488,3915,3,7,1073811275,0,1,1->0,1073811264,976
1,0,488,3916,4,2,1073811276,1,0,0->1,1073811264,976
1,0,488,3919,7,7,1073811279,0,1,1->0,1073811264,976
1,0,488,3923,3,2,1073811283,1,0,0->1,1073811264,976
1,0,488,3923,3,7,1073811283,0,1,1->0,1073811264,976
1,0,488,3928,0,0,1073811288,1,0,0->1,1073811264,976
1,0,488,3931,3,2,1073811291,1,0,0->1,1073811264,976
1,0,488,3932,4,2,1073811292,1,0,0->1,1073811264,976
1,0,488,3934,6,2,1073811294,1,0,0->1,1073811264,976
1,0,488,3937,1,5,1073811297,0,1,1->0,1073811264,976
1,0,488,3946,2,2,1073811306,1,0,0->1,1073811264,976
1,0,488,3949,5,0,1073811309,1,0,0->1,1073811264,976
1,0,488,3953,1,2,1073811313,1,0,0->1,1073811264,976
1,0,488,3954,2,0,1073811314,1,0,0->1,1073811264,976
1,0,488,3954,2,7,1073811314,0,1,1->0,1073811264,976
1,0,488,3958,6,7,1073811318,0,1,1->0,1073811264,976
1,0,496,3976,0,7,1073811336,0,1,1->0,1073811328,992
1,0,496,3987,3,7,1073811347,0,1,1->0,1073811328,992
1,0,496,3988,4,0,1073811348,1,0,0->1,1073811328,992
1,0,496,4004,4,2,1073811364,1,0,0->1,1073811328,992
1,0,496,4009,1,7,1073811369,0,1,1->0,1073811328,992
1,0,496,4017,1,5,1073811377,0,1,1->0,1073811328,992
1,0,496,4021,5,7,1073811381,0,1,1->0,1073811328,992
1,0,496,4024,0,2,1073811384,1,0,0->1,1073811328,992
1,0,496,4025,1,7,1073811385,0,1,1->0,1073811328,992
1,0,504,4035,3,5,1073811395,0,1,1->0,1073811392,1008
1,0,504,4036,4,0,1073811396,1,0,0->1,1073811392,1008
1,0,504,4036,4,5,1073811396,0,1,1->0,1073811392,1008
1,0,504,4037,5,2,1073811397,1,0,0->1,1073811392,1008
1,0,504,4037,5,7,1073811397,0,1,1->0,1073811392,1008
1,0,504,4042,2,7,1073811402,0,1,1->0,1073811392,1008
1,0,504,4044,4,0,1073811404,1,0,0->1,1073811392,1008
1,0,504,4053,5,5,1073811413,0,1,1->0,1073811392,1008
1,0,504,4057,1,5,1073811417,0,1,1->0,1073811392,1008
1,0,504,4061,5,5,1073811421,0,1,1->0,1073811392,1008
1,0,504,4062,6,5,1073811422,0,1,1->0,1073811392,1008
1,0,504,4062,6,7,1073811422,0,1,1->0,1073811392,1008
1,0,504,4064,0,0,1073811424,1,0,0->1,1073811392,1008
1,0,504,4072,0,7,1073811432,0,1,1->0,1073811392,1008
1,0,504,4080,0,2,1073811440,1,0,0->1,1073811392,1008
1,0,504,4087,7,5,1073811447,0,1,1->0,1073811392,1008
1,0,504,4093,5,7,1073811453,0,1,1->0,1073811392,1008
1,0,512,4097,1,0,1073811457,1,0,0->1,1073811456,1024
1,0,512,4098,2,2,1073811458,1,0,0->1,1073811456,1024
1,0,512,4099,3,7,1073811459,0,1,1->0,1073811456,1024
1,0,512,4101,5,7,1073811461,0,1,1->0,1073811456,1024
1,0,512,4103,7,0,1073811463,1,0,0->1,1073811456,1024
1,0,512,4103,7,5,1073811463,0,1,1->0,1073811456,1024
1,0,512,4111,7,0,1073811471,1,0,0->1,1073811456,1024
1,0,512,4116,4,7,1073811476,0,1,1->0,1073811456,1024
1,0,512,4124,4,2,1073811484,1,0,0->1,1073811456,1024
1,0,512,4127,7,7,1073811487,0,1,1->0,1073811456,1024
1,0,512,4128,0,2,1073811488,1,0,0->1,1073811456,1024
1,0,512,4129,1,7,1073811489,0,1,1->0,1073811456,1024
1,0,512,4133,5,0,1073811493,1,0,0->1,1073811456,1024
1,0,512,4135,7,5,1073811495,0,1,1->0,1073811456,1024
1,0,512,4136,0,0,1073811496,1,0,0->1,1073811456,1024
1,0,512,4136,0,5,1073811496,0,1,1->0,1073811456,1024
1,0,512,4143,7,7,1073811503,0,1,1->0,1073811456,1024
1,0,512,4147,3,0,1073811507,1,0,0->1,1073811456,1024
1,0,512,4150,6,0,1073811510,1,0,0->1,1073811456,1024
1,0,512,4156,4,0,1073811516,1,0,0->1,1073811456,1024
1,0,512,4156,4,7,1073811516,0,1,1->0,1073811456,1024
1,0,520,4160,0,5,1073811520,0,1,1->0,1073811520,1040
1,0,520,4163,3,0,1073811523,1,0,0->1,1073811520,1040
1,0,520,4172,4,5,1073811532,0,1,1->0,1073811520,1040
1,0,520,4176,0,0,1073811536,1,0,0->1,1073811520,1040
1,0,520,4188,4,7,1073811548,0,1,1->0,1073811520,1040
1,0,520,4189,5,0,1073811549,1,0,0->1,1073811520,1040
1,0,520,4189,5,2,1073811549,1,0,0->1,1073811520,1040
1,0,520,4191,7,2,1073811551,1,0,0->1,1073811520,1040
1,0,520,4199,7,0,1073811559,1,0,0->1,1073811520,1040
1,0,520,4204,4,7,1073811564,0,1,1->0,1073811520,1040
1,0,520,4207,7,7,1073811567,0,1,1->0,1073811520,1040
1,0,528,4232,0,2,1073811592,1,0,0->1,1073811584,1056
1,0,528,4245,5,7,1073811605,0,1,1->0,1073811584,1056
1,0,528,4249,1,2,1073811609,1,0,0->1,1073811584,1056
1,0,528,4252,4,7,1073811612,0,1,1->0,1073811584,1056
1,0,528,4265,1,7,1073811625,0,1,1->0,1073811584,1056
1,0,528,4273,1,2,1073811633,1,0,0->1,1073811584,1056
1,0,528,4285,5,0,1073811645,1,0,0->1,1073811584,1056
1,0,528,4287,7,0,1073811647,1,0,0->1,1073811584,1056
1,0,536,4289,1,2,1073811649,1,0,0->1,1073811648,1072
1,0,536,4292,4,7,1073811652,0,1,1->0,1073811648,1072
1,0,536,4300,4,2,1073811660,1,0,0->1,1073811648,1072
1,0,536,4310,6,0,1073811670,1,0,0->1,1073811648,1072
1,0,536,4310,6,5,1073811670,0,1,1->0,1073811648,1072
1,0,536,4318,6,5,1073811678,0,1,1->0,1073811648,1072
1,0,536,4323,3,0,1073811683,1,0,0->1,1073811648,1072
1,0,536,4339,3,0,1073811699,1,0,0->1,1073811648,1072
1,0,536,4344,0,0,1073811704,1,0,0->1,1073811648,1072
1,0,536,4348,4,2,1073811708,1,0,0->1,1073811648,1072
1,0,536,4348,4,5,1073811708,0,1,1->0,1073811648,1072
1,0,536,4349,5,0,1073811709,1,0,0->1,1073811648,1072
1,0,536,4349,5,5,1073811709,0,1,1->0,1073811648,1072
1,0,536,4351,7,0,1073811711,1,0,0->1,1073811648,1072
1,0,536,4351,7,7,1073811711,0,1,1->0,1073811648,1072
1,0,544,4354,2,7,1073811714,0,1,1->0,1073811712,1088
1,0,544,4363,3,5,1073811723,0,1,1->0,1073811712,1088
1,0,544,4364,4,2,1073811724,1,0,0->1,1073811712,1088
1,0,544,4367,7,5,1073811727,0,1,1->0,1073811712,1088
1,0,544,4367,7,7,1073811727,0,1,1->0,1073811712,1088
1,0,544,4369,1,7,1073811729,0,1,1->0,1073811712,1088
1,0,544,4380,4,5,1073811740,0,1,1->0,1073811712,1088
1,0,544,4384,0,5,1073811744,0,1,1->0,1073811712,1088
1,0,544,4387,3,5,1073811747,0,1,1->0,1073811712,1088
1,0,544,4392,0,7,1073811752,0,1,1->0,1073811712,1088
1,0,544,4393,1,5,1073811753,0,1,1->0,1073811712,1088
1,0,544,4395,3,7,1073811755,0,1,1->0,1073811712,1088
1,0,544,4396,4,7,1073811756,0,1,1->0,1073811712,1088
1,0,544,4404,4,0,1073811764,1,0,0->1,1073811712,1088
1,0,544,4404,4,7,1073811764,0,1,1->0,1073811712,1088
1,0,544,4406,6,5,1073811766,0,1,1->0,1073811712,1088
1,0,544,4408,0,5,1073811768,0,1,1->0,1073811712,1088
1,0,544,4414,6,2,1073811774,1,0,0->1,1073811712,1088
1,0,552,4420,4,7,1073811780,0,1,1->0,1073811776,1104
1,0,552,4426,2,7,1073811786,0,1,1->0,1073811776,1104
1,0,552,4430,6,5,1073811790,0,1,1->0,1073811776,1104
1,0,552,4435,3,7,1073811795,0,1,1->0,1073811776,1104
1,0,552,4437,5,2,1073811797,1,0,0->1,1073811776,1104
1,0,552,4444,4,0,1073811804,1,0,0->1,1073811776,1104
1,0,552,4445,5,5,1073811805,0,1,1->0,1073811776,1104
1,0,552,4447,7,7,1073811807,0,1,1->0,1073811776,1104
1,0,552,4448,0,2,1073811808,1,0,0->1,1073811776,1104
1,0,552,4452,4,5,1073811812,0,1,1->0,1073811776,1104
1,0,552,4453,5,2,1073811813,1,0,0->1,1073811776,1104
1,0,552,4454,6,0,1073811814,1,0,0->1,1073811776,1104
1,0,552,4454,6,5,1073811814,0,1,1->0,1073811776,1104
1,0,552,4457,1,5,1073811817,0,1,1->0,1073811776,1104
1,0,552,4458,2,5,1073811818,0,1,1->0,1073811776,1104
1,0,552,4459,3,2,1073811819,1,0,0->1,1073811776,1104
1,0,552,4465,1,0,1073811825,1,0,0->1,1073811776,1104
1,0,552,4466,2,2,1073811826,1,0,0->1,1073811776,1104
1,0,552,4471,7,7,1073811831,0,1,1->0,1073811776,1104
1,0,552,4473,1,2,1073811833,1,0,0->1,1073811776,1104
1,0,552,4476,4,7,1073811836,0,1,1->0,1073811776,1104
1,0,552,4479,7,0,1073811839,1,0,0->1,1073811776,1104
1,0,560,4481,1,7,1073811841,0,1,1->0,1073811840,1120
1,0,560,4483,3,5,1073811843,0,1,1->0,1073811840,1120
1,0,560,4489,1,7,1073811849,0,1,1->0,1073811840,1120
1,0,560,4497,1,0,1073811857,1,0,0->1,1073811840,1120
1,0,560,4499,3,7,1073811859,0,1,1->0,1073811840,1120
1,0,560,4503,7,5,1073811863,0,1,1->0,1073811840,1120
1,0,560,4513,1,7,1073811873,0,1,1->0,1073811840,1120
1,0,560,4517,5,5,1073811877,0,1,1->0,1073811840,1120
1,0,560,4517,5,7,1073811877,0,1,1->0,1073811840,1120
1,0,560,4518,6,2,1073811878,1,0,0->1,1073811840,1120
1,0,560,4526,6,2,1073811886,1,0,0->1,1073811840,1120
1,0,560,4528,0,2,1073811888,1,0,0->1,1073811840,1120
1,0,560,4529,1,5,1073811889,0,1,1->0,1073811840,1120
1,0,560,4531,3,7,1073811891,0,1,1->0,1073811840,1120
1,0,560,4537,1,7,1073811897,0,1,1->0,1073811840,1120
1,0,560,4543,7,5,1073811903,0,1,1->0,1073811840,1120
1,0,568,4544,0,7,1073811904,0,1,1->0,1073811904,1136
1,0,568,4549,5,7,1073811909,0,1,1->0,1073811904,1136
1,0,568,4559,7,7,1073811919,0,1,1->0,1073811904,1136
1,0,568,4568,0,2,1073811928,1,0,0->1,1073811904,1136
1,0,568,4575,7,7,1073811935,0,1,1->0,1073811904,1136
1,0,568,4584,0,5,1073811944,0,1,1->0,1073811904,1136
1,0,568,4587,3,0,1073811947,1,0,0->1,1073811904,1136
1,0,568,4590,6,7,1073811950,0,1,1->0,1073811904,1136
1,0,568,4597,5,5,1073811957,0,1,1->0,1073811904,1136
1,0,568,4599,7,7,1073811959,0,1,1->0,1073811904,1136
1,0,576,4611,3,2,1073811971,1,0,0->1,1073811968,1152
1,0,576,4613,5,5,1073811973,0,1,1->0,1073811968,1152
1,0,576,4614,6,5,1073811974,0,1,1->0,1073811968,1152
1,0,576,4624,0,5,1073811984,0,1,1->0,1073811968,1152
1,0,576,4625,1,5,1073811985,0,1,1->0,1073811968,1152
1,0,576,4626,2,2,1073811986,1,0,0->1,1073811968,1152
1,0,576,4626,2,7,1073811986,0,1,1->0,1073811968,1152
1,0,576,4633,1,2,1073811993,1,0,0->1,1073811968,1152
1,0,576,4634,2,2,1073811994,1,0,0->1,1073811968,1152
1,0,576,4639,7,5,1073811999,0,1,1->0,1073811968,1152
1,0,576,4643,3,0,1073812003,1,0,0->1,1073811968,1152
1,0,576,4645,5,2,1073812005,1,0,0->1,1073811968,1152
1,0,576,4646,6,7,1073812006,0,1,1->0,1073811968,1152
1,0,576,4648,0,7,1073812008,0,1,1->0,1073811968,1152
1,0,576,4651,3,7,1073812011,0,1,1->0,1073811968,1152
1,0,576,4661,5,5,1073812021,0,1,1->0,1073811968,1152
1,0,576,4662,6,7,1073812022,0,1,1->0,1073811968,1152
1,0,576,4664,0,0,1073812024,1,0,0->1,1073811968,1152
1,0,584,4673,1,2,1073812033,1,0,0->1,1073812032,1168
1,0,584,4675,3,7,1073812035,0,1,1->0,1073812032,1168
1,0,584,4677,5,5,1073812037,0,1,1->0,1073812032,1168
1,0,584,4677,5,7,1073812037,0,1,1->0,1073812032,1168
1,0,584,4683,3,7,1073812043,0,1,1->0,1073812032,1168
1,0,584,4686,6,2,1073812046,1,0,0->1,1073812032,1168
1,0,584,4689,1,2,1073812049,1,0,0->1,1073812032,1168
1,0,584,4699,3,7,1073812059,0,1,1->0,1073812032,1168
1,0,584,4704,0,5,1073812064,0,1,1->0,1073812032,1168
1,0,584,4713,1,2,1073812073,1,0,0->1,1073812032,1168
1,0,584,4715,3,2,1073812075,1,0,0->1,1073812032,1168
1,0,584,4721,1,5,1073812081,0,1,1->0,1073812032,1168
1,0,584,4724,4,5,1073812084,0,1,1->0,1073812032,1168
1,0,592,4736,0,2,1073812096,1,0,0->1,1073812096,1184
1,0,592,4740,4,5,1073812100,0,1,1->0,1073812096,1184
1,0,592,4742,6,5,1073812102,0,1,1->0,1073812096,1184
1,0,592,4749,5,7,1073812109,0,1,1->0,1073812096,1184
1,0,592,4750,6,0,1073812110,1,0,0->1,1073812096,1184
1,0,592,4750,6,5,1073812110,0,1,1->0,1073812096,1184
1,0,592,4754,2,7,1073812114,0,1,1->0,1073812096,1184
1,0,592,4760,0,2,1073812120,1,0,0->1,1073812096,1184
1,0,592,4763,3,7,1073812123,0,1,1->0,1073812096,1184
1,0,592,4778,2,2,1073812138,1,0,0->1,1073812096,1184
1,0,592,4781,5,0,1073812141,1,0,0->1,1073812096,1184
1,0,592,4784,0,2,1073812144,1,0,0->1,1073812096,1184
1,0,592,4784,0,5,1073812144,0,1,1->0,1073812096,1184
1,0,592,4794,2,5,1073812154,0,1,1->0,1073812096,1184
1,0,592,4796,4,2,1073812156,1,0,0->1,1073812096,1184
1,0,600,4805,5,0,1073812165,1,0,0->1,1073812160,1200
1,0,600,4806,6,7,1073812166,0,1,1->0,1073812160,1200
1,0,600,4807,7,2,1073812167,1,0,0->1,1073812160,1200
1,0,600,4810,2,7,1073812170,0,1,1->0,1073812160,1200
1,0,600,4812,4,7,1073812172,0,1,1->0,1073812160,1200
1,0,600,4814,6,7,1073812174,0,1,1->0,1073812160,1200
1,0,600,4816,0,2,1073812176,1,0,0->1,1073812160,1200
1,0,600,4820,4,2,1073812180,1,0,0->1,1073812160,1200
1,0,600,4820,4,5,1073812180,0,1,1->0,1073812160,1200
1,0,600,4821,5,2,1073812181,1,0,0->1,1073812160,1200
1,0,600,4827,3,0,1073812187,1,0,0->1,1073812160,1200
1,0,600,4829,5,7,1073812189,0,1,1->0,1073812160,1200
1,0,600,4841,1,7,1073812201,0,1,1->0,1073812160,1200
1,0,600,4844,4,0,1073812204,1,0,0->1,1073812160,1200
1,0,600,4860,4,5,1073812220,0,1,1->0,1073812160,1200
1,0,608,4865,1,5,1073812225,0,1,1->0,1073812224,1216
1,0,608,4866,2,7,1073812226,0,1,1->0,1073812224,1216
1,0,608,4869,5,5,1073812229,0,1,1->0,1073812224,1216
1,0,608,4872,0,2,1073812232,1,0,0->1,1073812224,1216
1,0,608,4878,6,7,1073812238,0,1,1->0,1073812224,1216
1,0,608,4879,7,2,1073812239,1,0,0->1,1073812224,1216
1,0,608,4880,0,7,1073812240,0,1,1->0,1073812224,1216
1,0,608,4883,3,7,1073812243,0,1,1->0,1073812224,1216
1,0,608,4900,4,7,1073812260,0,1,1->0,1073812224,1216
1,0,608,4901,5,0,1073812261,1,0,0->1,1073812224,1216
1,0,608,4904,0,5,1073812264,0,1,1->0,1073812224,1216
1,0,608,4914,2,2,1073812274,1,0,0->1,1073812224,1216
1,0,608,4916,4,7,1073812276,0,1,1->0,1073812224,1216
1,0,608,4917,5,7,1073812277,0,1,1->0,1073812224,1216
1,0,608,4921,1,5,1073812281,0,1,1->0,1073812224,1216
1,0,608,4923,3,5,1073812283,0,1,1->0,1073812224,1216
1,0,608,4927,7,7,1073812287,0,1,1->0,1073812224,1216
1,0,616,4936,0,7,1073812296,0,1,1->0,1073812288,1232
1,0,616,4938,2,5,1073812298,0,1,1->0,1073812288,1232
1,0,616,4948,4,7,1073812308,0,1,1->0,1073812288,1232
1,0,616,4953,1,5,1073812313,0,1,1->0,1073812288,1232
1,0,616,4955,3,0,1073812315,1,0,0->1,1073812288,1232
1,0,616,4955,3,5,1073812315,0,1,1->0,1073812288,1232
1,0,616,4957,5,7,1073812317,0,1,1->0,1073812288,1232
1,0,616,4960,0,0,1073812320,1,0,0->1,1073812288,1232
1,0,616,4961,1,5,1073812321,0,1,1->0,1073812288,1232
1,0,616,4966,6,5,1073812326,0,1,1->0,1073812288,1232
1,0,616,4971,3,7,1073812331,0,1,1->0,1073812288,1232
1,0,616,4972,4,0,1073812332,1,0,0->1,1073812288,1232
1,0,616,4972,4,2,1073812332,1,0,0->1,1073812288,1232
1,0,616,4981,5,5,1073812341,0,1,1->0,1073812288,1232
1,0,616,4984,0,5,1073812344,0,1,1->0,1073812288,1232
1,0,616,4991,7,7,1073812351,0,1,1->0,1073812288,1232
1,0,624,4992,0,5,1073812352,0,1,1->0,1073812352,1248
1,0,624,4995,3,5,1073812355,0,1,1->0,1073812352,1248
1,0,624,4997,5,7,1073812357,0,1,1->0,1073812352,1248
1,0,624,4998,6,2,1073812358,1,0,0->1,1073812352,1248
1,0,624,4999,7,7,1073812359,0,1,1->0,1073812352,1248
1,0,624,5002,2,5,1073812362,0,1,1->0,1073812352,1248
1,0,624,5003,3,5,1073812363,0,1,1->0,1073812352,1248
1,0,624,5007,7,7,1073812367,0,1,1->0,1073812352,1248
1,0,624,5015,7,7,1073812375,0,1,1->0,1073812352,1248
1,0,624,5020,4,5,1073812380,0,1,1->0,1073812352,1248
1,0,624,5027,3,5,1073812387,0,1,1->0,1073812352,1248
1,0,624,5032,0,5,1073812392,0,1,1->0,1073812352,1248
1,0,624,5033,1,0,1073812393,1,0,0->1,1073812352,1248
1,0,624,5033,1,5,1073812393,0,1,1->0,1073812352,1248
1,0,624,5040,0,0,1073812400,1,0,0->1,1073812352,1248
1,0,624,5040,0,5,1073812400,0,1,1->0,1073812352,1248
1,0,624,5043,3,0,1073812403,1,0,0->1,1073812352,1248
1,0,624,5053,5,2,1073812413,1,0,0->1,1073812352,1248
1,0,632,5057,1,2,1073812417,1,0,0->1,1073812416,1264
1,0,632,5077,5,7,1073812437,0,1,1->0,1073812416,1264
1,0,632,5083,3,7,1073812443,0,1,1->0,1073812416,1264
1,0,632,5089,1,7,1073812449,0,1,1->0,1073812416,1264
1,0,632,5091,3,5,1073812451,0,1,1->0,1073812416,1264
1,0,632,5099,3,5,1073812459,0,1,1->0,1073812416,1264
1,0,632,5103,7,7,1073812463,0,1,1->0,1073812416,1264
1,0,632,5108,4,7,1073812468,0,1,1->0,1073812416,1264
1,0,632,5109,5,7,1073812469,0,1,1->0,1073812416,1264
1,0,632,5110,6,5,1073812470,0,1,1->0,1073812416,1264
1,0,632,5112,0,5,1073812472,0,1,1->0,1073812416,1264
1,0,632,5114,2,0,1073812474,1,0,0->1,1073812416,1264
1,0,632,5119,7,2,1073812479,1,0,0->1,1073812416,1264
1,0,640,5123,3,0,1073812483,1,0,0->1,1073812480,1280
1,0,640,5123,3,7,1073812483,0,1,1->0,1073812480,1280
1,0,640,5125,5,2,1073812485,1,0,0->1,1073812480,1280
1,0,640,5132,4,0,1073812492,1,0,0->1,1073812480,1280
1,0,640,5134,6,2,1073812494,1,0,0->1,1073812480,1280
1,0,640,5136,0,7,1073812496,0,1,1->0,1073812480,1280
1,0,640,5139,3,5,1073812499,0,1,1->0,1073812480,1280
1,0,640,5142,6,5,1073812502,0,1,1->0,1073812480,1280
1,0,640,5143,7,5,1073812503,0,1,1->0,1073812480,1280
1,0,640,5145,1,5,1073812505,0,1,1->0,1073812480,1280
1,0,640,5146,2,0,1073812506,1,0,0->1,1073812480,1280
1,0,640,5148,4,0,1073812508,1,0,0->1,1073812480,1280
1,0,640,5151,7,5,1073812511,0,1,1->0,1073812480,1280
1,0,640,5152,0,5,1073812512,0,1,1->0,1073812480,1280
1,0,640,5153,1,2,1073812513,1,0,0->1,1073812480,1280
1,0,640,5158,6,7,1073812518,0,1,1->0,1073812480,1280
1,0,640,5161,1,0,1073812521,1,0,0->1,1073812480,1280
1,0,640,5163,3,2,1073812523,1,0,0->1,1073812480,1280
1,0,640,5166,6,7,1073812526,0,1,1->0,1073812480,1280
1,0,640,5173,5,5,1073812533,0,1,1->0,1073812480,1280
1,0,640,5175,7,5,1073812535,0,1,1->0,1073812480,1280
1,0,640,5177,1,0,1073812537,1,0,0->1,1073812480,1280
1,0,640,5178,2,5,1073812538,0,1,1->0,1073812480,1280
1,0,648,5187,3,7,1073812547,0,1,1->0,1073812544,1296
1,0,648,5190,6,5,1073812550,0,1,1->0,1073812544,1296
1,0,648,5198,6,0,1073812558,1,0,0->1,1073812544,1296
1,0,648,5200,0,7,1073812560,0,1,1->0,1073812544,1296
1,0,648,5203,3,0,1073812563,1,0,0->1,1073812544,1296
1,0,648,5217,1,5,1073812577,0,1,1->0,1073812544,1296
1,0,648,5220,4,5,1073812580,0,1,1->0,1073812544,1296
1,0,648,5225,1,5,1073812585,0,1,1->0,1073812544,1296
1,0,648,5228,4,2,1073812588,1,0,0->1,1073812544,1296
1,0,648,5230,6,5,1073812590,0,1,1->0,1073812544,1296
1,0,648,5246,6,7,1073812606,0,1,1->0,1073812544,1296
1,0,656,5248,0,0,1073812608,1,0,0->1,1073812608,1312
1,0,656,5252,4,5,1073812612,0,1,1->0,1073812608,1312
1,0,656,5255,7,0,1073812615,1,0,0->1,1073812608,1312
1,0,656,5257,1,5,1073812617,0,1,1->0,1073812608,1312
1,0,656,5273,1,5,1073812633,0,1,1->0,1073812608,1312
1,0,656,5279,7,7,1073812639,0,1,1->0,1073812608,1312
1,0,656,5281,1,0,1073812641,1,0,0->1,1073812608,1312
1,0,656,5286,6,7,1073812646,0,1,1->0,1073812608,1312
1,0,656,5289,1,7,1073812649,0,1,1->0,1073812608,1312
1,0,656,5293,5,0,1073812653,1,0,0->1,1073812608,1312
1,0,656,5297,1,5,1073812657,0,1,1->0,1073812608,1312
1,0,656,5298,2,5,1073812658,0,1,1->0,1073812608,1312
1,0,656,5299,3,2,1073812659,1,0,0->1,1073812608,1312
1,0,656,5300,4,0,1073812660,1,0,0->1,1073812608,1312
1,0,664,5315,3,2,1073812675,1,0,0->1,1073812672,1328
1,0,664,5321,1,7,1073812681,0,1,1->0,1073812672,1328
1,0,664,5323,3,5,1073812683,0,1,1->0,1073812672,1328
1,0,664,5325,5,5,1073812685,0,1,1->0,1073812672,1328
1,0,664,5326,6,7,1073812686,0,1,1->0,1073812672,1328
1,0,664,5333,5,5,1073812693,0,1,1->0,1073812672,1328
1,0,664,5337,1,0,1073812697,1,0,0->1,1073812672,1328
1,0,664,5339,3,5,1073812699,0,1,1->0,1073812672,1328
1,0,664,5340,4,2,1073812700,1,0,0->1,1073812672,1328
1,0,664,5342,6,7,1073812702,0,1,1->0,1073812672,1328
1,0,664,5344,0,7,1073812704,0,1,1->0,1073812672,1328
1,0,664,5349,5,0,1073812709,1,0,0->1,1073812672,1328
1,0,664,5368,0,7,1073812728,0,1,1->0,1073812672,1328
1,0,664,5369,1,7,1073812729,0,1,1->0,1073812672,1328
1,0,664,5371,3,0,1073812731,1,0,0->1,1073812672,1328
1,0,672,5376,0,7,1073812736,0,1,1->0,1073812736,1344
1,0,672,5381,5,5,1073812741,0,1,1->0,1073812736,1344
1,0,672,5381,5,7,1073812741,0,1,1->0,1073812736,1344
1,0,672,5382,6,0,1073812742,1,0,0->1,1073812736,1344
1,0,672,5386,2,0,1073812746,1,0,0->1,1073812736,1344
1,0,672,5389,5,7,1073812749,0,1,1->0,1073812736,1344
1,0,672,5390,6,7,1073812750,0,1,1->0,1073812736,1344
1,0,672,5398,6,7,1073812758,0,1,1->0,1073812736,1344
1,0,672,5399,7,5,1073812759,0,1,1->0,1073812736,1344
1,0,672,5400,0,2,1073812760,1,0,0->1,1073812736,1344
1,0,672,5403,3,0,1073812763,1,0,0->1,1073812736,1344
1,0,672,5406,6,2,1073812766,1,0,0->1,1073812736,1344
1,0,672,5413,5,2,1073812773,1,0,0->1,1073812736,1344
1,0,672,5414,6,0,1073812774,1,0,0->1,1073812736,1344
1,0,672,5414,6,7,1073812774,0,1,1->0,1073812736,1344
1,0,672,5424,0,7,1073812784,0,1,1->0,1073812736,1344
1,0,672,5429,5,0,1073812789,1,0,0->1,1073812736,1344
1,0,672,5429,5,5,1073812789,0,1,1->0,1073812736,1344
1,0,672,5430,6,2,1073812790,1,0,0->1,1073812736,1344
1,0,672,5431,7,5,1073812791,0,1,1->0,1073812736,1344
1,0,672,5433,1,0,1073812793,1,0,0->1,1073812736,1344
1,0,672,5435,3,0,1073812795,1,0,0->1,1073812736,1344
1,0,672,5437,5,7,1073812797,0,1,1->0,1073812736,1344
1,0,680,5444,4,0,1073812804,1,0,0->1,1073812800,1360
1,0,680,5446,6,5,1073812806,0,1,1->0,1073812800,1360
1,0,680,5452,4,7,1073812812,0,1,1->0,1073812800,1360
1,0,680,5456,0,7,1073812816,0,1,1->0,1073812800,1360
1,0,680,5462,6,7,1073812822,0,1,1->0,1073812800,1360
1,0,680,5464,0,0,1073812824,1,0,0->1,1073812800,1360
1,0,680,5472,0,0,1073812832,1,0,0->1,1073812800,1360
1,0,680,5474,2,7,1073812834,0,1,1->0,1073812800,1360
1,0,680,5477,5,7,1073812837,0,1,1->0,1073812800,1360
1,0,680,5480,0,2,1073812840,1,0,0->1,1073812800,1360
1,0,680,5486,6,0,1073812846,1,0,0->1,1073812800,1360
1,0,680,5502,6,7,1073812862,0,1,1->0,1073812800,1360
1,0,680,5503,7,0,1073812863,1,0,0->1,1073812800,1360
1,0,680,5503,7,7,1073812863,0,1,1->0,1073812800,1360
1,0,688,5504,0,7,1073812864,0,1,1->0,1073812864,1376
1,0,688,5514,2,2,1073812874,1,0,0->1,1073812864,1376
1,0,688,5516,4,5,1073812876,0,1,1->0,1073812864,1376
1,0,688,5517,5,0,1073812877,1,0,0->1,1073812864,1376
1,0,688,5522,2,5,1073812882,0,1,1->0,1073812864,1376
1,0,688,5524,4,7,1073812884,0,1,1->0,1073812864,1376
1,0,688,5525,5,7,1073812885,0,1,1->0,1073812864,1376
1,0,688,5527,7,5,1073812887,0,1,1->0,1073812864,1376
1,0,688,5536,0,5,1073812896,0,1,1->0,1073812864,1376
1,0,688,5538,2,5,1073812898,0,1,1->0,1073812864,1376
1,0,688,5540,4,2,1073812900,1,0,0->1,1073812864,1376
1,0,688,5541,5,0,1073812901,1,0,0->1,1073812864,1376
1,0,688,5546,2,0,1073812906,1,0,0->1,1073812864,1376
1,0,688,5555,3,0,1073812915,1,0,0->1,1073812864,1376
1,0,688,5555,3,5,1073812915,0,1,1->0,1073812864,1376
1,0,688,5560,0,5,1073812920,0,1,1->0,1073812864,1376
1,0,688,5564,4,5,1073812924,0,1,1->0,1073812864,1376
1,0,688,5565,5,2,1073812925,1,0,0->1,1073812864,1376
1,0,696,5591,7,5,1073812951,0,1,1->0,1073812928,1392
1,0,696,5597,5,5,1073812957,0,1,1->0,1073812928,1392
1,0,696,5601,1,7,1073812961,0,1,1->0,1073812928,1392
1,0,696,5607,7,5,1073812967,0,1,1->0,1073812928,1392
1,0,696,5612,4,2,1073812972,1,0,0->1,1073812928,1392
1,0,696,5623,7,5,1073812983,0,1,1->0,1073812928,1392
1,0,704,5632,0,7,1073812992,0,1,1->0,1073812992,1408
1,0,704,5638,6,7,1073812998,0,1,1->0,1073812992,1408
1,0,704,5643,3,5,1073813003,0,1,1->0,1073812992,1408
1,0,704,5644,4,0,1073813004,1,0,0->1,1073812992,1408
1,0,704,5650,2,5,1073813010,0,1,1->0,1073812992,1408
1,0,704,5652,4,7,1073813012,0,1,1->0,1073812992,1408
1,0,704,5653,5,5,1073813013,0,1,1->0,1073812992,1408
1,0,704,5654,6,7,1073813014,0,1,1->0,1073812992,1408
1,0,704,5655,7,5,1073813015,0,1,1->0,1073812992,1408
1,0,704,5659,3,7,1073813019,0,1,1->0,1073812992,1408
1,0,704,5660,4,7,1073813020,0,1,1->0,1073812992,1408
1,0,704,5662,6,2,1073813022,1,0,0->1,1073812992,1408
1,0,704,5672,0,0,1073813032,1,0,0->1,1073812992,1408
1,0,704,5673,1,5,1073813033,0,1,1->0,1073812992,1408
1,0,704,5685,5,7,1073813045,0,1,1->0,1073812992,1408
1,0,704,5689,1,0,1073813049,1,0,0->1,1073812992,1408
1,0,704,5689,1,7,1073813049,0,1,1->0,1073812992,1408
1,0,712,5697,1,0,1073813057,1,0,0->1,1073813056,1424
1,0,712,5698,2,0,1073813058,1,0,0->1,1073813056,1424
1,0,712,5700,4,7,1073813060,0,1,1->0,1073813056,1424
1,0,712,5706,2,7,1073813066,0,1,1->0,1073813056,1424
1,0,712,5711,7,5,1073813071,0,1,1->0,1073813056,1424
1,0,712,5714,2,7,1073813074,0,1,1->0,1073813056,1424
1,0,712,5721,1,2,1073813081,1,0,0->1,1073813056,1424
1,0,712,5729,1,5,1073813089,0,1,1->0,1073813056,1424
1,0,712,5730,2,7,1073813090,0,1,1->0,1073813056,1424
1,0,712,5739,3,2,1073813099,1,0,0->1,1073813056,1424
1,0,712,5743,7,2,1073813103,1,0,0->1,1073813056,1424
1,0,712,5745,1,5,1073813105,0,1,1->0,1073813056,1424
1,0,712,5746,2,2,1073813106,1,0,0->1,1073813056,1424
1,0,712,5755,3,5,1073813115,0,1,1->0,1073813056,1424
1,0,720,5763,3,5,1073813123,0,1,1->0,1073813120,1440
1,0,720,5765,5,5,1073813125,0,1,1->0,1073813120,1440
1,0,720,5767,7,7,1073813127,0,1,1->0,1073813120,1440
1,0,720,5771,3,2,1073813131,1,0,0->1,1073813120,1440
1,0,720,5776,0,0,1073813136,1,0,0->1,1073813120,1440
1,0,720,5780,4,5,1073813140,0,1,1->0,1073813120,1440
1,0,720,5781,5,7,1073813141,0,1,1->0,1073813120,1440
1,0,720,5783,7,5,1073813143,0,1,1->0,1073813120,1440
1,0,720,5791,7,5,1073813151,0,1,1->0,1073813120,1440
1,0,720,5797,5,7,1073813157,0,1,1->0,1073813120,1440
1,0,720,5804,4,2,1073813164,1,0,0->1,1073813120,1440
1,0,720,5810,2,7,1073813170,0,1,1->0,1073813120,1440
1,0,720,5813,5,7,1073813173,0,1,1->0,1073813120,1440
1,0,728,5832,0,5,1073813192,0,1,1->0,1073813184,1456
1,0,728,5834,2,5,1073813194,0,1,1->0,1073813184,1456
1,0,728,5836,4,5,1073813196,0,1,1->0,1073813184,1456
1,0,728,5838,6,0,1073813198,1,0,0->1,1073813184,1456
1,0,728,5840,0,7,1073813200,0,1,1->0,1073813184,1456
1,0,728,5843,3,0,1073813203,1,0,0->1,1073813184,1456
1,0,728,5843,3,2,1073813203,1,0,0->1,1073813184,1456
1,0,728,5844,4,7,1073813204,0,1,1->0,1073813184,1456
1,0,728,5847,7,2,1073813207,1,0,0->1,1073813184,1456
1,0,728,5848,0,5,1073813208,0,1,1->0,1073813184,1456
1,0,728,5851,3,0,1073813211,1,0,0->1,1073813184,1456
1,0,728,5861,5,0,1073813221,1,0,0->1,1073813184,1456
1,0,728,5865,1,0,1073813225,1,0,0->1,1073813184,1456
1,0,728,5867,3,5,1073813227,0,1,1->0,1073813184,1456
1,0,728,5872,0,5,1073813232,0,1,1->0,1073813184,1456
1,0,736,5891,3,0,1073813251,1,0,0->1,1073813248,1472
1,0,736,5891,3,2,1073813251,1,0,0->1,1073813248,1472
1,0,736,5901,5,7,1073813261,0,1,1->0,1073813248,1472
1,0,736,5904,0,2,1073813264,1,0,0->1,1073813248,1472
1,0,736,5904,0,5,1073813264,0,1,1->0,1073813248,1472
1,0,736,5907,3,5,1073813267,0,1,1->0,1073813248,1472
1,0,736,5908,4,2,1073813268,1,0,0->1,1073813248,1472
1,0,736,5913,1,5,1073813273,0,1,1->0,1073813248,1472
1,0,736,5919,7,5,1073813279,0,1,1->0,1073813248,1472
1,0,736,5922,2,5,1073813282,0,1,1->0,1073813248,1472
1,0,736,5924,4,7,1073813284,0,1,1->0,1073813248,1472
1,0,736,5935,7,7,1073813295,0,1,1->0,1073813248,1472
1,0,736,5946,2,7,1073813306,0,1,1->0,1073813248,1472
1,0,744,5957,5,0,1073813317,1,0,0->1,1073813312,1488
1,0,744,5966,6,2,1073813326,1,0,0->1,1073813312,1488
1,0,744,5971,3,7,1073813331,0,1,1->0,1073813312,1488
1,0,744,5973,5,7,1073813333,0,1,1->0,1073813312,1488
1,0,744,5974,6,7,1073813334,0,1,1->0,1073813312,1488
1,0,744,5978,2,2,1073813338,1,0,0->1,1073813312,1488
1,0,744,5978,2,5,1073813338,0,1,1->0,1073813312,1488
1,0,744,5978,2,7,1073813338,0,1,1->0,1073813312,1488
1,0,744,5980,4,5,1073813340,0,1,1->0,1073813312,1488
1,0,744,5982,6,5,1073813342,0,1,1->0,1073813312,1488
1,0,744,5982,6,7,1073813342,0,1,1->0,1073813312,1488
1,0,744,5984,0,0,1073813344,1,0,0->1,1073813312,1488
1,0,744,5986,2,2,1073813346,1,0,0->1,1073813312,1488
1,0,744,5993,1,5,1073813353,0,1,1->0,1073813312,1488
1,0,744,6004,4,7,1073813364,0,1,1->0,1073813312,1488
1,0,744,6014,6,7,1073813374,0,1,1->0,1073813312,1488
1,0,744,6015,7,7,1073813375,0,1,1->0,1073813312,1488
1,0,752,6016,0,7,1073813376,0,1,1->0,1073813376,1504
1,0,752,6028,4,7,1073813388,0,1,1->0,1073813376,1504
1,0,752,6037,5,7,1073813397,0,1,1->0,1073813376,1504
1,0,752,6038,6,7,1073813398,0,1,1->0,1073813376,1504
1,0,752,6044,4,5,1073813404,0,1,1->0,1073813376,1504
1,0,752,6046,6,2,1073813406,1,0,0->1,1073813376,1504
1,0,752,6048,0,7,1073813408,0,1,1->0,1073813376,1504
1,0,752,6059,3,5,1073813419,0,1,1->0,1073813376,1504
1,0,752,6067,3,5,1073813427,0,1,1->0,1073813376,1504
1,0,752,6070,6,0,1073813430,1,0,0->1,1073813376,1504
1,0,752,6072,0,5,1073813432,0,1,1->0,1073813376,1504
1,0,752,6074,2,0,1073813434,1,0,0->1,1073813376,1504
1,0,752,6075,3,5,1073813435,0,1,1->0,1073813376,1504
1,0,760,6083,3,0,1073813443,1,0,0->1,1073813440,1520
1,0,760,6086,6,0,1073813446,1,0,0->1,1073813440,1520
1,0,760,6087,7,7,1073813447,0,1,1->0,1073813440,1520
1,0,760,6093,5,2,1073813453,1,0,0->1,1073813440,1520
1,0,760,6093,5,5,1073813453,0,1,1->0,1073813440,1520
1,0,760,6096,0,5,1073813456,0,1,1->0,1073813440,1520
1,0,760,6103,7,7,1073813463,0,1,1->0,1073813440,1520
1,0,760,6104,0,7,1073813464,0,1,1->0,1073813440,1520
1,0,760,6111,7,2,1073813471,1,0,0->1,1073813440,1520
1,0,760,6112,0,0,1073813472,1,0,0->1,1073813440,1520
1,0,760,6112,0,7,1073813472,0,1,1->0,1073813440,1520
1,0,760,6122,2,5,1073813482,0,1,1->0,1073813440,1520
1,0,760,6123,3,2,1073813483,1,0,0->1,1073813440,1520
1,0,760,6125,5,0,1073813485,1,0,0->1,1073813440,1520
1,0,760,6136,0,7,1073813496,0,1,1->0,1073813440,1520
1,0,768,6145,1,7,1073813505,0,1,1->0,1073813504,1536
1,0,768,6146,2,2,1073813506,1,0,0->1,1073813504,1536
1,0,768,6148,4,5,1073813508,0,1,1->0,1073813504,1536
1,0,768,6151,7,5,1073813511,0,1,1->0,1073813504,1536
1,0,768,6154,2,5,1073813514,0,1,1->0,1073813504,1536
1,0,768,6159,7,5,1073813519,0,1,1->0,1073813504,1536
1,0,768,6166,6,5,1073813526,0,1,1->0,1073813504,1536
1,0,768,6171,3,7,1073813531,0,1,1->0,1073813504,1536
1,0,768,6175,7,2,1073813535,1,0,0->1,1073813504,1536
1,0,768,6179,3,0,1073813539,1,0,0->1,1073813504,1536
1,0,768,6182,6,0,1073813542,1,0,0->1,1073813504,1536
1,0,768,6182,6,5,1073813542,0,1,1->0,1073813504,1536
1,0,768,6186,2,7,1073813546,0,1,1->0,1073813504,1536
1,0,768,6188,4,7,1073813548,0,1,1->0,1073813504,1536
1,0,768,6195,3,5,1073813555,0,1,1->0,1073813504,1536
1,0,768,6201,1,5,1073813561,0,1,1->0,1073813504,1536
1,0,768,6203,3,7,1073813563,0,1,1->0,1073813504,1536
1,0,776,6208,0,5,1073813568,0,1,1->0,1073813568,1552
1,0,776,6210,2,2,1073813570,1,0,0->1,1073813568,1552
1,0,776,6218,2,5,1073813578,0,1,1->0,1073813568,1552
1,0,776,6219,3,0,1073813579,1,0,0->1,1073813568,1552
1,0,776,6225,1,2,1073813585,1,0,0->1,1073813568,1552
1,0,776,6225,1,5,1073813585,0,1,1->0,1073813568,1552
1,0,776,6225,1,7,1073813585,0,1,1->0,1073813568,1552
1,0,776,6229,5,5,1073813589,0,1,1->0,1073813568,1552
1,0,776,6231,7,7,1073813591,0,1,1->0,1073813568,1552
1,0,776,6235,3,2,1073813595,1,0,0->1,1073813568,1552
1,0,776,6246,6,5,1073813606,0,1,1->0,1073813568,1552
1,0,776,6256,0,5,1073813616,0,1,1->0,1073813568,1552
1,0,776,6263,7,2,1073813623,1,0,0->1,1073813568,1552
1,0,776,6265,1,7,1073813625,0,1,1->0,1073813568,1552
1,0,776,6267,3,2,1073813627,1,0,0->1,1073813568,1552
1,0,776,6269,5,5,1073813629,0,1,1->0,1073813568,1552
1,0,784,6273,1,7,1073813633,0,1,1->0,1073813632,1568
1,0,784,6283,3,7,1073813643,0,1,1->0,1073813632,1568
1,0,784,6285,5,2,1073813645,1,0,0->1,1073813632,1568
1,0,784,6294,6,5,1073813654,0,1,1->0,1073813632,1568
1,0,784,6297,1,2,1073813657,1,0,0->1,1073813632,1568
1,0,784,6298,2,2,1073813658,1,0,0->1,1073813632,1568
1,0,784,6304,0,5,1073813664,0,1,1->0,1073813632,1568
1,0,784,6312,0,0,1073813672,1,0,0->1,1073813632,1568
1,0,784,6320,0,7,1073813680,0,1,1->0,1073813632,1568
1,0,784,6325,5,5,1073813685,0,1,1->0,1073813632,1568
1,0,784,6332,4,0,1073813692,1,0,0->1,1073813632,1568
1,0,784,6334,6,7,1073813694,0,1,1->0,1073813632,1568
1,0,784,6335,7,0,1073813695,1,0,0->1,1073813632,1568
1,0,792,6339,3,0,1073813699,1,0,0->1,1073813696,1584
1,0,792,6341,5,7,1073813701,0,1,1->0,1073813696,1584
1,0,792,6342,6,7,1073813702,0,1,1->0,1073813696,1584
1,0,792,6345,1,5,1073813705,0,1,1->0,1073813696,1584
1,0,792,6346,2,2,1073813706,1,0,0->1,1073813696,1584
1,0,792,6347,3,5,1073813707,0,1,1->0,1073813696,1584
1,0,792,6351,7,2,1073813711,1,0,0->1,1073813696,1584
1,0,792,6355,3,2,1073813715,1,0,0->1,1073813696,1584
1,0,792,6357,5,0,1073813717,1,0,0->1,1073813696,1584
1,0,792,6357,5,5,1073813717,0,1,1->0,1073813696,1584
1,0,792,6358,6,7,1073813718,0,1,1->0,1073813696,1584
1,0,792,6359,7,2,1073813719,1,0,0->1,1073813696,1584
1,0,792,6361,1,7,1073813721,0,1,1->0,1073813696,1584
1,0,792,6363,3,2,1073813723,1,0,0->1,1073813696,1584
1,0,792,6364,4,7,1073813724,0,1,1->0,1073813696,1584
1,0,792,6368,0,7,1073813728,0,1,1->0,1073813696,1584
1,0,792,6375,7,5,1073813735,0,1,1->0,1073813696,1584
1,0,792,6380,4,5,1073813740,0,1,1->0,1073813696,1584
1,0,792,6382,6,7,1073813742,0,1,1->0,1073813696,1584
1,0,792,6384,0,7,1073813744,0,1,1->0,1073813696,1584
1,0,792,6397,5,0,1073813757,1,0,0->1,1073813696,1584
1,0,800,6401,1,5,1073813761,0,1,1->0,1073813760,1600
1,0,800,6405,5,0,1073813765,1,0,0->1,1073813760,1600
1,0,800,6419,3,5,1073813779,0,1,1->0,1073813760,1600
1,0,800,6420,4,7,1073813780,0,1,1->0,1073813760,1600
1,0,800,6436,4,0,1073813796,1,0,0->1,1073813760,1600
1,0,800,6437,5,5,1073813797,0,1,1->0,1073813760,1600
1,0,800,6439,7,5,1073813799,0,1,1->0,1073813760,1600
1,0,800,6443,3,7,1073813803,0,1,1->0,1073813760,1600
1,0,800,6445,5,7,1073813805,0,1,1->0,1073813760,1600
1,0,800,6447,7,0,1073813807,1,0,0->1,1073813760,1600
1,0,800,6452,4,2,1073813812,1,0,0->1,1073813760,1600
1,0,800,6456,0,2,1073813816,1,0,0->1,1073813760,1600
1,0,800,6459,3,7,1073813819,0,1,1->0,1073813760,1600
1,0,800,6463,7,5,1073813823,0,1,1->0,1073813760,1600
1,0,808,6474,2,7,1073813834,0,1,1->0,1073813824,1616
1,0,808,6480,0,2,1073813840,1,0,0->1,1073813824,1616
1,0,808,6486,6,5,1073813846,0,1,1->0,1073813824,1616
1,0,808,6486,6,7,1073813846,0,1,1->0,1073813824,1616
1,0,808,6488,0,5,1073813848,0,1,1->0,1073813824,1616
1,0,808,6492,4,5,1073813852,0,1,1->0,1073813824,1616
1,0,808,6496,0,7,1073813856,0,1,1->0,1073813824,1616
1,0,808,6505,1,7,1073813865,0,1,1->0,1073813824,1616
1,0,808,6509,5,5,1073813869,0,1,1->0,1073813824,1616
1,0,808,6510,6,7,1073813870,0,1,1->0,1073813824,1616
1,0,808,6515,3,5,1073813875,0,1,1->0,1073813824,1616
1,0,808,6517,5,2,1073813877,1,0,0->1,1073813824,1616
1,0,808,6522,2,7,1073813882,0,1,1->0,1073813824,1616
1,0,808,6526,6,0,1073813886,1,0,0->1,1073813824,1616
1,0,808,6526,6,7,1073813886,0,1,1->0,1073813824,1616
1,0,816,6538,2,5,1073813898,0,1,1->0,1073813888,1632
1,0,816,6544,0,7,1073813904,0,1,1->0,1073813888,1632
1,0,816,6558,6,5,1073813918,0,1,1->0,1073813888,1632
1,0,816,6560,0,7,1073813920,0,1,1->0,1073813888,1632
1,0,816,6562,2,0,1073813922,1,0,0->1,1073813888,1632
1,0,816,6571,3,2,1073813931,1,0,0->1,1073813888,1632
1,0,816,6575,7,2,1073813935,1,0,0->1,1073813888,1632
1,0,816,6578,2,7,1073813938,0,1,1->0,1073813888,1632
1,0,816,6586,2,7,1073813946,0,1,1->0,1073813888,1632
1,0,816,6590,6,5,1073813950,0,1,1->0,1073813888,1632
1,0,816,6590,6,7,1073813950,0,1,1->0,1073813888,1632
1,0,824,6592,0,2,1073813952,1,0,0->1,1073813952,1648
1,0,824,6593,1,7,1073813953,0,1,1->0,1073813952,1648
1,0,824,6606,6,2,1073813966,1,0,0->1,1073813952,1648
1,0,824,6606,6,7,1073813966,0,1,1->0,1073813952,1648
1,0,824,6608,0,5,1073813968,0,1,1->0,1073813952,1648
1,0,824,6611,3,7,1073813971,0,1,1->0,1073813952,1648
1,0,824,6612,4,5,1073813972,0,1,1->0,1073813952,1648
1,0,824,6620,4,0,1073813980,1,0,0->1,1073813952,1648
1,0,824,6623,7,2,1073813983,1,0,0->1,1073813952,1648
1,0,824,6634,2,2,1073813994,1,0,0->1,1073813952,1648
1,0,824,6635,3,0,1073813995,1,0,0->1,1073813952,1648
1,0,824,6638,6,7,1073813998,0,1,1->0,1073813952,1648
1,0,824,6643,3,0,1073814003,1,0,0->1,1073813952,1648
1,0,824,6654,6,7,1073814014,0,1,1->0,1073813952,1648
1,0,832,6656,0,5,1073814016,0,1,1->0,1073814016,1664
1,0,832,6665,1,2,1073814025,1,0,0->1,1073814016,1664
1,0,832,6668,4,2,1073814028,1,0,0->1,1073814016,1664
1,0,832,6668,4,7,1073814028,0,1,1->0,1073814016,1664
1,0,832,6670,6,0,1073814030,1,0,0->1,1073814016,1664
1,0,832,6681,1,2,1073814041,1,0,0->1,1073814016,1664
1,0,832,6685,5,5,1073814045,0,1,1->0,1073814016,1664
1,0,832,6687,7,2,1073814047,1,0,0->1,1073814016,1664
1,0,832,6691,3,5,1073814051,0,1,1->0,1073814016,1664
1,0,832,6694,6,0,1073814054,1,0,0->1,1073814016,1664
1,0,832,6697,1,5,1073814057,0,1,1->0,1073814016,1664
1,0,832,6698,2,0,1073814058,1,0,0->1,1073814016,1664
1,0,832,6699,3,7,1073814059,0,1,1->0,1073814016,1664
1,0,832,6700,4,5,1073814060,0,1,1->0,1073814016,1664
1,0,832,6702,6,2,1073814062,1,0,0->1,1073814016,1664
1,0,832,6711,7,5,1073814071,0,1,1->0,1073814016,1664
1,0,832,6711,7,7,1073814071,0,1,1->0,1073814016,1664
1,0,832,6712,0,7,1073814072,0,1,1->0,1073814016,1664
1,0,832,6713,1,2,1073814073,1,0,0->1,1073814016,1664
1,0,832,6714,2,7,1073814074,0,1,1->0,1073814016,1664
1,0,832,6717,5,2,1073814077,1,0,0->1,1073814016,1664
1,0,840,6723,3,7,1073814083,0,1,1->0,1073814080,1680
1,0,840,6730,2,5,1073814090,0,1,1->0,1073814080,1680
1,0,840,6731,3,7,1073814091,0,1,1->0,1073814080,1680
1,0,840,6733,5,0,1073814093,1,0,0->1,1073814080,1680
1,0,840,6737,1,2,1073814097,1,0,0->1,1073814080,1680
1,0,840,6740,4,7,1073814100,0,1,1->0,1073814080,1680
1,0,840,6745,1,0,1073814105,1,0,0->1,1073814080,1680
1,0,840,6746,2,0,1073814106,1,0,0->1,1073814080,1680
1,0,840,6748,4,7,1073814108,0,1,1->0,1073814080,1680
1,0,840,6749,5,5,1073814109,0,1,1->0,1073814080,1680
1,0,840,6761,1,5,1073814121,0,1,1->0,1073814080,1680
1,0,840,6764,4,5,1073814124,0,1,1->0,1073814080,1680
1,0,840,6765,5,2,1073814125,1,0,0->1,1073814080,1680
1,0,840,6765,5,5,1073814125,0,1,1->0,1073814080,1680
1,0,840,6766,6,2,1073814126,1,0,0->1,1073814080,1680
1,0,840,6769,1,0,1073814129,1,0,0->1,1073814080,1680
1,0,840,6769,1,7,1073814129,0,1,1->0,1073814080,1680
1,0,848,6784,0,7,1073814144,0,1,1->0,1073814144,1696
1,0,848,6785,1,0,1073814145,1,0,0->1,1073814144,1696
1,0,848,6789,5,5,1073814149,0,1,1->0,1073814144,1696
1,0,848,6792,0,7,1073814152,0,1,1->0,1073814144,1696
1,0,848,6803,3,5,1073814163,0,1,1->0,1073814144,1696
1,0,848,6805,5,2,1073814165,1,0,0->1,1073814144,1696
1,0,848,6812,4,5,1073814172,0,1,1->0,1073814144,1696
1,0,848,6814,6,0,1073814174,1,0,0->1,1073814144,1696
1,0,848,6816,0,7,1073814176,0,1,1->0,1073814144,1696
1,0,848,6819,3,0,1073814179,1,0,0->1,1073814144,1696
1,0,848,6819,3,2,1073814179,1,0,0->1,1073814144,1696
1,0,848,6820,4,2,1073814180,1,0,0->1,1073814144,1696
1,0,848,6823,7,7,1073814183,0,1,1->0,1073814144,1696
1,0,848,6825,1,5,1073814185,0,1,1->0,1073814144,1696
1,0,848,6834,2,5,1073814194,0,1,1->0,1073814144,1696
1,0,848,6844,4,2,1073814204,1,0,0->1,1073814144,1696
1,0,848,6847,7,0,1073814207,1,0,0->1,1073814144,1696
1,0,856,6850,2,0,1073814210,1,0,0->1,1073814208,1712
1,0,856,6855,7,0,1073814215,1,0,0->1,1073814208,1712
1,0,856,6857,1,0,1073814217,1,0,0->1,1073814208,1712
1,0,856,6860,4,5,1073814220,0,1,1->0,1073814208,1712
1,0,856,6862,6,5,1073814222,0,1,1->0,1073814208,1712
1,0,856,6866,2,7,1073814226,0,1,1->0,1073814208,1712
1,0,856,6867,3,0,1073814227,1,0,0->1,1073814208,1712
1,0,856,6870,6,7,1073814230,0,1,1->0,1073814208,1712
1,0,856,6874,2,5,1073814234,0,1,1->0,1073814208,1712
1,0,856,6877,5,2,1073814237,1,0,0->1,1073814208,1712
1,0,856,6877,5,7,1073814237,0,1,1->0,1073814208,1712
1,0,856,6881,1,2,1073814241,1,0,0->1,1073814208,1712
1,0,856,6883,3,0,1073814243,1,0,0->1,1073814208,1712
1,0,856,6883,3,5,1073814243,0,1,1->0,1073814208,1712
1,0,856,6885,5,2,1073814245,1,0,0->1,1073814208,1712
1,0,856,6903,7,7,1073814263,0,1,1->0,1073814208,1712
1,0,856,6906,2,7,1073814266,0,1,1->0,1073814208,1712
1,0,856,6908,4,5,1073814268,0,1,1->0,1073814208,1712
1,0,864,6916,4,2,1073814276,1,0,0->1,1073814272,1728
1,0,864,6916,4,7,1073814276,0,1,1->0,1073814272,1728
1,0,864,6917,5,2,1073814277,1,0,0->1,1073814272,1728
1,0,864,6921,1,5,1073814281,0,1,1->0,1073814272,1728
1,0,864,6931,3,7,1073814291,0,1,1->0,1073814272,1728
1,0,864,6934,6,2,1073814294,1,0,0->1,1073814272,1728
1,0,864,6935,7,7,1073814295,0,1,1->0,1073814272,1728
1,0,864,6939,3,5,1073814299,0,1,1->0,1073814272,1728
1,0,864,6945,1,7,1073814305,0,1,1->0,1073814272,1728
1,0,864,6949,5,7,1073814309,0,1,1->0,1073814272,1728
1,0,864,6951,7,5,1073814311,0,1,1->0,1073814272,1728
1,0,864,6951,7,7,1073814311,0,1,1->0,1073814272,1728
1,0,864,6956,4,7,1073814316,0,1,1->0,1073814272,1728
1,0,864,6963,3,7,1073814323,0,1,1->0,1073814272,1728
1,0,864,6966,6,5,1073814326,0,1,1->0,1073814272,1728
1,0,864,6968,0,2,1073814328,1,0,0->1,1073814272,1728
1,0,872,6978,2,5,1073814338,0,1,1->0,1073814336,1744
1,0,872,6983,7,5,1073814343,0,1,1->0,1073814336,1744
1,0,872,6991,7,2,1073814351,1,0,0->1,1073814336,1744
1,0,872,6993,1,7,1073814353,0,1,1->0,1073814336,1744
1,0,872,6997,5,7,1073814357,0,1,1->0,1073814336,1744
1,0,872,7002,2,5,1073814362,0,1,1->0,1073814336,1744
1,0,872,7005,5,5,1073814365,0,1,1->0,1073814336,1744
1,0,872,7006,6,5,1073814366,0,1,1->0,1073814336,1744
1,0,872,7012,4,7,1073814372,0,1,1->0,1073814336,1744
1,0,872,7013,5,2,1073814373,1,0,0->1,1073814336,1744
1,0,872,7016,0,5,1073814376,0,1,1->0,1073814336,1744
1,0,872,7018,2,7,1073814378,0,1,1->0,1073814336,1744
1,0,872,7021,5,0,1073814381,1,0,0->1,1073814336,1744
1,0,872,7033,1,2,1073814393,1,0,0->1,1073814336,1744
1,0,872,7034,2,5,1073814394,0,1,1->0,1073814336,1744
1,0,880,7045,5,5,1073814405,0,1,1->0,1073814400,1760
1,0,880,7049,1,7,1073814409,0,1,1->0,1073814400,1760
1,0,880,7052,4,7,1073814412,0,1,1->0,1073814400,1760
1,0,880,7053,5,7,1073814413,0,1,1->0,1073814400,1760
1,0,880,7055,7,5,1073814415,0,1,1->0,1073814400,1760
1,0,880,7058,2,5,1073814418,0,1,1->0,1073814400,1760
1,0,880,7060,4,7,1073814420,0,1,1->0,1073814400,1760
1,0,880,7068,4,5,1073814428,0,1,1->0,1073814400,1760
1,0,880,7074,2,7,1073814434,0,1,1->0,1073814400,1760
1,0,880,7079,7,7,1073814439,0,1,1->0,1073814400,1760
1,0,880,7080,0,5,1073814440,0,1,1->0,1073814400,1760
1,0,880,7085,5,5,1073814445,0,1,1->0,1073814400,1760
1,0,880,7088,0,5,1073814448,0,1,1->0,1073814400,1760
1,0,880,7093,5,5,1073814453,0,1,1->0,1073814400,1760
1,0,880,7096,0,5,1073814456,0,1,1->0,1073814400,1760
1,0,880,7096,0,7,1073814456,0,1,1->0,1073814400,1760
1,0,880,7102,6,2,1073814462,1,0,0->1,1073814400,1760
1,0,888,7112,0,7,1073814472,0,1,1->0,1073814464,1776
1,0,888,7113,1,5,1073814473,0,1,1->0,1073814464,1776
1,0,888,7128,0,7,1073814488,0,1,1->0,1073814464,1776
1,0,888,7143,7,2,1073814503,1,0,0->1,1073814464,1776
1,0,888,7154,2,7,1073814514,0,1,1->0,1073814464,1776
1,0,888,7160,0,5,1073814520,0,1,1->0,1073814464,1776
1,0,888,7163,3,5,1073814523,0,1,1->0,1073814464,1776
1,0,896,7168,0,5,1073814528,0,1,1->0,1073814528,1792
1,0,896,7176,0,5,1073814536,0,1,1->0,1073814528,1792
1,0,896,7179,3,2,1073814539,1,0,0->1,1073814528,1792
1,0,896,7179,3,7,1073814539,0,1,1->0,1073814528,1792
1,0,896,7180,4,7,1073814540,0,1,1->0,1073814528,1792
1,0,896,7185,1,5,1073814545,0,1,1->0,1073814528,1792
1,0,896,7185,1,7,1073814545,0,1,1->0,1073814528,1792
1,0,896,7190,6,5,1073814550,0,1,1->0,1073814528,1792
1,0,896,7194,2,7,1073814554,0,1,1->0,1073814528,1792
1,0,896,7195,3,5,1073814555,0,1,1->0,1073814528,1792
1,0,896,7197,5,0,1073814557,1,0,0->1,1073814528,1792
1,0,896,7202,2,5,1073814562,0,1,1->0,1073814528,1792
1,0,896,7204,4,7,1073814564,0,1,1->0,1073814528,1792
1,0,896,7205,5,7,1073814565,0,1,1->0,1073814528,1792
1,0,896,7207,7,5,1073814567,0,1,1->0,1073814528,1792
1,0,896,7211,3,7,1073814571,0,1,1->0,1073814528,1792
1,0,896,7220,4,2,1073814580,1,0,0->1,1073814528,1792
1,0,896,7222,6,5,1073814582,0,1,1->0,1073814528,1792
1,0,896,7227,3,0,1073814587,1,0,0->1,1073814528,1792
1,0,896,7229,5,5,1073814589,0,1,1->0,1073814528,1792
1,0,896,7230,6,7,1073814590,0,1,1->0,1073814528,1792
1,0,904,7232,0,5,1073814592,0,1,1->0,1073814592,1808
1,0,904,7234,2,5,1073814594,0,1,1->0,1073814592,1808
1,0,904,7236,4,5,1073814596,0,1,1->0,1073814592,1808
1,0,904,7238,6,2,1073814598,1,0,0->1,1073814592,1808
1,0,904,7238,6,7,1073814598,0,1,1->0,1073814592,1808
1,0,904,7241,1,7,1073814601,0,1,1->0,1073814592,1808
1,0,904,7243,3,5,1073814603,0,1,1->0,1073814592,1808
1,0,904,7247,7,5,1073814607,0,1,1->0,1073814592,1808
1,0,904,7248,0,7,1073814608,0,1,1->0,1073814592,1808
1,0,904,7258,2,0,1073814618,1,0,0->1,1073814592,1808
1,0,904,7263,7,2,1073814623,1,0,0->1,1073814592,1808
1,0,904,7265,1,5,1073814625,0,1,1->0,1073814592,1808
1,0,904,7266,2,7,1073814626,0,1,1->0,1073814592,1808
1,0,904,7267,3,0,1073814627,1,0,0->1,1073814592,1808
1,0,904,7273,1,5,1073814633,0,1,1->0,1073814592,1808
1,0,904,7273,1,7,1073814633,0,1,1->0,1073814592,1808
1,0,904,7274,2,5,1073814634,0,1,1->0,1073814592,1808
1,0,904,7275,3,0,1073814635,1,0,0->1,1073814592,1808
1,0,904,7275,3,5,1073814635,0,1,1->0,1073814592,1808
1,0,904,7279,7,0,1073814639,1,0,0->1,1073814592,1808
1,0,904,7279,7,7,1073814639,0,1,1->0,1073814592,1808
1,0,904,7288,0,2,1073814648,1,0,0->1,1073814592,1808
1,0,904,7288,0,7,1073814648,0,1,1->0,1073814592,1808
1,0,912,7296,0,5,1073814656,0,1,1->0,1073814656,1824
1,0,912,7297,1,7,1073814657,0,1,1->0,1073814656,1824
1,0,912,7305,1,0,1073814665,1,0,0->1,1073814656,1824
1,0,912,7306,2,5,1073814666,0,1,1->0,1073814656,1824
1,0,912,7307,3,0,1073814667,1,0,0->1,1073814656,1824
1,0,912,7308,4,7,1073814668,0,1,1->0,1073814656,1824
1,0,912,7309,5,5,1073814669,0,1,1->0,1073814656,1824
1,0,912,7311,7,2,1073814671,1,0,0->1,1073814656,1824
1,0,912,7319,7,0,1073814679,1,0,0->1,1073814656,1824
1,0,912,7324,4,7,1073814684,0,1,1->0,1073814656,1824
1,0,912,7328,0,5,1073814688,0,1,1->0,1073814656,1824
1,0,912,7337,1,0,1073814697,1,0,0->1,1073814656,1824
1,0,912,7350,6,7,1073814710,0,1,1->0,1073814656,1824
1,0,912,7351,7,2,1073814711,1,0,0->1,1073814656,1824
1,0,912,7353,1,0,1073814713,1,0,0->1,1073814656,1824
1,0,912,7353,1,7,1073814713,0,1,1->0,1073814656,1824
1,0,912,7354,2,2,1073814714,1,0,0->1,1073814656,1824
1,0,912,7354,2,7,1073814714,0,1,1->0,1073814656,1824
1,0,912,7356,4,5,1073814716,0,1,1->0,1073814656,1824
1,0,920,7360,0,2,1073814720,1,0,0->1,1073814720,1840
1,0,920,7360,0,5,1073814720,0,1,1->0,1073814720,1840
1,0,920,7374,6,5,1073814734,0,1,1->0,1073814720,1840
1,0,920,7375,7,0,1073814735,1,0,0->1,1073814720,1840
1,0,920,7375,7,5,1073814735,0,1,1->0,1073814720,1840
1,0,920,7378,2,5,1073814738,0,1,1->0,1073814720,1840
1,0,920,7380,4,2,1073814740,1,0,0->1,1073814720,1840
1,0,920,7382,6,2,1073814742,1,0,0->1,1073814720,1840
1,0,920,7383,7,2,1073814743,1,0,0->1,1073814720,1840
1,0,920,7389,5,7,1073814749,0,1,1->0,1073814720,1840
1,0,920,7401,1,7,1073814761,0,1,1->0,1073814720,1840
1,0,920,7416,0,5,1073814776,0,1,1->0,1073814720,1840
1,0,920,7420,4,0,1073814780,1,0,0->1,1073814720,1840
1,0,920,7423,7,5,1073814783,0,1,1->0,1073814720,1840
1,0,928,7435,3,2,1073814795,1,0,0->1,1073814784,1856
1,0,928,7436,4,2,1073814796,1,0,0->1,1073814784,1856
1,0,928,7447,7,0,1073814807,1,0,0->1,1073814784,1856
1,0,928,7449,1,7,1073814809,0,1,1->0,1073814784,1856
1,0,928,7450,2,2,1073814810,1,0,0->1,1073814784,1856
1,0,928,7452,4,5,1073814812,0,1,1->0,1073814784,1856
1,0,928,7461,5,2,1073814821,1,0,0->1,1073814784,1856
1,0,928,7467,3,5,1073814827,0,1,1->0,1073814784,1856
1,0,928,7468,4,2,1073814828,1,0,0->1,1073814784,1856
1,0,928,7470,6,5,1073814830,0,1,1->0,1073814784,1856
1,0,928,7470,6,7,1073814830,0,1,1->0,1073814784,1856
1,0,928,7476,4,2,1073814836,1,0,0->1,1073814784,1856
1,0,928,7480,0,7,1073814840,0,1,1->0,1073814784,1856
1,0,928,7485,5,5,1073814845,0,1,1->0,1073814784,1856
1,0,928,7486,6,2,1073814846,1,0,0->1,1073814784,1856
1,0,936,7493,5,5,1073814853,0,1,1->0,1073814848,1872
1,0,936,7493,5,7,1073814853,0,1,1->0,1073814848,1872
1,0,936,7494,6,5,1073814854,0,1,1->0,1073814848,1872
1,0,936,7500,4,0,1073814860,1,0,0->1,1073814848,1872
1,0,936,7501,5,7,1073814861,0,1,1->0,1073814848,1872
1,0,936,7505,1,7,1073814865,0,1,1->0,1073814848,1872
1,0,936,7513,1,5,1073814873,0,1,1->0,1073814848,1872
1,0,936,7513,1,7,1073814873,0,1,1->0,1073814848,1872
1,0,936,7524,4,5,1073814884,0,1,1->0,1073814848,1872
1,0,936,7525,5,0,1073814885,1,0,0->1,1073814848,1872
1,0,936,7537,1,5,1073814897,0,1,1->0,1073814848,1872
1,0,936,7547,3,5,1073814907,0,1,1->0,1073814848,1872
1,0,936,7549,5,7,1073814909,0,1,1->0,1073814848,1872
1,0,944,7552,0,2,1073814912,1,0,0->1,1073814912,1888
1,0,944,7557,5,7,1073814917,0,1,1->0,1073814912,1888
1,0,944,7563,3,0,1073814923,1,0,0->1,1073814912,1888
1,0,944,7563,3,7,1073814923,0,1,1->0,1073814912,1888
1,0,944,7566,6,7,1073814926,0,1,1->0,1073814912,1888
1,0,944,7568,0,5,1073814928,0,1,1->0,1073814912,1888
1,0,944,7572,4,7,1073814932,0,1,1->0,1073814912,1888
1,0,944,7575,7,7,1073814935,0,1,1->0,1073814912,1888
1,0,944,7577,1,0,1073814937,1,0,0->1,1073814912,1888
1,0,944,7579,3,5,1073814939,0,1,1->0,1073814912,1888
1,0,944,7580,4,7,1073814940,0,1,1->0,1073814912,1888
1,0,944,7583,7,5,1073814943,0,1,1->0,1073814912,1888
1,0,944,7587,3,7,1073814947,0,1,1->0,1073814912,1888
1,0,944,7593,1,7,1073814953,0,1,1->0,1073814912,1888
1,0,944,7599,7,7,1073814959,0,1,1->0,1073814912,1888
1,0,944,7602,2,5,1073814962,0,1,1->0,1073814912,1888
1,0,944,7607,7,7,1073814967,0,1,1->0,1073814912,1888
1,0,952,7619,3,7,1073814979,0,1,1->0,1073814976,1904
1,0,952,7621,5,2,1073814981,1,0,0->1,1073814976,1904
1,0,952,7622,6,5,1073814982,0,1,1->0,1073814976,1904
1,0,952,7628,4,2,1073814988,1,0,0->1,1073814976,1904
1,0,952,7631,7,7,1073814991,0,1,1->0,1073814976,1904
1,0,952,7637,5,0,1073814997,1,0,0->1,1073814976,1904
1,0,952,7641,1,2,1073815001,1,0,0->1,1073814976,1904
1,0,952,7646,6,5,1073815006,0,1,1->0,1073814976,1904
1,0,952,7648,0,7,1073815008,0,1,1->0,1073814976,1904
1,0,952,7649,1,5,1073815009,0,1,1->0,1073814976,1904
1,0,952,7651,3,0,1073815011,1,0,0->1,1073814976,1904
1,0,952,7654,6,5,1073815014,0,1,1->0,1073814976,1904
1,0,952,7656,0,7,1073815016,0,1,1->0,1073814976,1904
1,0,952,7661,5,5,1073815021,0,1,1->0,1073814976,1904
1,0,952,7664,0,5,1073815024,0,1,1->0,1073814976,1904
1,0,952,7666,2,5,1073815026,0,1,1->0,1073814976,1904
1,0,952,7671,7,0,1073815031,1,0,0->1,1073814976,1904
1,0,952,7671,7,5,1073815031,0,1,1->0,1073814976,1904
1,0,960,7680,0,5,1073815040,0,1,1->0,1073815040,1920
1,0,960,7685,5,7,1073815045,0,1,1->0,1073815040,1920
1,0,960,7688,0,2,1073815048,1,0,0->1,1073815040,1920
1,0,960,7696,0,5,1073815056,0,1,1->0,1073815040,1920
1,0,960,7702,6,5,1073815062,0,1,1->0,1073815040,1920
1,0,960,7706,2,7,1073815066,0,1,1->0,1073815040,1920
1,0,960,7711,7,2,1073815071,1,0,0->1,1073815040,1920
1,0,960,7714,2,0,1073815074,1,0,0->1,1073815040,1920
1,0,960,7717,5,0,1073815077,1,0,0->1,1073815040,1920
1,0,960,7717,5,5,1073815077,0,1,1->0,1073815040,1920
1,0,960,7718,6,5,1073815078,0,1,1->0,1073815040,1920
1,0,960,7726,6,7,1073815086,0,1,1->0,1073815040,1920
1,0,960,7736,0,2,1073815096,1,0,0->1,1073815040,1920
1,0,960,7738,2,7,1073815098,0,1,1->0,1073815040,1920
1,0,960,7739,3,2,1073815099,1,0,0->1,1073815040,1920
1,0,960,7739,3,5,1073815099,0,1,1->0,1073815040,1920
1,0,960,7741,5,5,1073815101,0,1,1->0,1073815040,1920
1,0,960,7743,7,7,1073815103,0,1,1->0,1073815040,1920
1,0,968,7744,0,7,1073815104,0,1,1->0,1073815104,1936
1,0,968,7746,2,2,1073815106,1,0,0->1,1073815104,1936
1,0,968,7761,1,5,1073815121,0,1,1->0,1073815104,1936
1,0,968,7765,5,0,1073815125,1,0,0->1,1073815104,1936
1,0,968,7766,6,0,1073815126,1,0,0->1,1073815104,1936
1,0,968,7767,7,2,1073815127,1,0,0->1,1073815104,1936
1,0,968,7768,0,7,1073815128,0,1,1->0,1073815104,1936
1,0,968,7775,7,0,1073815135,1,0,0->1,1073815104,1936
1,0,968,7777,1,5,1073815137,0,1,1->0,1073815104,1936
1,0,968,7781,5,5,1073815141,0,1,1->0,1073815104,1936
1,0,968,7784,0,5,1073815144,0,1,1->0,1073815104,1936
1,0,968,7785,1,0,1073815145,1,0,0->1,1073815104,1936
1,0,968,7793,1,2,1073815153,1,0,0->1,1073815104,1936
1,0,968,7794,2,0,1073815154,1,0,0->1,1073815104,1936
1,0,968,7799,7,2,1073815159,1,0,0->1,1073815104,1936
1,0,968,7801,1,7,1073815161,0,1,1->0,1073815104,1936
1,0,968,7804,4,0,1073815164,1,0,0->1,1073815104,1936
1,0,968,7806,6,5,1073815166,0,1,1->0,1073815104,1936
1,0,968,7807,7,2,1073815167,1,0,0->1,1073815104,1936
1,0,976,7820,4,7,1073815180,0,1,1->0,1073815168,1952
1,0,976,7828,4,2,1073815188,1,0,0->1,1073815168,1952
1,0,976,7831,7,0,1073815191,1,0,0->1,1073815168,1952
1,0,976,7831,7,2,1073815191,1,0,0->1,1073815168,1952
1,0,976,7832,0,7,1073815192,0,1,1->0,1073815168,1952
1,0,976,7835,3,2,1073815195,1,0,0->1,1073815168,1952
1,0,976,7839,7,5,1073815199,0,1,1->0,1073815168,1952
1,0,976,7842,2,7,1073815202,0,1,1->0,1073815168,1952
1,0,976,7847,7,5,1073815207,0,1,1->0,1073815168,1952
1,0,976,7848,0,0,1073815208,1,0,0->1,1073815168,1952
1,0,976,7848,0,2,1073815208,1,0,0->1,1073815168,1952
1,0,976,7848,0,5,1073815208,0,1,1->0,1073815168,1952
1,0,976,7849,1,0,1073815209,1,0,0->1,1073815168,1952
1,0,976,7850,2,5,1073815210,0,1,1->0,1073815168,1952
1,0,976,7853,5,7,1073815213,0,1,1->0,1073815168,1952
1,0,976,7854,6,0,1073815214,1,0,0->1,1073815168,1952
1,0,976,7856,0,0,1073815216,1,0,0->1,1073815168,1952
1,0,976,7856,0,7,1073815216,0,1,1->0,1073815168,1952
1,0,976,7859,3,2,1073815219,1,0,0->1,1073815168,1952
1,0,976,7863,7,7,1073815223,0,1,1->0,1073815168,1952
1,0,976,7868,4,5,1073815228,0,1,1->0,1073815168,1952
1,0,984,7876,4,0,1073815236,1,0,0->1,1073815232,1968
1,0,984,7876,4,5,1073815236,0,1,1->0,1073815232,1968
1,0,984,7885,5,5,1073815245,0,1,1->0,1073815232,1968
1,0,984,7885,5,7,1073815245,0,1,1->0,1073815232,1968
1,0,984,7887,7,5,1073815247,0,1,1->0,1073815232,1968
1,0,984,7888,0,7,1073815248,0,1,1->0,1073815232,1968
1,0,984,7899,3,5,1073815259,0,1,1->0,1073815232,1968
1,0,984,7916,4,7,1073815276,0,1,1->0,1073815232,1968
1,0,984,7925,5,2,1073815285,1,0,0->1,1073815232,1968
1,0,984,7928,0,7,1073815288,0,1,1->0,1073815232,1968
1,0,984,7932,4,5,1073815292,0,1,1->0,1073815232,1968
1,0,992,7936,0,2,1073815296,1,0,0->1,1073815296,1984
1,0,992,7944,0,7,1073815304,0,1,1->0,1073815296,1984
1,0,992,7949,5,0,1073815309,1,0,0->1,1073815296,1984
1,0,992,7951,7,5,1073815311,0,1,1->0,1073815296,1984
1,0,992,7955,3,7,1073815315,0,1,1->0,1073815296,1984
1,0,992,7959,7,7,1073815319,0,1,1->0,1073815296,1984
1,0,992,7970,2,0,1073815330,1,0,0->1,1073815296,1984
1,0,992,7983,7,0,1073815343,1,0,0->1,1073815296,1984
1,0,992,7989,5,5,1073815349,0,1,1->0,1073815296,1984
1,0,992,7992,0,5,1073815352,0,1,1->0,1073815296,1984
1,0,992,7992,0,7,1073815352,0,1,1->0,1073815296,1984
1,0,992,7993,1,2,1073815353,1,0,0->1,1073815296,1984
1,0,992,7996,4,0,1073815356,1,0,0->1,1073815296,1984
1,0,1000,8000,0,7,1073815360,0,1,1->0,1073815360,2000
1,0,1000,8008,0,7,1073815368,0,1,1->0,1073815360,2000
1,0,1000,8013,5,2,1073815373,1,0,0->1,1073815360,2000
1,0,1000,8025,1,7,1073815385,0,1,1->0,1073815360,2000
1,0,1000,8030,6,7,1073815390,0,1,1->0,1073815360,2000
1,0,1000,8043,3,0,1073815403,1,0,0->1,1073815360,2000
1,0,1000,8046,6,5,1073815406,0,1,1->0,1073815360,2000
1,0,1008,8065,1,7,1073815425,0,1,1->0,1073815424,2016
1,0,1008,8069,5,5,1073815429,0,1,1->0,1073815424,2016
1,0,1008,8072,0,5,1073815432,0,1,1->0,1073815424,2016
1,0,1008,8073,1,5,1073815433,0,1,1->0,1073815424,2016
1,0,1008,8074,2,2,1073815434,1,0,0->1,1073815424,2016
1,0,1008,8075,3,5,1073815435,0,1,1->0,1073815424,2016
1,0,1008,8085,5,5,1073815445,0,1,1->0,1073815424,2016
1,0,1008,8085,5,7,1073815445,0,1,1->0,1073815424,2016
1,0,1008,8094,6,7,1073815454,0,1,1->0,1073815424,2016
1,0,1008,8095,7,2,1073815455,1,0,0->1,1073815424,2016
1,0,1008,8095,7,5,1073815455,0,1,1->0,1073815424,2016
1,0,1008,8096,0,2,1073815456,1,0,0->1,1073815424,2016
1,0,1008,8100,4,2,1073815460,1,0,0->1,1073815424,2016
1,0,1008,8106,2,2,1073815466,1,0,0->1,1073815424,2016
1,0,1008,8109,5,5,1073815469,0,1,1->0,1073815424,2016
1,0,1008,8110,6,5,1073815470,0,1,1->0,1073815424,2016
1,0,1008,8110,6,7,1073815470,0,1,1->0,1073815424,2016
1,0,1008,8112,0,2,1073815472,1,0,0->1,1073815424,2016
1,0,1008,8114,2,7,1073815474,0,1,1->0,1073815424,2016
1,0,1008,8125,5,7,1073815485,0,1,1->0,1073815424,2016
1,0,1016,8128,0,0,1073815488,1,0,0->1,1073815488,2032
1,0,1016,8128,0,2,1073815488,1,0,0->1,1073815488,2032
1,0,1016,8131,3,0,1073815491,1,0,0->1,1073815488,2032
1,0,1016,8137,1,7,1073815497,0,1,1->0,1073815488,2032
1,0,1016,8139,3,5,1073815499,0,1,1->0,1073815488,2032
1,0,1016,8144,0,5,1073815504,0,1,1->0,1073815488,2032
1,0,1016,8146,2,2,1073815506,1,0,0->1,1073815488,2032
1,0,1016,8148,4,7,1073815508,0,1,1->0,1073815488,2032
1,0,1016,8149,5,7,1073815509,0,1,1->0,1073815488,2032
1,0,1016,8162,2,0,1073815522,1,0,0->1,1073815488,2032
1,0,1016,8168,0,5,1073815528,0,1,1->0,1073815488,2032
1,0,1016,8168,0,7,1073815528,0,1,1->0,1073815488,2032
1,0,1016,8170,2,0,1073815530,1,0,0->1,1073815488,2032
1,0,1016,8179,3,5,1073815539,0,1,1->0,1073815488,2032
1,0,1016,8184,0,5,1073815544,0,1,1->0,1073815488,2032
3,0,0,4,4,0,1073938436,1,0,0->1,1073938432,0
3,0,0,5,5,7,1073938437,0,1,1->0,1073938432,0
3,0,0,18,2,2,1073938450,1,0,0->1,1073938432,0
3,0,0,23,7,7,1073938455,0,1,1->0,1073938432,0
3,0,0,29,5,5,1073938461,0,1,1->0,1073938432,0
3,0,0,30,6,7,1073938462,0,1,1->0,1073938432,0
3,0,0,33,1,0,1073938465,1,0,0->1,1073938432,0
3,0,0,33,1,7,1073938465,0,1,1->0,1073938432,0
3,0,0,36,4,7,1073938468,0,1,1->0,1073938432,0
3,0,0,39,7,7,1073938471,0,1,1->0,1073938432,0
3,0,0,47,7,7,1073938479,0,1,1->0,1073938432,0
3,0,0,48,0,7,1073938480,0,1,1->0,1073938432,0
3,0,0,55,7,5,1073938487,0,1,1->0,1073938432,0
3,0,0,56,0,7,1073938488,0,1,1->0,1073938432,0
3,0,0,57,1,0,1073938489,1,0,0->1,1073938432,0
3,0,8,68,4,7,1073938500,0,1,1->0,1073938496,16
3,0,8,69,5,5,1073938501,0,1,1->0,1073938496,16
3,0,8,69,5,7,1073938501,0,1,1->0,1073938496,16
3,0,8,81,1,7,1073938513,0,1,1->0,1073938496,16
3,0,8,83,3,5,1073938515,0,1,1->0,1073938496,16
3,0,8,86,6,7,1073938518,0,1,1->0,1073938496,16
3,0,8,99,3,5,1073938531,0,1,1->0,1073938496,16
3,0,8,100,4,0,1073938532,1,0,0->1,1073938496,16
3,0,8,103,7,7,1073938535,0,1,1->0,1073938496,16
3,0,8,105,1,0,1073938537,1,0,0->1,1073938496,16
3,0,8,105,1,5,1073938537,0,1,1->0,1073938496,16
3,0,8,113,1,0,1073938545,1,0,0->1,1073938496,16
3,0,8,119,7,0,1073938551,1,0,0->1,1073938496,16
3,0,8,120,0,0,1073938552,1,0,0->1,1073938496,16
3,0,8,120,0,7,1073938552,0,1,1->0,1073938496,16
3,0,16,131,3,0,1073938563,1,0,0->1,1073938560,32
3,0,16,137,1,7,1073938569,0,1,1->0,1073938560,32
3,0,16,141,5,0,1073938573,1,0,0->1,1073938560,32
3,0,16,150,6,0,1073938582,1,0,0->1,1073938560,32
3,0,16,154,2,5,1073938586,0,1,1->0,1073938560,32
3,0,16,155,3,0,1073938587,1,0,0->1,1073938560,32
3,0,16,157,5,0,1073938589,1,0,0->1,1073938560,32
3,0,16,159,7,5,1073938591,0,1,1->0,1073938560,32
3,0,16,161,1,7,1073938593,0,1,1->0,1073938560,32
3,0,16,164,4,2,1073938596,1,0,0->1,1073938560,32
3,0,16,165,5,5,1073938597,0,1,1->0,1073938560,32
3,0,16,178,2,5,1073938610,0,1,1->0,1073938560,32
3,0,16,181,5,5,1073938613,0,1,1->0,1073938560,32
3,0,16,182,6,0,1073938614,1,0,0->1,1073938560,32
3,0,16,188,4,7,1073938620,0,1,1->0,1073938560,32
3,0,16,191,7,7,1073938623,0,1,1->0,1073938560,32
3,0,24,196,4,2,1073938628,1,0,0->1,1073938624,48
3,0,24,203,3,0,1073938635,1,0,0->1,1073938624,48
3,0,24,211,3,2,1073938643,1,0,0->1,1073938624,48
3,0,24,211,3,7,1073938643,0,1,1->0,1073938624,48
3,0,24,213,5,7,1073938645,0,1,1->0,1073938624,48
3,0,24,223,7,7,1073938655,0,1,1->0,1073938624,48
3,0,24,229,5,0,1073938661,1,0,0->1,1073938624,48
3,0,24,231,7,0,1073938663,1,0,0->1,1073938624,48
3,0,24,237,5,5,1073938669,0,1,1->0,1073938624,48
3,0,24,238,6,5,1073938670,0,1,1->0,1073938624,48
3,0,24,244,4,0,1073938676,1,0,0->1,1073938624,48
3,0,24,247,7,2,1073938679,1,0,0->1,1073938624,48
3,0,24,249,1,7,1073938681,0,1,1->0,1073938624,48
3,0,32,276,4,7,1073938708,0,1,1->0,1073938688,64
3,0,32,281,1,7,1073938713,0,1,1->0,1073938688,64
3,0,32,285,5,0,1073938717,1,0,0->1,1073938688,64
3,0,32,285,5,7,1073938717,0,1,1->0,1073938688,64
3,0,32,287,7,7,1073938719,0,1,1->0,1073938688,64
3,0,32,288,0,5,1073938720,0,1,1->0,1073938688,64
3,0,32,292,4,5,1073938724,0,1,1->0,1073938688,64
3,0,32,293,5,0,1073938725,1,0,0->1,1073938688,64
3,0,32,293,5,2,1073938725,1,0,0->1,1073938688,64
3,0,32,294,6,0,1073938726,1,0,0->1,1073938688,64
3,0,32,294,6,5,1073938726,0,1,1->0,1073938688,64
3,0,32,301,5,2,1073938733,1,0,0->1,1073938688,64
3,0,32,303,7,5,1073938735,0,1,1->0,1073938688,64
3,0,32,304,0,7,1073938736,0,1,1->0,1073938688,64
3,0,32,307,3,2,1073938739,1,0,0->1,1073938688,64
3,0,32,313,1,5,1073938745,0,1,1->0,1073938688,64
3,0,40,320,0,5,1073938752,0,1,1->0,1073938752,80
3,0,40,329,1,5,1073938761,0,1,1->0,1073938752,80
3,0,40,347,3,0,1073938779,1,0,0->1,1073938752,80
3,0,40,349,5,5,1073938781,0,1,1->0,1073938752,80
3,0,40,350,6,2,1073938782,1,0,0->1,1073938752,80
3,0,40,352,0,7,1073938784,0,1,1->0,1073938752,80
3,0,40,353,1,0,1073938785,1,0,0->1,1073938752,80
3,0,40,361,1,7,1073938793,0,1,1->0,1073938752,80
3,0,40,364,4,2,1073938796,1,0,0->1,1073938752,80
3,0,40,366,6,0,1073938798,1,0,0->1,1073938752,80
3,0,40,371,3,7,1073938803,0,1,1->0,1073938752,80
3,0,40,374,6,2,1073938806,1,0,0->1,1073938752,80
3,0,40,380,4,7,1073938812,0,1,1->0,1073938752,80
3,0,40,381,5,2,1073938813,1,0,0->1,1073938752,80
3,0,40,381,5,7,1073938813,0,1,1->0,1073938752,80
3,0,48,392,0,5,1073938824,0,1,1->0,1073938816,96
3,0,48,393,1,0,1073938825,1,0,0->1,1073938816,96
3,0,48,408,0,7,1073938840,0,1,1->0,1073938816,96
3,0,48,415,7,5,1073938847,0,1,1->0,1073938816,96
3,0,48,422,6,5,1073938854,0,1,1->0,1073938816,96
3,0,48,441,1,0,1073938873,1,0,0->1,1073938816,96
3,0,48,442,2,5,1073938874,0,1,1->0,1073938816,96
3,0,48,446,6,2,1073938878,1,0,0->1,1073938816,96
3,0,56,457,1,0,1073938889,1,0,0->1,1073938880,112
3,0,56,462,6,0,1073938894,1,0,0->1,1073938880,112
3,0,56,464,0,7,1073938896,0,1,1->0,1073938880,112
3,0,56,465,1,2,1073938897,1,0,0->1,1073938880,112
3,0,56,468,4,7,1073938900,0,1,1->0,1073938880,112
3,0,56,470,6,5,1073938902,0,1,1->0,1073938880,112
3,0,56,474,2,5,1073938906,0,1,1->0,1073938880,112
3,0,56,483,3,0,1073938915,1,0,0->1,1073938880,112
3,0,56,483,3,2,1073938915,1,0,0->1,1073938880,112
3,0,56,493,5,2,1073938925,1,0,0->1,1073938880,112
3,0,56,494,6,5,1073938926,0,1,1->0,1073938880,112
3,0,56,496,0,5,1073938928,0,1,1->0,1073938880,112
3,0,56,502,6,5,1073938934,0,1,1->0,1073938880,112
3,0,56,505,1,2,1073938937,1,0,0->1,1073938880,112
3,0,64,520,0,5,1073938952,0,1,1->0,1073938944,128
3,0,64,521,1,2,1073938953,1,0,0->1,1073938944,128
3,0,64,526,6,7,1073938958,0,1,1->0,1073938944,128
3,0,64,527,7,2,1073938959,1,0,0->1,1073938944,128
3,0,64,533,5,5,1073938965,0,1,1->0,1073938944,128
3,0,64,537,1,0,1073938969,1,0,0->1,1073938944,128
3,0,64,539,3,7,1073938971,0,1,1->0,1073938944,128
3,0,64,540,4,7,1073938972,0,1,1->0,1073938944,128
3,0,64,541,5,5,1073938973,0,1,1->0,1073938944,128
3,0,64,553,1,2,1073938985,1,0,0->1,1073938944,128
3,0,64,556,4,7,1073938988,0,1,1->0,1073938944,128
3,0,64,560,0,0,1073938992,1,0,0->1,1073938944,128
3,0,64,565,5,2,1073938997,1,0,0->1,1073938944,128
3,0,64,567,7,5,1073938999,0,1,1->0,1073938944,128
3,0,64,574,6,5,1073939006,0,1,1->0,1073938944,128
3,0,72,580,4,7,1073939012,0,1,1->0,1073939008,144
3,0,72,582,6,5,1073939014,0,1,1->0,1073939008,144
3,0,72,583,7,5,1073939015,0,1,1->0,1073939008,144
3,0,72,591,7,5,1073939023,0,1,1->0,1073939008,144
3,0,72,596,4,5,1073939028,0,1,1->0,1073939008,144
3,0,72,597,5,2,1073939029,1,0,0->1,1073939008,144
3,0,72,606,6,0,1073939038,1,0,0->1,1073939008,144
3,0,72,609,1,2,1073939041,1,0,0->1,1073939008,144
3,0,72,610,2,7,1073939042,0,1,1->0,1073939008,144
3,0,72,613,5,5,1073939045,0,1,1->0,1073939008,144
3,0,72,614,6,5,1073939046,0,1,1->0,1073939008,144
3,0,72,621,5,0,1073939053,1,0,0->1,1073939008,144
3,0,72,624,0,5,1073939056,0,1,1->0,1073939008,144
3,0,72,628,4,0,1073939060,1,0,0->1,1073939008,144
3,0,72,635,3,5,1073939067,0,1,1->0,1073939008,144
3,0,72,638,6,7,1073939070,0,1,1->0,1073939008,144
3,0,72,639,7,5,1073939071,0,1,1->0,1073939008,144
3,0,72,639,7,7,1073939071,0,1,1->0,1073939008,144
3,0,80,646,6,0,1073939078,1,0,0->1,1073939072,160
3,0,80,647,7,0,1073939079,1,0,0->1,1073939072,160
3,0,80,649,1,0,1073939081,1,0,0->1,1073939072,160
3,0,80,651,3,5,1073939083,0,1,1->0,1073939072,160
3,0,80,654,6,5,1073939086,0,1,1->0,1073939072,160
3,0,80,660,4,7,1073939092,0,1,1->0,1073939072,160
3,0,80,670,6,7,1073939102,0,1,1->0,1073939072,160
3,0,80,678,6,0,1073939110,1,0,0->1,1073939072,160
3,0,80,678,6,5,1073939110,0,1,1->0,1073939072,160
3,0,80,685,5,7,1073939117,0,1,1->0,1073939072,160
3,0,80,687,7,2,1073939119,1,0,0->1,1073939072,160
3,0,80,687,7,7,1073939119,0,1,1->0,1073939072,160
3,0,80,688,0,7,1073939120,0,1,1->0,1073939072,160
3,0,80,691,3,5,1073939123,0,1,1->0,1073939072,160
3,0,80,703,7,1,1073939135,0,1,1->0,1073939072,160
3,0,88,704,0,5,1073939136,0,1,1->0,1073939136,176
3,0,88,708,4,7,1073939140,0,1,1->0,1073939136,176
3,0,88,710,6,2,1073939142,1,0,0->1,1073939136,176
3,0,88,711,7,2,1073939143,1,0,0->1,1073939136,176
3,0,88,711,7,5,1073939143,0,1,1->0,1073939136,176
3,0,88,730,2,7,1073939162,0,1,1->0,1073939136,176
3,0,88,750,6,0,1073939182,1,0,0->1,1073939136,176
3,0,88,750,6,5,1073939182,0,1,1->0,1073939136,176
3,0,88,754,2,0,1073939186,1,0,0->1,1073939136,176
3,0,88,758,6,7,1073939190,0,1,1->0,1073939136,176
3,0,88,759,7,5,1073939191,0,1,1->0,1073939136,176
3,0,88,763,3,7,1073939195,0,1,1->0,1073939136,176
3,0,88,764,4,2,1073939196,1,0,0->1,1073939136,176
3,0,96,769,1,7,1073939201,0,1,1->0,1073939200,192
3,0,96,775,7,0,1073939207,1,0,0->1,1073939200,192
3,0,96,781,5,7,1073939213,0,1,1->0,1073939200,192
3,0,96,785,1,0,1073939217,1,0,0->1,1073939200,192
3,0,96,787,3,0,1073939219,1,0,0->1,1073939200,192
3,0,96,792,0,7,1073939224,0,1,1->0,1073939200,192
3,0,96,793,1,7,1073939225,0,1,1->0,1073939200,192
3,0,96,798,6,5,1073939230,0,1,1->0,1073939200,192
3,0,96,806,6,5,1073939238,0,1,1->0,1073939200,192
3,0,96,814,6,7,1073939246,0,1,1->0,1073939200,192
3,0,96,815,7,7,1073939247,0,1,1->0,1073939200,192
3,0,96,818,2,5,1073939250,0,1,1->0,1073939200,192
3,0,96,819,3,2,1073939251,1,0,0->1,1073939200,192
3,0,96,826,2,7,1073939258,0,1,1->0,1073939200,192
3,0,104,832,0,7,1073939264,0,1,1->0,1073939264,208
3,0,104,841,1,0,1073939273,1,0,0->1,1073939264,208
3,0,104,843,3,0,1073939275,1,0,0->1,1073939264,208
3,0,104,852,4,5,1073939284,0,1,1->0,1073939264,208
3,0,104,854,6,0,1073939286,1,0,0->1,1073939264,208
3,0,104,857,1,0,1073939289,1,0,0->1,1073939264,208
3,0,104,859,3,2,1073939291,1,0,0->1,1073939264,208
3,0,104,865,1,0,1073939297,1,0,0->1,1073939264,208
3,0,104,866,2,2,1073939298,1,0,0->1,1073939264,208
3,0,104,873,1,0,1073939305,1,0,0->1,1073939264,208
3,0,104,877,5,5,1073939309,0,1,1->0,1073939264,208
3,0,104,879,7,7,1073939311,0,1,1->0,1073939264,208
3,0,104,880,0,5,1073939312,0,1,1->0,1073939264,208
3,0,104,886,6,2,1073939318,1,0,0->1,1073939264,208
3,0,104,894,6,5,1073939326,0,1,1->0,1073939264,208
3,0,112,912,0,2,1073939344,1,0,0->1,1073939328,224
3,0,112,923,3,2,1073939355,1,0,0->1,1073939328,224
3,0,112,938,2,0,1073939370,1,0,0->1,1073939328,224
3,0,112,951,7,5,1073939383,0,1,1->0,1073939328,224
3,0,112,952,0,5,1073939384,0,1,1->0,1073939328,224
3,0,112,955,3,0,1073939387,1,0,0->1,1073939328,224
3,0,112,956,4,7,1073939388,0,1,1->0,1073939328,224
3,0,112,959,7,2,1073939391,1,0,0->1,1073939328,224
3,0,120,960,0,5,1073939392,0,1,1->0,1073939392,240
3,0,120,965,5,2,1073939397,1,0,0->1,1073939392,240
3,0,120,968,0,0,1073939400,1,0,0->1,1073939392,240
3,0,120,977,1,5,1073939409,0,1,1->0,1073939392,240
3,0,120,977,1,7,1073939409,0,1,1->0,1073939392,240
3,0,120,978,2,5,1073939410,0,1,1->0,1073939392,240
3,0,120,988,4,5,1073939420,0,1,1->0,1073939392,240
3,0,120,991,7,0,1073939423,1,0,0->1,1073939392,240
3,0,120,1003,3,0,1073939435,1,0,0->1,1073939392,240
3,0,120,1009,1,5,1073939441,0,1,1->0,1073939392,240
3,0,120,1012,4,0,1073939444,1,0,0->1,1073939392,240
3,0,120,1015,7,7,1073939447,0,1,1->0,1073939392,240
3,0,120,1021,5,5,1073939453,0,1,1->0,1073939392,240
3,0,120,1022,6,2,1073939454,1,0,0->1,1073939392,240
3,0,128,1024,0,2,1073939456,1,0,0->1,1073939456,256
3,0,128,1038,6,5,1073939470,0,1,1->0,1073939456,256
3,0,128,1047,7,2,1073939479,1,0,0->1,1073939456,256
3,0,128,1048,0,0,1073939480,1,0,0->1,1073939456,256
3,0,128,1048,0,7,1073939480,0,1,1->0,1073939456,256
3,0,128,1051,3,0,1073939483,1,0,0->1,1073939456,256
3,0,128,1058,2,0,1073939490,1,0,0->1,1073939456,256
3,0,128,1061,5,2,1073939493,1,0,0->1,1073939456,256
3,0,128,1063,7,5,1073939495,0,1,1->0,1073939456,256
3,0,128,1075,3,7,1073939507,0,1,1->0,1073939456,256
3,0,128,1077,5,5,1073939509,0,1,1->0,1073939456,256
3,0,128,1080,0,5,1073939512,0,1,1->0,1073939456,256
3,0,128,1081,1,0,1073939513,1,0,0->1,1073939456,256
3,0,128,1082,2,7,1073939514,0,1,1->0,1073939456,256
3,0,128,1085,5,0,1073939517,1,0,0->1,1073939456,256
3,0,136,1088,0,7,1073939520,0,1,1->0,1073939520,272
3,0,136,1091,3,2,1073939523,1,0,0->1,1073939520,272
3,0,136,1094,6,0,1073939526,1,0,0->1,1073939520,272
3,0,136,1107,3,0,1073939539,1,0,0->1,1073939520,272
3,0,136,1110,6,0,1073939542,1,0,0->1,1073939520,272
3,0,136,1113,1,2,1073939545,1,0,0->1,1073939520,272
3,0,136,1115,3,7,1073939547,0,1,1->0,1073939520,272
3,0,136,1116,4,5,1073939548,0,1,1->0,1073939520,272
3,0,136,1122,2,5,1073939554,0,1,1->0,1073939520,272
3,0,136,1123,3,0,1073939555,1,0,0->1,1073939520,272
3,0,136,1123,3,7,1073939555,0,1,1->0,1073939520,272
3,0,136,1127,7,7,1073939559,0,1,1->0,1073939520,272
3,0,136,1128,0,7,1073939560,0,1,1->0,1073939520,272
3,0,136,1134,6,0,1073939566,1,0,0->1,1073939520,272
3,0,136,1136,0,5,1073939568,0,1,1->0,1073939520,272
3,0,136,1139,3,7,1073939571,0,1,1->0,1073939520,272
3,0,136,1142,6,7,1073939574,0,1,1->0,1073939520,272
3,0,136,1145,1,2,1073939577,1,0,0->1,1073939520,272
3,0,136,1148,4,2,1073939580,1,0,0->1,1073939520,272
3,0,136,1148,4,5,1073939580,0,1,1->0,1073939520,272
3,0,144,1162,2,7,1073939594,0,1,1->0,1073939584,288
3,0,144,1165,5,7,1073939597,0,1,1->0,1073939584,288
3,0,144,1169,1,7,1073939601,0,1,1->0,1073939584,288
3,0,144,1170,2,5,1073939602,0,1,1->0,1073939584,288
3,0,144,1172,4,5,1073939604,0,1,1->0,1073939584,288
3,0,144,1179,3,7,1073939611,0,1,1->0,1073939584,288
3,0,144,1183,7,5,1073939615,0,1,1->0,1073939584,288
3,0,144,1188,4,5,1073939620,0,1,1->0,1073939584,288
3,0,144,1203,3,7,1073939635,0,1,1->0,1073939584,288
3,0,144,1207,7,0,1073939639,1,0,0->1,1073939584,288
3,0,152,1216,0,7,1073939648,0,1,1->0,1073939648,304
3,0,152,1224,0,0,1073939656,1,0,0->1,1073939648,304
3,0,152,1225,1,0,1073939657,1,0,0->1,1073939648,304
3,0,152,1230,6,5,1073939662,0,1,1->0,1073939648,304
3,0,152,1230,6,7,1073939662,0,1,1->0,1073939648,304
3,0,152,1241,1,7,1073939673,0,1,1->0,1073939648,304
3,0,152,1247,7,7,1073939679,0,1,1->0,1073939648,304
3,0,152,1257,1,7,1073939689,0,1,1->0,1073939648,304
3,0,152,1259,3,7,1073939691,0,1,1->0,1073939648,304
3,0,152,1261,5,5,1073939693,0,1,1->0,1073939648,304
3,0,152,1264,0,5,1073939696,0,1,1->0,1073939648,304
3,0,152,1267,3,7,1073939699,0,1,1->0,1073939648,304
3,0,152,1268,4,7,1073939700,0,1,1->0,1073939648,304
3,0,152,1270,6,0,1073939702,1,0,0->1,1073939648,304
3,0,152,1274,2,5,1073939706,0,1,1->0,1073939648,304
3,0,152,1276,4,0,1073939708,1,0,0->1,1073939648,304
3,0,152,1276,4,7,1073939708,0,1,1->0,1073939648,304
3,0,152,1277,5,0,1073939709,1,0,0->1,1073939648,304
3,0,152,1278,6,5,1073939710,0,1,1->0,1073939648,304
3,0,160,1282,2,7,1073939714,0,1,1->0,1073939712,320
3,0,160,1284,4,7,1073939716,0,1,1->0,1073939712,320
3,0,160,1295,7,7,1073939727,0,1,1->0,1073939712,320
3,0,160,1302,6,0,1073939734,1,0,0->1,1073939712,320
3,0,160,1307,3,7,1073939739,0,1,1->0,1073939712,320
3,0,160,1309,5,2,1073939741,1,0,0->1,1073939712,320
3,0,160,1311,7,5,1073939743,0,1,1->0,1073939712,320
3,0,160,1327,7,2,1073939759,1,0,0->1,1073939712,320
3,0,160,1328,0,7,1073939760,0,1,1->0,1073939712,320
3,0,160,1332,4,0,1073939764,1,0,0->1,1073939712,320
3,0,160,1340,4,7,1073939772,0,1,1->0,1073939712,320
3,0,160,1342,6,7,1073939774,0,1,1->0,1073939712,320
3,0,160,1343,7,7,1073939775,0,1,1->0,1073939712,320
3,0,168,1346,2,5,1073939778,0,1,1->0,1073939776,336
3,0,168,1348,4,0,1073939780,1,0,0->1,1073939776,336
3,0,168,1348,4,2,1073939780,1,0,0->1,1073939776,336
3,0,168,1365,5,5,1073939797,0,1,1->0,1073939776,336
3,0,168,1368,0,7,1073939800,0,1,1->0,1073939776,336
3,0,168,1376,0,2,1073939808,1,0,0->1,1073939776,336
3,0,168,1393,1,5,1073939825,0,1,1->0,1073939776,336
3,0,168,1396,4,2,1073939828,1,0,0->1,1073939776,336
3,0,168,1396,4,7,1073939828,0,1,1->0,1073939776,336
3,0,168,1400,0,5,1073939832,0,1,1->0,1073939776,336
3,0,168,1403,3,7,1073939835,0,1,1->0,1073939776,336
3,0,176,1411,3,0,1073939843,1,0,0->1,1073939840,352
3,0,176,1417,1,5,1073939849,0,1,1->0,1073939840,352
3,0,176,1423,7,7,1073939855,0,1,1->0,1073939840,352
3,0,176,1432,0,5,1073939864,0,1,1->0,1073939840,352
3,0,176,1432,0,7,1073939864,0,1,1->0,1073939840,352
3,0,176,1433,1,5,1073939865,0,1,1->0,1073939840,352
3,0,176,1437,5,0,1073939869,1,0,0->1,1073939840,352
3,0,176,1441,1,0,1073939873,1,0,0->1,1073939840,352
3,0,176,1441,1,7,1073939873,0,1,1->0,1073939840,352
3,0,176,1442,2,0,1073939874,1,0,0->1,1073939840,352
3,0,176,1447,7,5,1073939879,0,1,1->0,1073939840,352
3,0,176,1450,2,0,1073939882,1,0,0->1,1073939840,352
3,0,176,1458,2,5,1073939890,0,1,1->0,1073939840,352
3,0,176,1458,2,7,1073939890,0,1,1->0,1073939840,352
3,0,176,1463,7,0,1073939895,1,0,0->1,1073939840,352
3,0,176,1463,7,7,1073939895,0,1,1->0,1073939840,352
3,0,176,1465,1,0,1073939897,1,0,0->1,1073939840,352
3,0,184,1473,1,7,1073939905,0,1,1->0,1073939904,368
3,0,184,1474,2,5,1073939906,0,1,1->0,1073939904,368
3,0,184,1481,1,2,1073939913,1,0,0->1,1073939904,368
3,0,184,1483,3,5,1073939915,0,1,1->0,1073939904,368
3,0,184,1501,5,5,1073939933,0,1,1->0,1073939904,368
3,0,184,1505,1,5,1073939937,0,1,1->0,1073939904,368
3,0,184,1505,1,7,1073939937,0,1,1->0,1073939904,368
3,0,184,1511,7,5,1073939943,0,1,1->0,1073939904,368
3,0,184,1511,7,7,1073939943,0,1,1->0,1073939904,368
3,0,184,1515,3,7,1073939947,0,1,1->0,1073939904,368
3,0,184,1517,5,7,1073939949,0,1,1->0,1073939904,368
3,0,184,1518,6,7,1073939950,0,1,1->0,1073939904,368
3,0,184,1522,2,0,1073939954,1,0,0->1,1073939904,368
3,0,184,1527,7,0,1073939959,1,0,0->1,1073939904,368
3,0,184,1528,0,0,1073939960,1,0,0->1,1073939904,368
3,0,192,1547,3,7,1073939979,0,1,1->0,1073939968,384
3,0,192,1549,5,0,1073939981,1,0,0->1,1073939968,384
3,0,192,1549,5,5,1073939981,0,1,1->0,1073939968,384
3,0,192,1556,4,2,1073939988,1,0,0->1,1073939968,384
3,0,192,1559,7,7,1073939991,0,1,1->0,1073939968,384
3,0,192,1561,1,5,1073939993,0,1,1->0,1073939968,384
3,0,192,1573,5,7,1073940005,0,1,1->0,1073939968,384
3,0,192,1576,0,5,1073940008,0,1,1->0,1073939968,384
3,0,192,1577,1,5,1073940009,0,1,1->0,1073939968,384
3,0,192,1585,1,2,1073940017,1,0,0->1,1073939968,384
3,0,192,1591,7,2,1073940023,1,0,0->1,1073939968,384
3,0,192,1592,0,7,1073940024,0,1,1->0,1073939968,384
3,0,192,1594,2,5,1073940026,0,1,1->0,1073939968,384
3,0,192,1596,4,5,1073940028,0,1,1->0,1073939968,384
3,0,192,1597,5,0,1073940029,1,0,0->1,1073939968,384
3,0,192,1597,5,2,1073940029,1,0,0->1,1073939968,384
3,0,200,1618,2,2,1073940050,1,0,0->1,1073940032,400
3,0,200,1620,4,0,1073940052,1,0,0->1,1073940032,400
3,0,200,1623,7,7,1073940055,0,1,1->0,1073940032,400
3,0,200,1624,0,7,1073940056,0,1,1->0,1073940032,400
3,0,200,1644,4,2,1073940076,1,0,0->1,1073940032,400
3,0,200,1645,5,7,1073940077,0,1,1->0,1073940032,400
3,0,200,1647,7,0,1073940079,1,0,0->1,1073940032,400
3,0,200,1657,1,0,1073940089,1,0,0->1,1073940032,400
3,0,200,1658,2,5,1073940090,0,1,1->0,1073940032,400
3,0,200,1663,7,0,1073940095,1,0,0->1,1073940032,400
3,0,200,1663,7,2,1073940095,1,0,0->1,1073940032,400
3,0,208,1664,0,7,1073940096,0,1,1->0,1073940096,416
3,0,208,1667,3,5,1073940099,0,1,1->0,1073940096,416
3,0,208,1669,5,2,1073940101,1,0,0->1,1073940096,416
3,0,208,1682,2,2,1073940114,1,0,0->1,1073940096,416
3,0,208,1685,5,5,1073940117,0,1,1->0,1073940096,416
3,0,208,1691,3,0,1073940123,1,0,0->1,1073940096,416
3,0,208,1692,4,7,1073940124,0,1,1->0,1073940096,416
3,0,208,1696,0,0,1073940128,1,0,0->1,1073940096,416
3,0,208,1714,2,5,1073940146,0,1,1->0,1073940096,416
3,0,208,1716,4,2,1073940148,1,0,0->1,1073940096,416
3,0,208,1716,4,7,1073940148,0,1,1->0,1073940096,416
3,0,208,1718,6,5,1073940150,0,1,1->0,1073940096,416
3,0,216,1734,6,0,1073940166,1,0,0->1,1073940160,432
3,0,216,1752,0,5,1073940184,0,1,1->0,1073940160,432
3,0,216,1754,2,5,1073940186,0,1,1->0,1073940160,432
3,0,216,1755,3,7,1073940187,0,1,1->0,1073940160,432
3,0,216,1763,3,0,1073940195,1,0,0->1,1073940160,432
3,0,216,1764,4,5,1073940196,0,1,1->0,1073940160,432
3,0,216,1765,5,7,1073940197,0,1,1->0,1073940160,432
3,0,216,1775,7,5,1073940207,0,1,1->0,1073940160,432
3,0,216,1778,2,5,1073940210,0,1,1->0,1073940160,432
3,0,216,1787,3,0,1073940219,1,0,0->1,1073940160,432
3,0,224,1792,0,7,1073940224,0,1,1->0,1073940224,448
3,0,224,1798,6,7,1073940230,0,1,1->0,1073940224,448
3,0,224,1801,1,2,1073940233,1,0,0->1,1073940224,448
3,0,224,1805,5,7,1073940237,0,1,1->0,1073940224,448
3,0,224,1817,1,7,1073940249,0,1,1->0,1073940224,448
3,0,224,1819,3,7,1073940251,0,1,1->0,1073940224,448
3,0,224,1835,3,0,1073940267,1,0,0->1,1073940224,448
3,0,224,1838,6,7,1073940270,0,1,1->0,1073940224,448
3,0,224,1839,7,7,1073940271,0,1,1->0,1073940224,448
3,0,224,1845,5,2,1073940277,1,0,0->1,1073940224,448
3,0,224,1850,2,2,1073940282,1,0,0->1,1073940224,448
3,0,224,1850,2,7,1073940282,0,1,1->0,1073940224,448
3,0,232,1856,0,2,1073940288,1,0,0->1,1073940288,464
3,0,232,1862,6,5,1073940294,0,1,1->0,1073940288,464
3,0,232,1863,7,7,1073940295,0,1,1->0,1073940288,464
3,0,232,1864,0,5,1073940296,0,1,1->0,1073940288,464
3,0,232,1871,7,0,1073940303,1,0,0->1,1073940288,464
3,0,232,1872,0,0,1073940304,1,0,0->1,1073940288,464
3,0,232,1872,0,7,1073940304,0,1,1->0,1073940288,464
3,0,232,1875,3,7,1073940307,0,1,1->0,1073940288,464
3,0,232,1876,4,2,1073940308,1,0,0->1,1073940288,464
3,0,232,1881,1,7,1073940313,0,1,1->0,1073940288,464
3,0,232,1883,3,7,1073940315,0,1,1->0,1073940288,464
3,0,232,1885,5,7,1073940317,0,1,1->0,1073940288,464
3,0,232,1898,2,5,1073940330,0,1,1->0,1073940288,464
3,0,232,1902,6,2,1073940334,1,0,0->1,1073940288,464
3,0,232,1918,6,5,1073940350,0,1,1->0,1073940288,464
3,0,240,1920,0,5,1073940352,0,1,1->0,1073940352,480
3,0,240,1922,2,0,1073940354,1,0,0->1,1073940352,480
3,0,240,1923,3,7,1073940355,0,1,1->0,1073940352,480
3,0,240,1924,4,0,1073940356,1,0,0->1,1073940352,480
3,0,240,1928,0,2,1073940360,1,0,0->1,1073940352,480
3,0,240,1934,6,7,1073940366,0,1,1->0,1073940352,480
3,0,240,1935,7,2,1073940367,1,0,0->1,1073940352,480
3,0,240,1936,0,2,1073940368,1,0,0->1,1073940352,480
3,0,240,1936,0,7,1073940368,0,1,1->0,1073940352,480
3,0,240,1957,5,7,1073940389,0,1,1->0,1073940352,480
3,0,240,1962,2,7,1073940394,0,1,1->0,1073940352,480
3,0,240,1965,5,7,1073940397,0,1,1->0,1073940352,480
3,0,240,1975,7,0,1073940407,1,0,0->1,1073940352,480
3,0,240,1975,7,7,1073940407,0,1,1->0,1073940352,480
3,0,240,1978,2,7,1073940410,0,1,1->0,1073940352,480
3,0,240,1979,3,5,1073940411,0,1,1->0,1073940352,480
3,0,240,1980,4,7,1073940412,0,1,1->0,1073940352,480
3,0,248,1988,4,7,1073940420,0,1,1->0,1073940416,496
3,0,248,1989,5,5,1073940421,0,1,1->0,1073940416,496
3,0,248,1991,7,7,1073940423,0,1,1->0,1073940416,496
3,0,248,2001,1,7,1073940433,0,1,1->0,1073940416,496
3,0,248,2003,3,7,1073940435,0,1,1->0,1073940416,496
3,0,248,2004,4,0,1073940436,1,0,0->1,1073940416,496
3,0,248,2007,7,0,1073940439,1,0,0->1,1073940416,496
3,0,248,2012,4,2,1073940444,1,0,0->1,1073940416,496
3,0,248,2024,0,5,1073940456,0,1,1->0,1073940416,496
3,0,248,2027,3,0,1073940459,1,0,0->1,1073940416,496
3,0,248,2036,4,2,1073940468,1,0,0->1,1073940416,496
3,0,248,2036,4,5,1073940468,0,1,1->0,1073940416,496
3,0,248,2040,0,5,1073940472,0,1,1->0,1073940416,496
3,0,248,2041,1,2,1073940473,1,0,0->1,1073940416,496
3,0,256,2048,0,0,1073940480,1,0,0->1,1073940480,512
3,0,256,2048,0,5,1073940480,0,1,1->0,1073940480,512
3,0,256,2055,7,5,1073940487,0,1,1->0,1073940480,512
3,0,256,2059,3,2,1073940491,1,0,0->1,1073940480,512
3,0,256,2061,5,7,1073940493,0,1,1->0,1073940480,512
3,0,256,2065,1,5,1073940497,0,1,1->0,1073940480,512
3,0,256,2070,6,7,1073940502,0,1,1->0,1073940480,512
3,0,256,2075,3,5,1073940507,0,1,1->0,1073940480,512
3,0,256,2077,5,2,1073940509,1,0,0->1,1073940480,512
3,0,256,2082,2,5,1073940514,0,1,1->0,1073940480,512
3,0,256,2084,4,0,1073940516,1,0,0->1,1073940480,512
3,0,256,2090,2,0,1073940522,1,0,0->1,1073940480,512
3,0,256,2091,3,2,1073940523,1,0,0->1,1073940480,512
3,0,256,2091,3,7,1073940523,0,1,1->0,1073940480,512
3,0,256,2095,7,5,1073940527,0,1,1->0,1073940480,512
3,0,256,2097,1,5,1073940529,0,1,1->0,1073940480,512
3,0,256,2098,2,0,1073940530,1,0,0->1,1073940480,512
3,0,256,2098,2,5,1073940530,0,1,1->0,1073940480,512
3,0,256,2103,7,7,1073940535,0,1,1->0,1073940480,512
3,0,256,2111,7,2,1073940543,1,0,0->1,1073940480,512
3,0,264,2113,1,0,1073940545,1,0,0->1,1073940544,528
3,0,264,2114,2,7,1073940546,0,1,1->0,1073940544,528
3,0,264,2121,1,7,1073940553,0,1,1->0,1073940544,528
3,0,264,2123,3,0,1073940555,1,0,0->1,1073940544,528
3,0,264,2127,7,7,1073940559,0,1,1->0,1073940544,528
3,0,264,2132,4,0,1073940564,1,0,0->1,1073940544,528
3,0,264,2133,5,5,1073940565,0,1,1->0,1073940544,528
3,0,264,2133,5,7,1073940565,0,1,1->0,1073940544,528
3,0,264,2137,1,5,1073940569,0,1,1->0,1073940544,528
3,0,264,2140,4,0,1073940572,1,0,0->1,1073940544,528
3,0,264,2143,7,5,1073940575,0,1,1->0,1073940544,528
3,0,264,2144,0,7,1073940576,0,1,1->0,1073940544,528
3,0,264,2145,1,0,1073940577,1,0,0->1,1073940544,528
3,0,264,2146,2,5,1073940578,0,1,1->0,1073940544,528
3,0,264,2151,7,2,1073940583,1,0,0->1,1073940544,528
3,0,264,2153,1,5,1073940585,0,1,1->0,1073940544,528
3,0,264,2158,6,5,1073940590,0,1,1->0,1073940544,528
3,0,264,2161,1,2,1073940593,1,0,0->1,1073940544,528
3,0,264,2162,2,0,1073940594,1,0,0->1,1073940544,528
3,0,264,2165,5,0,1073940597,1,0,0->1,1073940544,528
3,0,264,2166,6,0,1073940598,1,0,0->1,1073940544,528
3,0,264,2168,0,7,1073940600,0,1,1->0,1073940544,528
3,0,264,2173,5,7,1073940605,0,1,1->0,1073940544,528
3,0,264,2174,6,5,1073940606,0,1,1->0,1073940544,528
3,0,272,2177,1,2,1073940609,1,0,0->1,1073940608,544
3,0,272,2184,0,5,1073940616,0,1,1->0,1073940608,544
3,0,272,2186,2,5,1073940618,0,1,1->0,1073940608,544
3,0,272,2196,4,7,1073940628,0,1,1->0,1073940608,544
3,0,272,2197,5,5,1073940629,0,1,1->0,1073940608,544
3,0,272,2209,1,0,1073940641,1,0,0->1,1073940608,544
3,0,272,2212,4,5,1073940644,0,1,1->0,1073940608,544
3,0,272,2213,5,2,1073940645,1,0,0->1,1073940608,544
3,0,272,2217,1,0,1073940649,1,0,0->1,1073940608,544
3,0,272,2230,6,0,1073940662,1,0,0->1,1073940608,544
3,0,272,2230,6,7,1073940662,0,1,1->0,1073940608,544
3,0,272,2235,3,2,1073940667,1,0,0->1,1073940608,544
3,0,272,2239,7,5,1073940671,0,1,1->0,1073940608,544
3,0,280,2248,0,7,1073940680,0,1,1->0,1073940672,560
3,0,280,2249,1,0,1073940681,1,0,0->1,1073940672,560
3,0,280,2256,0,5,1073940688,0,1,1->0,1073940672,560
3,0,280,2260,4,0,1073940692,1,0,0->1,1073940672,560
3,0,280,2262,6,7,1073940694,0,1,1->0,1073940672,560
3,0,280,2267,3,7,1073940699,0,1,1->0,1073940672,560
3,0,280,2268,4,5,1073940700,0,1,1->0,1073940672,560
3,0,280,2271,7,5,1073940703,0,1,1->0,1073940672,560
3,0,280,2274,2,7,1073940706,0,1,1->0,1073940672,560
3,0,280,2283,3,5,1073940715,0,1,1->0,1073940672,560
3,0,288,2304,0,0,1073940736,1,0,0->1,1073940736,576
3,0,288,2304,0,7,1073940736,0,1,1->0,1073940736,576
3,0,288,2305,1,0,1073940737,1,0,0->1,1073940736,576
3,0,288,2320,0,2,1073940752,1,0,0->1,1073940736,576
3,0,288,2323,3,2,1073940755,1,0,0->1,1073940736,576
3,0,288,2327,7,2,1073940759,1,0,0->1,1073940736,576
3,0,288,2328,0,0,1073940760,1,0,0->1,1073940736,576
3,0,288,2339,3,5,1073940771,0,1,1->0,1073940736,576
3,0,288,2342,6,0,1073940774,1,0,0->1,1073940736,576
3,0,288,2350,6,7,1073940782,0,1,1->0,1073940736,576
3,0,288,2356,4,5,1073940788,0,1,1->0,1073940736,576
3,0,288,2357,5,5,1073940789,0,1,1->0,1073940736,576
3,0,288,2363,3,7,1073940795,0,1,1->0,1073940736,576
3,0,288,2364,4,2,1073940796,1,0,0->1,1073940736,576
3,0,288,2365,5,7,1073940797,0,1,1->0,1073940736,576
3,0,288,2367,7,5,1073940799,0,1,1->0,1073940736,576
3,0,296,2368,0,0,1073940800,1,0,0->1,1073940800,592
3,0,296,2369,1,0,1073940801,1,0,0->1,1073940800,592
3,0,296,2373,5,5,1073940805,0,1,1->0,1073940800,592
3,0,296,2374,6,0,1073940806,1,0,0->1,1073940800,592
3,0,296,2379,3,7,1073940811,0,1,1->0,1073940800,592
3,0,296,2388,4,7,1073940820,0,1,1->0,1073940800,592
3,0,296,2390,6,2,1073940822,1,0,0->1,1073940800,592
3,0,296,2399,7,5,1073940831,0,1,1->0,1073940800,592
3,0,296,2402,2,7,1073940834,0,1,1->0,1073940800,592
3,0,296,2404,4,7,1073940836,0,1,1->0,1073940800,592
3,0,296,2407,7,0,1073940839,1,0,0->1,1073940800,592
3,0,296,2407,7,7,1073940839,0,1,1->0,1073940800,592
3,0,296,2422,6,0,1073940854,1,0,0->1,1073940800,592
3,0,296,2428,4,0,1073940860,1,0,0->1,1073940800,592
3,0,296,2429,5,2,1073940861,1,0,0->1,1073940800,592
3,0,296,2430,6,7,1073940862,0,1,1->0,1073940800,592
3,0,296,2431,7,5,1073940863,0,1,1->0,1073940800,592
3,0,304,2436,4,7,1073940868,0,1,1->0,1073940864,608
3,0,304,2437,5,5,1073940869,0,1,1->0,1073940864,608
3,0,304,2438,6,7,1073940870,0,1,1->0,1073940864,608
3,0,304,2441,1,0,1073940873,1,0,0->1,1073940864,608
3,0,304,2441,1,5,1073940873,0,1,1->0,1073940864,608
3,0,304,2444,4,5,1073940876,0,1,1->0,1073940864,608
3,0,304,2449,1,2,1073940881,1,0,0->1,1073940864,608
3,0,304,2452,4,7,1073940884,0,1,1->0,1073940864,608
3,0,304,2453,5,7,1073940885,0,1,1->0,1073940864,608
3,0,304,2458,2,5,1073940890,0,1,1->0,1073940864,608
3,0,304,2461,5,2,1073940893,1,0,0->1,1073940864,608
3,0,304,2463,7,2,1073940895,1,0,0->1,1073940864,608
3,0,304,2468,4,7,1073940900,0,1,1->0,1073940864,608
3,0,304,2477,5,2,1073940909,1,0,0->1,1073940864,608
3,0,304,2478,6,0,1073940910,1,0,0->1,1073940864,608
3,0,304,2490,2,0,1073940922,1,0,0->1,1073940864,608
3,0,304,2492,4,0,1073940924,1,0,0->1,1073940864,608
3,0,304,2495,7,5,1073940927,0,1,1->0,1073940864,608
3,0,312,2496,0,0,1073940928,1,0,0->1,1073940928,624
3,0,312,2497,1,7,1073940929,0,1,1->0,1073940928,624
3,0,312,2498,2,2,1073940930,1,0,0->1,1073940928,624
3,0,312,2499,3,7,1073940931,0,1,1->0,1073940928,624
3,0,312,2500,4,0,1073940932,1,0,0->1,1073940928,624
3,0,312,2501,5,5,1073940933,0,1,1->0,1073940928,624
3,0,312,2502,6,5,1073940934,0,1,1->0,1073940928,624
3,0,312,2516,4,2,1073940948,1,0,0->1,1073940928,624
3,0,312,2516,4,5,1073940948,0,1,1->0,1073940928,624
3,0,312,2517,5,5,1073940949,0,1,1->0,1073940928,624
3,0,312,2519,7,5,1073940951,0,1,1->0,1073940928,624
3,0,312,2524,4,2,1073940956,1,0,0->1,1073940928,624
3,0,312,2527,7,0,1073940959,1,0,0->1,1073940928,624
3,0,312,2536,0,5,1073940968,0,1,1->0,1073940928,624
3,0,312,2543,7,0,1073940975,1,0,0->1,1073940928,624
3,0,312,2544,0,7,1073940976,0,1,1->0,1073940928,624
3,0,312,2552,0,2,1073940984,1,0,0->1,1073940928,624
3,0,320,2560,0,0,1073940992,1,0,0->1,1073940992,640
3,0,320,2560,0,2,1073940992,1,0,0->1,1073940992,640
3,0,320,2561,1,5,1073940993,0,1,1->0,1073940992,640
3,0,320,2563,3,7,1073940995,0,1,1->0,1073940992,640
3,0,320,2578,2,7,1073941010,0,1,1->0,1073940992,640
3,0,320,2580,4,2,1073941012,1,0,0->1,1073940992,640
3,0,320,2601,1,7,1073941033,0,1,1->0,1073940992,640
3,0,320,2604,4,5,1073941036,0,1,1->0,1073940992,640
3,0,320,2607,7,7,1073941039,0,1,1->0,1073940992,640
3,0,320,2608,0,5,1073941040,0,1,1->0,1073940992,640
3,0,320,2616,0,5,1073941048,0,1,1->0,1073940992,640
3,0,320,2617,1,7,1073941049,0,1,1->0,1073940992,640
3,0,328,2631,7,2,1073941063,1,0,0->1,1073941056,656
3,0,328,2656,0,5,1073941088,0,1,1->0,1073941056,656
3,0,328,2662,6,5,1073941094,0,1,1->0,1073941056,656
3,0,328,2666,2,5,1073941098,0,1,1->0,1073941056,656
3,0,328,2671,7,7,1073941103,0,1,1->0,1073941056,656
3,0,328,2680,0,2,1073941112,1,0,0->1,1073941056,656
3,0,328,2683,3,5,1073941115,0,1,1->0,1073941056,656
3,0,328,2686,6,5,1073941118,0,1,1->0,1073941056,656
3,0,336,2688,0,7,1073941120,0,1,1->0,1073941120,672
3,0,336,2690,2,2,1073941122,1,0,0->1,1073941120,672
3,0,336,2692,4,5,1073941124,0,1,1->0,1073941120,672
3,0,336,2694,6,7,1073941126,0,1,1->0,1073941120,672
3,0,336,2696,0,5,1073941128,0,1,1->0,1073941120,672
3,0,336,2698,2,5,1073941130,0,1,1->0,1073941120,672
3,0,336,2709,5,5,1073941141,0,1,1->0,1073941120,672
3,0,336,2711,7,7,1073941143,0,1,1->0,1073941120,672
3,0,336,2721,1,5,1073941153,0,1,1->0,1073941120,672
3,0,336,2722,2,5,1073941154,0,1,1->0,1073941120,672
3,0,336,2724,4,5,1073941156,0,1,1->0,1073941120,672
3,0,336,2732,4,2,1073941164,1,0,0->1,1073941120,672
3,0,336,2738,2,5,1073941170,0,1,1->0,1073941120,672
3,0,336,2743,7,5,1073941175,0,1,1->0,1073941120,672
3,0,336,2746,2,2,1073941178,1,0,0->1,1073941120,672
3,0,344,2753,1,0,1073941185,1,0,0->1,1073941184,688
3,0,344,2753,1,2,1073941185,1,0,0->1,1073941184,688
3,0,344,2772,4,7,1073941204,0,1,1->0,1073941184,688
3,0,344,2777,1,2,1073941209,1,0,0->1,1073941184,688
3,0,344,2781,5,5,1073941213,0,1,1->0,1073941184,688
3,0,344,2787,3,0,1073941219,1,0,0->1,1073941184,688
3,0,344,2798,6,7,1073941230,0,1,1->0,1073941184,688
3,0,344,2800,0,7,1073941232,0,1,1->0,1073941184,688
3,0,344,2813,5,2,1073941245,1,0,0->1,1073941184,688
3,0,344,2815,7,2,1073941247,1,0,0->1,1073941184,688
3,0,352,2819,3,2,1073941251,1,0,0->1,1073941248,704
3,0,352,2822,6,5,1073941254,0,1,1->0,1073941248,704
3,0,352,2824,0,2,1073941256,1,0,0->1,1073941248,704
3,0,352,2824,0,7,1073941256,0,1,1->0,1073941248,704
3,0,352,2825,1,2,1073941257,1,0,0->1,1073941248,704
3,0,352,2825,1,7,1073941257,0,1,1->0,1073941248,704
3,0,352,2826,2,2,1073941258,1,0,0->1,1073941248,704
3,0,352,2828,4,0,1073941260,1,0,0->1,1073941248,704
3,0,352,2828,4,7,1073941260,0,1,1->0,1073941248,704
3,0,352,2829,5,2,1073941261,1,0,0->1,1073941248,704
3,0,352,2829,5,7,1073941261,0,1,1->0,1073941248,704
3,0,352,2833,1,5,1073941265,0,1,1->0,1073941248,704
3,0,352,2834,2,7,1073941266,0,1,1->0,1073941248,704
3,0,352,2835,3,2,1073941267,1,0,0->1,1073941248,704
3,0,352,2836,4,2,1073941268,1,0,0->1,1073941248,704
3,0,352,2839,7,2,1073941271,1,0,0->1,1073941248,704
3,0,352,2841,1,5,1073941273,0,1,1->0,1073941248,704
3,0,352,2846,6,7,1073941278,0,1,1->0,1073941248,704
3,0,360,2882,2,7,1073941314,0,1,1->0,1073941312,720
3,0,360,2884,4,7,1073941316,0,1,1->0,1073941312,720
3,0,360,2889,1,0,1073941321,1,0,0->1,1073941312,720
3,0,360,2896,0,7,1073941328,0,1,1->0,1073941312,720
3,0,360,2900,4,2,1073941332,1,0,0->1,1073941312,720
3,0,360,2903,7,7,1073941335,0,1,1->0,1073941312,720
3,0,360,2907,3,5,1073941339,0,1,1->0,1073941312,720
3,0,360,2907,3,7,1073941339,0,1,1->0,1073941312,720
3,0,360,2910,6,7,1073941342,0,1,1->0,1073941312,720
3,0,360,2915,3,7,1073941347,0,1,1->0,1073941312,720
3,0,360,2923,3,7,1073941355,0,1,1->0,1073941312,720
3,0,360,2927,7,2,1073941359,1,0,0->1,1073941312,720
3,0,360,2927,7,7,1073941359,0,1,1->0,1073941312,720
3,0,360,2937,1,2,1073941369,1,0,0->1,1073941312,720
3,0,368,2949,5,2,1073941381,1,0,0->1,1073941376,736
3,0,368,2953,1,7,1073941385,0,1,1->0,1073941376,736
3,0,368,2957,5,0,1073941389,1,0,0->1,1073941376,736
3,0,368,2967,7,0,1073941399,1,0,0->1,1073941376,736
3,0,368,2973,5,0,1073941405,1,0,0->1,1073941376,736
3,0,368,2977,1,0,1073941409,1,0,0->1,1073941376,736
3,0,368,2978,2,0,1073941410,1,0,0->1,1073941376,736
3,0,368,2979,3,5,1073941411,0,1,1->0,1073941376,736
3,0,368,2981,5,5,1073941413,0,1,1->0,1073941376,736
3,0,368,2983,7,2,1073941415,1,0,0->1,1073941376,736
3,0,368,2988,4,5,1073941420,0,1,1->0,1073941376,736
3,0,368,2991,7,7,1073941423,0,1,1->0,1073941376,736
3,0,368,2993,1,0,1073941425,1,0,0->1,1073941376,736
3,0,368,2999,7,7,1073941431,0,1,1->0,1073941376,736
3,0,368,3005,5,7,1073941437,0,1,1->0,1073941376,736
3,0,376,3010,2,5,1073941442,0,1,1->0,1073941440,752
3,0,376,3011,3,0,1073941443,1,0,0->1,1073941440,752
3,0,376,3011,3,7,1073941443,0,1,1->0,1073941440,752
3,0,376,3012,4,0,1073941444,1,0,0->1,1073941440,752
3,0,376,3018,2,7,1073941450,0,1,1->0,1073941440,752
3,0,376,3020,4,5,1073941452,0,1,1->0,1073941440,752
3,0,376,3032,0,7,1073941464,0,1,1->0,1073941440,752
3,0,376,3033,1,5,1073941465,0,1,1->0,1073941440,752
3,0,376,3035,3,2,1073941467,1,0,0->1,1073941440,752
3,0,376,3038,6,5,1073941470,0,1,1->0,1073941440,752
3,0,376,3039,7,7,1073941471,0,1,1->0,1073941440,752
3,0,376,3041,1,0,1073941473,1,0,0->1,1073941440,752
3,0,376,3046,6,5,1073941478,0,1,1->0,1073941440,752
3,0,376,3048,0,2,1073941480,1,0,0->1,1073941440,752
3,0,376,3049,1,0,1073941481,1,0,0->1,1073941440,752
3,0,376,3053,5,0,1073941485,1,0,0->1,1073941440,752
3,0,376,3055,7,7,1073941487,0,1,1->0,1073941440,752
3,0,376,3059,3,0,1073941491,1,0,0->1,1073941440,752
3,0,376,3060,4,2,1073941492,1,0,0->1,1073941440,752
3,0,376,3063,7,7,1073941495,0,1,1->0,1073941440,752
3,0,376,3066,2,0,1073941498,1,0,0->1,1073941440,752
3,0,376,3068,4,5,1073941500,0,1,1->0,1073941440,752
3,0,384,3073,1,5,1073941505,0,1,1->0,1073941504,768
3,0,384,3076,4,7,1073941508,0,1,1->0,1073941504,768
3,0,384,3078,6,5,1073941510,0,1,1->0,1073941504,768
3,0,384,3079,7,0,1073941511,1,0,0->1,1073941504,768
3,0,384,3079,7,2,1073941511,1,0,0->1,1073941504,768
3,0,384,3083,3,5,1073941515,0,1,1->0,1073941504,768
3,0,384,3101,5,7,1073941533,0,1,1->0,1073941504,768
3,0,384,3104,0,2,1073941536,1,0,0->1,1073941504,768
3,0,384,3106,2,5,1073941538,0,1,1->0,1073941504,768
3,0,384,3112,0,2,1073941544,1,0,0->1,1073941504,768
3,0,384,3115,3,7,1073941547,0,1,1->0,1073941504,768
3,0,384,3116,4,5,1073941548,0,1,1->0,1073941504,768
3,0,384,3118,6,7,1073941550,0,1,1->0,1073941504,768
3,0,384,3121,1,5,1073941553,0,1,1->0,1073941504,768
3,0,384,3124,4,5,1073941556,0,1,1->0,1073941504,768
3,0,384,3127,7,7,1073941559,0,1,1->0,1073941504,768
3,0,384,3129,1,2,1073941561,1,0,0->1,1073941504,768
3,0,384,3130,2,5,1073941562,0,1,1->0,1073941504,768
3,0,384,3132,4,5,1073941564,0,1,1->0,1073941504,768
3,0,384,3132,4,7,1073941564,0,1,1->0,1073941504,768
3,0,392,3140,4,5,1073941572,0,1,1->0,1073941568,784
3,0,392,3143,7,5,1073941575,0,1,1->0,1073941568,784
3,0,392,3150,6,2,1073941582,1,0,0->1,1073941568,784
3,0,392,3154,2,2,1073941586,1,0,0->1,1073941568,784
3,0,392,3171,3,0,1073941603,1,0,0->1,1073941568,784
3,0,392,3194,2,5,1073941626,0,1,1->0,1073941568,784
3,0,392,3195,3,5,1073941627,0,1,1->0,1073941568,784
3,0,392,3198,6,7,1073941630,0,1,1->0,1073941568,784
3,0,400,3200,0,7,1073941632,0,1,1->0,1073941632,800
3,0,400,3203,3,7,1073941635,0,1,1->0,1073941632,800
3,0,400,3207,7,5,1073941639,0,1,1->0,1073941632,800
3,0,400,3212,4,2,1073941644,1,0,0->1,1073941632,800
3,0,400,3212,4,7,1073941644,0,1,1->0,1073941632,800
3,0,400,3218,2,5,1073941650,0,1,1->0,1073941632,800
3,0,400,3225,1,7,1073941657,0,1,1->0,1073941632,800
3,0,400,3226,2,5,1073941658,0,1,1->0,1073941632,800
3,0,400,3227,3,2,1073941659,1,0,0->1,1073941632,800
3,0,400,3230,6,0,1073941662,1,0,0->1,1073941632,800
3,0,400,3235,3,5,1073941667,0,1,1->0,1073941632,800
3,0,400,3237,5,5,1073941669,0,1,1->0,1073941632,800
3,0,400,3238,6,5,1073941670,0,1,1->0,1073941632,800
3,0,400,3242,2,5,1073941674,0,1,1->0,1073941632,800
3,0,400,3253,5,5,1073941685,0,1,1->0,1073941632,800
3,0,400,3255,7,2,1073941687,1,0,0->1,1073941632,800
3,0,400,3258,2,5,1073941690,0,1,1->0,1073941632,800
3,0,400,3259,3,2,1073941691,1,0,0->1,1073941632,800
3,0,400,3259,3,5,1073941691,0,1,1->0,1073941632,800
3,0,400,3261,5,7,1073941693,0,1,1->0,1073941632,800
3,0,400,3262,6,7,1073941694,0,1,1->0,1073941632,800
3,0,408,3268,4,5,1073941700,0,1,1->0,1073941696,816
3,0,408,3269,5,7,1073941701,0,1,1->0,1073941696,816
3,0,408,3273,1,0,1073941705,1,0,0->1,1073941696,816
3,0,408,3275,3,7,1073941707,0,1,1->0,1073941696,816
3,0,408,3276,4,0,1073941708,1,0,0->1,1073941696,816
3,0,408,3287,7,5,1073941719,0,1,1->0,1073941696,816
3,0,408,3291,3,0,1073941723,1,0,0->1,1073941696,816
3,0,408,3296,0,7,1073941728,0,1,1->0,1073941696,816
3,0,408,3297,1,0,1073941729,1,0,0->1,1073941696,816
3,0,408,3306,2,2,1073941738,1,0,0->1,1073941696,816
3,0,408,3311,7,7,1073941743,0,1,1->0,1073941696,816
3,0,408,3312,0,2,1073941744,1,0,0->1,1073941696,816
3,0,408,3317,5,5,1073941749,0,1,1->0,1073941696,816
3,0,408,3322,2,5,1073941754,0,1,1->0,1073941696,816
3,0,416,3329,1,5,1073941761,0,1,1->0,1073941760,832
3,0,416,3339,3,7,1073941771,0,1,1->0,1073941760,832
3,0,416,3342,6,5,1073941774,0,1,1->0,1073941760,832
3,0,416,3343,7,7,1073941775,0,1,1->0,1073941760,832
3,0,416,3345,1,5,1073941777,0,1,1->0,1073941760,832
3,0,416,3357,5,5,1073941789,0,1,1->0,1073941760,832
3,0,416,3359,7,5,1073941791,0,1,1->0,1073941760,832
3,0,416,3367,7,5,1073941799,0,1,1->0,1073941760,832
3,0,416,3369,1,2,1073941801,1,0,0->1,1073941760,832
3,0,416,3373,5,0,1073941805,1,0,0->1,1073941760,832
3,0,416,3380,4,2,1073941812,1,0,0->1,1073941760,832
3,0,416,3383,7,5,1073941815,0,1,1->0,1073941760,832
3,0,416,3387,3,7,1073941819,0,1,1->0,1073941760,832
3,0,416,3389,5,5,1073941821,0,1,1->0,1073941760,832
3,0,424,3392,0,0,1073941824,1,0,0->1,1073941824,848
3,0,424,3393,1,5,1073941825,0,1,1->0,1073941824,848
3,0,424,3405,5,0,1073941837,1,0,0->1,1073941824,848
3,0,424,3405,5,7,1073941837,0,1,1->0,1073941824,848
3,0,424,3415,7,7,1073941847,0,1,1->0,1073941824,848
3,0,424,3418,2,0,1073941850,1,0,0->1,1073941824,848
3,0,424,3422,6,2,1073941854,1,0,0->1,1073941824,848
3,0,424,3431,7,5,1073941863,0,1,1->0,1073941824,848
3,0,424,3435,3,2,1073941867,1,0,0->1,1073941824,848
3,0,424,3437,5,5,1073941869,0,1,1->0,1073941824,848
3,0,424,3445,5,7,1073941877,0,1,1->0,1073941824,848
3,0,424,3446,6,7,1073941878,0,1,1->0,1073941824,848
3,0,424,3454,6,0,1073941886,1,0,0->1,1073941824,848
3,0,424,3455,7,5,1073941887,0,1,1->0,1073941824,848
3,0,432,3458,2,0,1073941890,1,0,0->1,1073941888,864
3,0,432,3460,4,0,1073941892,1,0,0->1,1073941888,864
3,0,432,3462,6,5,1073941894,0,1,1->0,1073941888,864
3,0,432,3464,0,7,1073941896,0,1,1->0,1073941888,864
3,0,432,3471,7,5,1073941903,0,1,1->0,1073941888,864
3,0,432,3477,5,2,1073941909,1,0,0->1,1073941888,864
3,0,432,3481,1,5,1073941913,0,1,1->0,1073941888,864
3,0,432,3489,1,5,1073941921,0,1,1->0,1073941888,864
3,0,432,3490,2,5,1073941922,0,1,1->0,1073941888,864
3,0,432,3491,3,0,1073941923,1,0,0->1,1073941888,864
3,0,432,3493,5,2,1073941925,1,0,0->1,1073941888,864
3,0,432,3493,5,7,1073941925,0,1,1->0,1073941888,864
3,0,432,3495,7,2,1073941927,1,0,0->1,1073941888,864
3,0,432,3495,7,5,1073941927,0,1,1->0,1073941888,864
3,0,432,3498,2,2,1073941930,1,0,0->1,1073941888,864
3,0,432,3500,4,0,1073941932,1,0,0->1,1073941888,864
3,0,432,3502,6,7,1073941934,0,1,1->0,1073941888,864
3,0,432,3506,2,5,1073941938,0,1,1->0,1073941888,864
3,0,432,3508,4,7,1073941940,0,1,1->0,1073941888,864
3,0,432,3518,6,5,1073941950,0,1,1->0,1073941888,864
3,0,440,3523,3,5,1073941955,0,1,1->0,1073941952,880
3,0,440,3526,6,0,1073941958,1,0,0->1,1073941952,880
3,0,440,3529,1,2,1073941961,1,0,0->1,1073941952,880
3,0,440,3531,3,2,1073941963,1,0,0->1,1073941952,880
3,0,440,3533,5,0,1073941965,1,0,0->1,1073941952,880
3,0,440,3540,4,5,1073941972,0,1,1->0,1073941952,880
3,0,440,3542,6,2,1073941974,1,0,0->1,1073941952,880
3,0,440,3544,0,0,1073941976,1,0,0->1,1073941952,880
3,0,440,3546,2,5,1073941978,0,1,1->0,1073941952,880
3,0,440,3554,2,2,1073941986,1,0,0->1,1073941952,880
3,0,440,3556,4,2,1073941988,1,0,0->1,1073941952,880
3,0,440,3562,2,5,1073941994,0,1,1->0,1073941952,880
3,0,440,3565,5,5,1073941997,0,1,1->0,1073941952,880
3,0,440,3573,5,5,1073942005,0,1,1->0,1073941952,880
3,0,440,3577,1,5,1073942009,0,1,1->0,1073941952,880
3,0,440,3580,4,7,1073942012,0,1,1->0,1073941952,880
3,0,440,3582,6,5,1073942014,0,1,1->0,1073941952,880
3,0,440,3583,7,0,1073942015,1,0,0->1,1073941952,880
3,0,448,3590,6,5,1073942022,0,1,1->0,1073942016,896
3,0,448,3604,4,7,1073942036,0,1,1->0,1073942016,896
3,0,448,3618,2,5,1073942050,0,1,1->0,1073942016,896
3,0,448,3634,2,5,1073942066,0,1,1->0,1073942016,896
3,0,448,3635,3,5,1073942067,0,1,1->0,1073942016,896
3,0,448,3638,6,7,1073942070,0,1,1->0,1073942016,896
3,0,448,3647,7,2,1073942079,1,0,0->1,1073942016,896
3,0,448,3647,7,7,1073942079,0,1,1->0,1073942016,896
3,0,456,3650,2,5,1073942082,0,1,1->0,1073942080,912
3,0,456,3651,3,2,1073942083,1,0,0->1,1073942080,912
3,0,456,3653,5,2,1073942085,1,0,0->1,1073942080,912
3,0,456,3654,6,7,1073942086,0,1,1->0,1073942080,912
3,0,456,3664,0,2,1073942096,1,0,0->1,1073942080,912
3,0,456,3674,2,7,1073942106,0,1,1->0,1073942080,912
3,0,456,3676,4,0,1073942108,1,0,0->1,1073942080,912
3,0,456,3680,0,0,1073942112,1,0,0->1,1073942080,912
3,0,456,3687,7,7,1073942119,0,1,1->0,1073942080,912
3,0,456,3691,3,5,1073942123,0,1,1->0,1073942080,912
3,0,456,3695,7,2,1073942127,1,0,0->1,1073942080,912
3,0,456,3697,1,0,1073942129,1,0,0->1,1073942080,912
3,0,456,3705,1,2,1073942137,1,0,0->1,1073942080,912
3,0,456,3706,2,5,1073942138,0,1,1->0,1073942080,912
3,0,456,3711,7,2,1073942143,1,0,0->1,1073942080,912
3,0,456,3711,7,7,1073942143,0,1,1->0,1073942080,912
3,0,464,3718,6,0,1073942150,1,0,0->1,1073942144,928
3,0,464,3719,7,0,1073942151,1,0,0->1,1073942144,928
3,0,464,3721,1,0,1073942153,1,0,0->1,1073942144,928
3,0,464,3724,4,7,1073942156,0,1,1->0,1073942144,928
3,0,464,3729,1,7,1073942161,0,1,1->0,1073942144,928
3,0,464,3739,3,0,1073942171,1,0,0->1,1073942144,928
3,0,464,3743,7,0,1073942175,1,0,0->1,1073942144,928
3,0,464,3745,1,0,1073942177,1,0,0->1,1073942144,928
3,0,464,3745,1,5,1073942177,0,1,1->0,1073942144,928
3,0,464,3745,1,7,1073942177,0,1,1->0,1073942144,928
3,0,464,3749,5,5,1073942181,0,1,1->0,1073942144,928
3,0,464,3754,2,2,1073942186,1,0,0->1,1073942144,928
3,0,464,3758,6,0,1073942190,1,0,0->1,1073942144,928
3,0,464,3761,1,5,1073942193,0,1,1->0,1073942144,928
3,0,464,3764,4,0,1073942196,1,0,0->1,1073942144,928
3,0,464,3768,0,2,1073942200,1,0,0->1,1073942144,928
3,0,472,3779,3,7,1073942211,0,1,1->0,1073942208,944
3,0,472,3781,5,0,1073942213,1,0,0->1,1073942208,944
3,0,472,3782,6,2,1073942214,1,0,0->1,1073942208,944
3,0,472,3789,5,7,1073942221,0,1,1->0,1073942208,944
3,0,472,3793,1,0,1073942225,1,0,0->1,1073942208,944
3,0,472,3794,2,7,1073942226,0,1,1->0,1073942208,944
3,0,472,3795,3,0,1073942227,1,0,0->1,1073942208,944
3,0,472,3796,4,5,1073942228,0,1,1->0,1073942208,944
3,0,472,3805,5,5,1073942237,0,1,1->0,1073942208,944
3,0,472,3812,4,7,1073942244,0,1,1->0,1073942208,944
3,0,472,3816,0,0,1073942248,1,0,0->1,1073942208,944
3,0,480,3843,3,2,1073942275,1,0,0->1,1073942272,960
3,0,480,3855,7,7,1073942287,0,1,1->0,1073942272,960
3,0,480,3856,0,2,1073942288,1,0,0->1,1073942272,960
3,0,480,3866,2,0,1073942298,1,0,0->1,1073942272,960
3,0,480,3868,4,5,1073942300,0,1,1->0,1073942272,960
3,0,480,3873,1,2,1073942305,1,0,0->1,1073942272,960
3,0,480,3876,4,0,1073942308,1,0,0->1,1073942272,960
3,0,480,3892,4,5,1073942324,0,1,1->0,1073942272,960
3,0,480,3895,7,7,1073942327,0,1,1->0,1073942272,960
3,0,488,3913,1,7,1073942345,0,1,1->0,1073942336,976
3,0,488,3917,5,2,1073942349,1,0,0->1,1073942336,976
3,0,488,3918,6,7,1073942350,0,1,1->0,1073942336,976
3,0,488,3928,0,5,1073942360,0,1,1->0,1073942336,976
3,0,488,3940,4,7,1073942372,0,1,1->0,1073942336,976
3,0,488,3942,6,0,1073942374,1,0,0->1,1073942336,976
3,0,488,3942,6,7,1073942374,0,1,1->0,1073942336,976
3,0,488,3943,7,7,1073942375,0,1,1->0,1073942336,976
3,0,488,3947,3,5,1073942379,0,1,1->0,1073942336,976
3,0,488,3951,7,2,1073942383,1,0,0->1,1073942336,976
3,0,488,3952,0,5,1073942384,0,1,1->0,1073942336,976
3,0,488,3956,4,7,1073942388,0,1,1->0,1073942336,976
3,0,488,3958,6,5,1073942390,0,1,1->0,1073942336,976
3,0,488,3963,3,7,1073942395,0,1,1->0,1073942336,976
3,0,488,3964,4,7,1073942396,0,1,1->0,1073942336,976
3,0,496,3968,0,5,1073942400,0,1,1->0,1073942400,992
3,0,496,3969,1,2,1073942401,1,0,0->1,1073942400,992
3,0,496,3969,1,5,1073942401,0,1,1->0,1073942400,992
3,0,496,3974,6,5,1073942406,0,1,1->0,1073942400,992
3,0,496,3975,7,2,1073942407,1,0,0->1,1073942400,992
3,0,496,3995,3,7,1073942427,0,1,1->0,1073942400,992
3,0,496,3998,6,5,1073942430,0,1,1->0,1073942400,992
3,0,496,4000,0,2,1073942432,1,0,0->1,1073942400,992
3,0,496,4007,7,5,1073942439,0,1,1->0,1073942400,992
3,0,496,4014,6,0,1073942446,1,0,0->1,1073942400,992
3,0,496,4016,0,0,1073942448,1,0,0->1,1073942400,992
3,0,496,4016,0,7,1073942448,0,1,1->0,1073942400,992
3,0,496,4018,2,5,1073942450,0,1,1->0,1073942400,992
3,0,496,4020,4,5,1073942452,0,1,1->0,1073942400,992
3,0,496,4025,1,5,1073942457,0,1,1->0,1073942400,992
3,0,496,4026,2,2,1073942458,1,0,0->1,1073942400,992
3,0,496,4028,4,5,1073942460,0,1,1->0,1073942400,992
3,0,496,4029,5,0,1073942461,1,0,0->1,1073942400,992
3,0,496,4029,5,5,1073942461,0,1,1->0,1073942400,992
3,0,504,4035,3,2,1073942467,1,0,0->1,1073942464,1008
3,0,504,4044,4,5,1073942476,0,1,1->0,1073942464,1008
3,0,504,4045,5,7,1073942477,0,1,1->0,1073942464,1008
3,0,504,4049,1,7,1073942481,0,1,1->0,1073942464,1008
3,0,504,4052,4,5,1073942484,0,1,1->0,1073942464,1008
3,0,504,4055,7,5,1073942487,0,1,1->0,1073942464,1008
3,0,504,4058,2,2,1073942490,1,0,0->1,1073942464,1008
3,0,504,4069,5,5,1073942501,0,1,1->0,1073942464,1008
3,0,504,4072,0,5,1073942504,0,1,1->0,1073942464,1008
3,0,504,4080,0,5,1073942512,0,1,1->0,1073942464,1008
3,0,504,4083,3,5,1073942515,0,1,1->0,1073942464,1008
3,0,504,4085,5,7,1073942517,0,1,1->0,1073942464,1008
3,0,504,4086,6,7,1073942518,0,1,1->0,1073942464,1008
3,0,504,4088,0,5,1073942520,0,1,1->0,1073942464,1008
3,0,504,4093,5,0,1073942525,1,0,0->1,1073942464,1008
3,0,504,4094,6,0,1073942526,1,0,0->1,1073942464,1008
3,0,504,4094,6,5,1073942526,0,1,1->0,1073942464,1008
3,0,512,4097,1,0,1073942529,1,0,0->1,1073942528,1024
3,0,512,4101,5,7,1073942533,0,1,1->0,1073942528,1024
3,0,512,4106,2,2,1073942538,1,0,0->1,1073942528,1024
3,0,512,4109,5,5,1073942541,0,1,1->0,1073942528,1024
3,0,512,4111,7,7,1073942543,0,1,1->0,1073942528,1024
3,0,512,4116,4,5,1073942548,0,1,1->0,1073942528,1024
3,0,512,4119,7,7,1073942551,0,1,1->0,1073942528,1024
3,0,512,4126,6,5,1073942558,0,1,1->0,1073942528,1024
3,0,512,4127,7,5,1073942559,0,1,1->0,1073942528,1024
3,0,512,4137,1,0,1073942569,1,0,0->1,1073942528,1024
3,0,512,4151,7,5,1073942583,0,1,1->0,1073942528,1024
3,0,520,4166,6,5,1073942598,0,1,1->0,1073942592,1040
3,0,520,4166,6,7,1073942598,0,1,1->0,1073942592,1040
3,0,520,4170,2,0,1073942602,1,0,0->1,1073942592,1040
3,0,520,4172,4,5,1073942604,0,1,1->0,1073942592,1040
3,0,520,4174,6,5,1073942606,0,1,1->0,1073942592,1040
3,0,520,4177,1,5,1073942609,0,1,1->0,1073942592,1040
3,0,520,4178,2,2,1073942610,1,0,0->1,1073942592,1040
3,0,520,4178,2,7,1073942610,0,1,1->0,1073942592,1040
3,0,520,4190,6,5,1073942622,0,1,1->0,1073942592,1040
3,0,520,4214,6,5,1073942646,0,1,1->0,1073942592,1040
3,0,520,4214,6,7,1073942646,0,1,1->0,1073942592,1040
3,0,520,4221,5,7,1073942653,0,1,1->0,1073942592,1040
3,0,528,4225,1,5,1073942657,0,1,1->0,1073942656,1056
3,0,528,4226,2,7,1073942658,0,1,1->0,1073942656,1056
3,0,528,4230,6,5,1073942662,0,1,1->0,1073942656,1056
3,0,528,4237,5,0,1073942669,1,0,0->1,1073942656,1056
3,0,528,4242,2,5,1073942674,0,1,1->0,1073942656,1056
3,0,528,4246,6,0,1073942678,1,0,0->1,1073942656,1056
3,0,528,4248,0,0,1073942680,1,0,0->1,1073942656,1056
3,0,528,4251,3,7,1073942683,0,1,1->0,1073942656,1056
3,0,528,4252,4,2,1073942684,1,0,0->1,1073942656,1056
3,0,528,4253,5,0,1073942685,1,0,0->1,1073942656,1056
3,0,528,4259,3,0,1073942691,1,0,0->1,1073942656,1056
3,0,528,4263,7,7,1073942695,0,1,1->0,1073942656,1056
3,0,528,4284,4,0,1073942716,1,0,0->1,1073942656,1056
3,0,528,4285,5,5,1073942717,0,1,1->0,1073942656,1056
3,0,528,4287,7,0,1073942719,1,0,0->1,1073942656,1056
3,0,536,4300,4,7,1073942732,0,1,1->0,1073942720,1072
3,0,536,4301,5,7,1073942733,0,1,1->0,1073942720,1072
3,0,536,4302,6,0,1073942734,1,0,0->1,1073942720,1072
3,0,536,4307,3,7,1073942739,0,1,1->0,1073942720,1072
3,0,536,4308,4,5,1073942740,0,1,1->0,1073942720,1072
3,0,536,4309,5,7,1073942741,0,1,1->0,1073942720,1072
3,0,536,4317,5,0,1073942749,1,0,0->1,1073942720,1072
3,0,536,4324,4,2,1073942756,1,0,0->1,1073942720,1072
3,0,536,4327,7,0,1073942759,1,0,0->1,1073942720,1072
3,0,536,4334,6,7,1073942766,0,1,1->0,1073942720,1072
3,0,536,4335,7,5,1073942767,0,1,1->0,1073942720,1072
3,0,536,4337,1,5,1073942769,0,1,1->0,1073942720,1072
3,0,536,4347,3,5,1073942779,0,1,1->0,1073942720,1072
3,0,544,4354,2,7,1073942786,0,1,1->0,1073942784,1088
3,0,544,4368,0,2,1073942800,1,0,0->1,1073942784,1088
3,0,544,4368,0,5,1073942800,0,1,1->0,1073942784,1088
3,0,544,4368,0,7,1073942800,0,1,1->0,1073942784,1088
3,0,544,4372,4,2,1073942804,1,0,0->1,1073942784,1088
3,0,544,4377,1,7,1073942809,0,1,1->0,1073942784,1088
3,0,544,4381,5,2,1073942813,1,0,0->1,1073942784,1088
3,0,544,4383,7,5,1073942815,0,1,1->0,1073942784,1088
3,0,544,4384,0,5,1073942816,0,1,1->0,1073942784,1088
3,0,544,4397,5,7,1073942829,0,1,1->0,1073942784,1088
3,0,544,4401,1,7,1073942833,0,1,1->0,1073942784,1088
3,0,544,4407,7,7,1073942839,0,1,1->0,1073942784,1088
3,0,544,4415,7,5,1073942847,0,1,1->0,1073942784,1088
3,0,552,4420,4,0,1073942852,1,0,0->1,1073942848,1104
3,0,552,4421,5,0,1073942853,1,0,0->1,1073942848,1104
3,0,552,4425,1,0,1073942857,1,0,0->1,1073942848,1104
3,0,552,4425,1,7,1073942857,0,1,1->0,1073942848,1104
3,0,552,4430,6,5,1073942862,0,1,1->0,1073942848,1104
3,0,552,4443,3,0,1073942875,1,0,0->1,1073942848,1104
3,0,552,4456,0,7,1073942888,0,1,1->0,1073942848,1104
3,0,552,4459,3,7,1073942891,0,1,1->0,1073942848,1104
3,0,552,4462,6,5,1073942894,0,1,1->0,1073942848,1104
3,0,552,4467,3,0,1073942899,1,0,0->1,1073942848,1104
3,0,552,4471,7,0,1073942903,1,0,0->1,1073942848,1104
3,0,552,4471,7,2,1073942903,1,0,0->1,1073942848,1104
3,0,552,4472,0,2,1073942904,1,0,0->1,1073942848,1104
3,0,552,4473,1,5,1073942905,0,1,1->0,1073942848,1104
3,0,552,4474,2,2,1073942906,1,0,0->1,1073942848,1104
3,0,560,4481,1,7,1073942913,0,1,1->0,1073942912,1120
3,0,560,4483,3,2,1073942915,1,0,0->1,1073942912,1120
3,0,560,4488,0,2,1073942920,1,0,0->1,1073942912,1120
3,0,560,4492,4,2,1073942924,1,0,0->1,1073942912,1120
3,0,560,4493,5,7,1073942925,0,1,1->0,1073942912,1120
3,0,560,4499,3,0,1073942931,1,0,0->1,1073942912,1120
3,0,560,4501,5,5,1073942933,0,1,1->0,1073942912,1120
3,0,560,4501,5,7,1073942933,0,1,1->0,1073942912,1120
3,0,560,4510,6,5,1073942942,0,1,1->0,1073942912,1120
3,0,560,4514,2,0,1073942946,1,0,0->1,1073942912,1120
3,0,560,4514,2,7,1073942946,0,1,1->0,1073942912,1120
3,0,560,4517,5,2,1073942949,1,0,0->1,1073942912,1120
3,0,560,4522,2,7,1073942954,0,1,1->0,1073942912,1120
3,0,560,4529,1,7,1073942961,0,1,1->0,1073942912,1120
3,0,560,4534,6,0,1073942966,1,0,0->1,1073942912,1120
3,0,560,4540,4,2,1073942972,1,0,0->1,1073942912,1120
3,0,568,4547,3,5,1073942979,0,1,1->0,1073942976,1136
3,0,568,4552,0,7,1073942984,0,1,1->0,1073942976,1136
3,0,568,4553,1,0,1073942985,1,0,0->1,1073942976,1136
3,0,568,4553,1,7,1073942985,0,1,1->0,1073942976,1136
3,0,568,4559,7,0,1073942991,1,0,0->1,1073942976,1136
3,0,568,4565,5,0,1073942997,1,0,0->1,1073942976,1136
3,0,568,4568,0,0,1073943000,1,0,0->1,1073942976,1136
3,0,568,4573,5,7,1073943005,0,1,1->0,1073942976,1136
3,0,568,4576,0,5,1073943008,0,1,1->0,1073942976,1136
3,0,568,4588,4,5,1073943020,0,1,1->0,1073942976,1136
3,0,568,4597,5,7,1073943029,0,1,1->0,1073942976,1136
3,0,568,4607,7,7,1073943039,0,1,1->0,1073942976,1136
3,0,576,4610,2,7,1073943042,0,1,1->0,1073943040,1152
3,0,576,4611,3,2,1073943043,1,0,0->1,1073943040,1152
3,0,576,4612,4,7,1073943044,0,1,1->0,1073943040,1152
3,0,576,4615,7,2,1073943047,1,0,0->1,1073943040,1152
3,0,576,4617,1,7,1073943049,0,1,1->0,1073943040,1152
3,0,576,4620,4,2,1073943052,1,0,0->1,1073943040,1152
3,0,576,4621,5,7,1073943053,0,1,1->0,1073943040,1152
3,0,576,4626,2,0,1073943058,1,0,0->1,1073943040,1152
3,0,576,4626,2,7,1073943058,0,1,1->0,1073943040,1152
3,0,576,4631,7,7,1073943063,0,1,1->0,1073943040,1152
3,0,576,4640,0,5,1073943072,0,1,1->0,1073943040,1152
3,0,576,4643,3,7,1073943075,0,1,1->0,1073943040,1152
3,0,576,4652,4,0,1073943084,1,0,0->1,1073943040,1152
3,0,576,4653,5,5,1073943085,0,1,1->0,1073943040,1152
3,0,576,4653,5,7,1073943085,0,1,1->0,1073943040,1152
3,0,576,4663,7,7,1073943095,0,1,1->0,1073943040,1152
3,0,584,4676,4,5,1073943108,0,1,1->0,1073943104,1168
3,0,584,4681,1,2,1073943113,1,0,0->1,1073943104,1168
3,0,584,4682,2,2,1073943114,1,0,0->1,1073943104,1168
3,0,584,4683,3,7,1073943115,0,1,1->0,1073943104,1168
3,0,584,4686,6,7,1073943118,0,1,1->0,1073943104,1168
3,0,584,4691,3,7,1073943123,0,1,1->0,1073943104,1168
3,0,584,4692,4,5,1073943124,0,1,1->0,1073943104,1168
3,0,584,4697,1,5,1073943129,0,1,1->0,1073943104,1168
3,0,584,4715,3,0,1073943147,1,0,0->1,1073943104,1168
3,0,584,4718,6,2,1073943150,1,0,0->1,1073943104,1168
3,0,584,4724,4,5,1073943156,0,1,1->0,1073943104,1168
3,0,584,4725,5,7,1073943157,0,1,1->0,1073943104,1168
3,0,592,4746,2,0,1073943178,1,0,0->1,1073943168,1184
3,0,592,4748,4,7,1073943180,0,1,1->0,1073943168,1184
3,0,592,4755,3,2,1073943187,1,0,0->1,1073943168,1184
3,0,592,4772,4,7,1073943204,0,1,1->0,1073943168,1184
3,0,592,4776,0,0,1073943208,1,0,0->1,1073943168,1184
3,0,592,4777,1,2,1073943209,1,0,0->1,1073943168,1184
3,0,592,4783,7,2,1073943215,1,0,0->1,1073943168,1184
3,0,592,4788,4,7,1073943220,0,1,1->0,1073943168,1184
3,0,592,4795,3,5,1073943227,0,1,1->0,1073943168,1184
3,0,592,4795,3,7,1073943227,0,1,1->0,1073943168,1184
3,0,600,4812,4,5,1073943244,0,1,1->0,1073943232,1200
3,0,600,4814,6,0,1073943246,1,0,0->1,1073943232,1200
3,0,600,4828,4,7,1073943260,0,1,1->0,1073943232,1200
3,0,600,4837,5,7,1073943269,0,1,1->0,1073943232,1200
3,0,600,4838,6,2,1073943270,1,0,0->1,1073943232,1200
3,0,600,4840,0,2,1073943272,1,0,0->1,1073943232,1200
3,0,600,4843,3,7,1073943275,0,1,1->0,1073943232,1200
3,0,600,4845,5,2,1073943277,1,0,0->1,1073943232,1200
3,0,600,4847,7,5,1073943279,0,1,1->0,1073943232,1200
3,0,600,4848,0,5,1073943280,0,1,1->0,1073943232,1200
3,0,600,4854,6,5,1073943286,0,1,1->0,1073943232,1200
3,0,600,4854,6,7,1073943286,0,1,1->0,1073943232,1200
3,0,600,4856,0,2,1073943288,1,0,0->1,1073943232,1200
3,0,600,4857,1,0,1073943289,1,0,0->1,1073943232,1200
3,0,608,4867,3,2,1073943299,1,0,0->1,1073943296,1216
3,0,608,4868,4,2,1073943300,1,0,0->1,1073943296,1216
3,0,608,4872,0,0,1073943304,1,0,0->1,1073943296,1216
3,0,608,4879,7,0,1073943311,1,0,0->1,1073943296,1216
3,0,608,4879,7,2,1073943311,1,0,0->1,1073943296,1216
3,0,608,4881,1,5,1073943313,0,1,1->0,1073943296,1216
3,0,608,4883,3,0,1073943315,1,0,0->1,1073943296,1216
3,0,608,4884,4,7,1073943316,0,1,1->0,1073943296,1216
3,0,608,4887,7,7,1073943319,0,1,1->0,1073943296,1216
3,0,608,4888,0,2,1073943320,1,0,0->1,1073943296,1216
3,0,608,4891,3,5,1073943323,0,1,1->0,1073943296,1216
3,0,608,4892,4,7,1073943324,0,1,1->0,1073943296,1216
3,0,608,4893,5,7,1073943325,0,1,1->0,1073943296,1216
3,0,608,4894,6,2,1073943326,1,0,0->1,1073943296,1216
3,0,608,4896,0,7,1073943328,0,1,1->0,1073943296,1216
3,0,608,4898,2,7,1073943330,0,1,1->0,1073943296,1216
3,0,608,4902,6,2,1073943334,1,0,0->1,1073943296,1216
3,0,608,4903,7,7,1073943335,0,1,1->0,1073943296,1216
3,0,608,4904,0,2,1073943336,1,0,0->1,1073943296,1216
3,0,608,4905,1,5,1073943337,0,1,1->0,1073943296,1216
3,0,608,4910,6,5,1073943342,0,1,1->0,1073943296,1216
3,0,608,4912,0,0,1073943344,1,0,0->1,1073943296,1216
3,0,608,4912,0,2,1073943344,1,0,0->1,1073943296,1216
3,0,608,4912,0,5,1073943344,0,1,1->0,1073943296,1216
3,0,608,4912,0,7,1073943344,0,1,1->0,1073943296,1216
3,0,608,4916,4,7,1073943348,0,1,1->0,1073943296,1216
3,0,608,4921,1,0,1073943353,1,0,0->1,1073943296,1216
3,0,608,4923,3,7,1073943355,0,1,1->0,1073943296,1216
3,0,616,4930,2,7,1073943362,0,1,1->0,1073943360,1232
3,0,616,4934,6,0,1073943366,1,0,0->1,1073943360,1232
3,0,616,4936,0,5,1073943368,0,1,1->0,1073943360,1232
3,0,616,4937,1,7,1073943369,0,1,1->0,1073943360,1232
3,0,616,4949,5,7,1073943381,0,1,1->0,1073943360,1232
3,0,616,4953,1,5,1073943385,0,1,1->0,1073943360,1232
3,0,616,4958,6,7,1073943390,0,1,1->0,1073943360,1232
3,0,616,4966,6,0,1073943398,1,0,0->1,1073943360,1232
3,0,616,4972,4,5,1073943404,0,1,1->0,1073943360,1232
3,0,616,4973,5,0,1073943405,1,0,0->1,1073943360,1232
3,0,616,4975,7,7,1073943407,0,1,1->0,1073943360,1232
3,0,616,4983,7,0,1073943415,1,0,0->1,1073943360,1232
3,0,616,4991,7,5,1073943423,0,1,1->0,1073943360,1232
3,0,624,4992,0,2,1073943424,1,0,0->1,1073943424,1248
3,0,624,4994,2,5,1073943426,0,1,1->0,1073943424,1248
3,0,624,4996,4,5,1073943428,0,1,1->0,1073943424,1248
3,0,624,5004,4,7,1073943436,0,1,1->0,1073943424,1248
3,0,624,5008,0,7,1073943440,0,1,1->0,1073943424,1248
3,0,624,5014,6,7,1073943446,0,1,1->0,1073943424,1248
3,0,624,5024,0,7,1073943456,0,1,1->0,1073943424,1248
3,0,624,5028,4,2,1073943460,1,0,0->1,1073943424,1248
3,0,624,5034,2,5,1073943466,0,1,1->0,1073943424,1248
3,0,624,5038,6,5,1073943470,0,1,1->0,1073943424,1248
3,0,624,5044,4,7,1073943476,0,1,1->0,1073943424,1248
3,0,624,5045,5,5,1073943477,0,1,1->0,1073943424,1248
3,0,632,5058,2,5,1073943490,0,1,1->0,1073943488,1264
3,0,632,5063,7,7,1073943495,0,1,1->0,1073943488,1264
3,0,632,5069,5,5,1073943501,0,1,1->0,1073943488,1264
3,0,632,5071,7,7,1073943503,0,1,1->0,1073943488,1264
3,0,632,5072,0,7,1073943504,0,1,1->0,1073943488,1264
3,0,632,5077,5,2,1073943509,1,0,0->1,1073943488,1264
3,0,632,5078,6,5,1073943510,0,1,1->0,1073943488,1264
3,0,632,5086,6,7,1073943518,0,1,1->0,1073943488,1264
3,0,632,5090,2,7,1073943522,0,1,1->0,1073943488,1264
3,0,632,5093,5,2,1073943525,1,0,0->1,1073943488,1264
3,0,632,5097,1,0,1073943529,1,0,0->1,1073943488,1264
3,0,632,5099,3,7,1073943531,0,1,1->0,1073943488,1264
3,0,632,5103,7,0,1073943535,1,0,0->1,1073943488,1264
3,0,632,5108,4,2,1073943540,1,0,0->1,1073943488,1264
3,0,632,5114,2,0,1073943546,1,0,0->1,1073943488,1264
3,0,640,5122,2,0,1073943554,1,0,0->1,1073943552,1280
3,0,640,5126,6,7,1073943558,0,1,1->0,1073943552,1280
3,0,640,5127,7,7,1073943559,0,1,1->0,1073943552,1280
3,0,640,5129,1,0,1073943561,1,0,0->1,1073943552,1280
3,0,640,5132,4,5,1073943564,0,1,1->0,1073943552,1280
3,0,640,5137,1,7,1073943569,0,1,1->0,1073943552,1280
3,0,640,5138,2,0,1073943570,1,0,0->1,1073943552,1280
3,0,640,5139,3,5,1073943571,0,1,1->0,1073943552,1280
3,0,640,5143,7,2,1073943575,1,0,0->1,1073943552,1280
3,0,640,5145,1,2,1073943577,1,0,0->1,1073943552,1280
3,0,640,5146,2,2,1073943578,1,0,0->1,1073943552,1280
3,0,640,5148,4,0,1073943580,1,0,0->1,1073943552,1280
3,0,640,5151,7,5,1073943583,0,1,1->0,1073943552,1280
3,0,640,5153,1,5,1073943585,0,1,1->0,1073943552,1280
3,0,640,5162,2,0,1073943594,1,0,0->1,1073943552,1280
3,0,640,5162,2,2,1073943594,1,0,0->1,1073943552,1280
3,0,640,5163,3,5,1073943595,0,1,1->0,1073943552,1280
3,0,640,5166,6,0,1073943598,1,0,0->1,1073943552,1280
3,0,640,5169,1,5,1073943601,0,1,1->0,1073943552,1280
3,0,640,5176,0,7,1073943608,0,1,1->0,1073943552,1280
3,0,640,5177,1,5,1073943609,0,1,1->0,1073943552,1280
3,0,640,5178,2,7,1073943610,0,1,1->0,1073943552,1280
3,0,640,5180,4,2,1073943612,1,0,0->1,1073943552,1280
3,0,648,5184,0,2,1073943616,1,0,0->1,1073943616,1296
3,0,648,5186,2,5,1073943618,0,1,1->0,1073943616,1296
3,0,648,5187,3,5,1073943619,0,1,1->0,1073943616,1296
3,0,648,5189,5,2,1073943621,1,0,0->1,1073943616,1296
3,0,648,5189,5,7,1073943621,0,1,1->0,1073943616,1296
3,0,648,5195,3,0,1073943627,1,0,0->1,1073943616,1296
3,0,648,5196,4,2,1073943628,1,0,0->1,1073943616,1296
3,0,648,5197,5,5,1073943629,0,1,1->0,1073943616,1296
3,0,648,5201,1,7,1073943633,0,1,1->0,1073943616,1296
3,0,648,5202,2,2,1073943634,1,0,0->1,1073943616,1296
3,0,648,5207,7,7,1073943639,0,1,1->0,1073943616,1296
3,0,648,5208,0,7,1073943640,0,1,1->0,1073943616,1296
3,0,648,5217,1,5,1073943649,0,1,1->0,1073943616,1296
3,0,648,5219,3,7,1073943651,0,1,1->0,1073943616,1296
3,0,648,5230,6,2,1073943662,1,0,0->1,1073943616,1296
3,0,648,5231,7,7,1073943663,0,1,1->0,1073943616,1296
3,0,648,5238,6,5,1073943670,0,1,1->0,1073943616,1296
3,0,648,5238,6,7,1073943670,0,1,1->0,1073943616,1296
3,0,648,5239,7,5,1073943671,0,1,1->0,1073943616,1296
3,0,648,5243,3,5,1073943675,0,1,1->0,1073943616,1296
3,0,648,5245,5,5,1073943677,0,1,1->0,1073943616,1296
3,0,648,5245,5,7,1073943677,0,1,1->0,1073943616,1296
3,0,648,5246,6,7,1073943678,0,1,1->0,1073943616,1296
3,0,656,5249,1,7,1073943681,0,1,1->0,1073943680,1312
3,0,656,5256,0,2,1073943688,1,0,0->1,1073943680,1312
3,0,656,5259,3,0,1073943691,1,0,0->1,1073943680,1312
3,0,656,5261,5,7,1073943693,0,1,1->0,1073943680,1312
3,0,656,5272,0,0,1073943704,1,0,0->1,1073943680,1312
3,0,656,5291,3,0,1073943723,1,0,0->1,1073943680,1312
3,0,656,5293,5,0,1073943725,1,0,0->1,1073943680,1312
3,0,656,5295,7,2,1073943727,1,0,0->1,1073943680,1312
3,0,656,5296,0,2,1073943728,1,0,0->1,1073943680,1312
3,0,656,5296,0,5,1073943728,0,1,1->0,1073943680,1312
3,0,656,5297,1,5,1073943729,0,1,1->0,1073943680,1312
3,0,656,5299,3,2,1073943731,1,0,0->1,1073943680,1312
3,0,656,5299,3,7,1073943731,0,1,1->0,1073943680,1312
3,0,656,5307,3,0,1073943739,1,0,0->1,1073943680,1312
3,0,656,5309,5,5,1073943741,0,1,1->0,1073943680,1312
3,0,664,5315,3,0,1073943747,1,0,0->1,1073943744,1328
3,0,664,5321,1,2,1073943753,1,0,0->1,1073943744,1328
3,0,664,5325,5,5,1073943757,0,1,1->0,1073943744,1328
3,0,664,5327,7,7,1073943759,0,1,1->0,1073943744,1328
3,0,664,5329,1,2,1073943761,1,0,0->1,1073943744,1328
3,0,664,5329,1,7,1073943761,0,1,1->0,1073943744,1328
3,0,664,5332,4,7,1073943764,0,1,1->0,1073943744,1328
3,0,664,5334,6,7,1073943766,0,1,1->0,1073943744,1328
3,0,664,5337,1,2,1073943769,1,0,0->1,1073943744,1328
3,0,664,5344,0,7,1073943776,0,1,1->0,1073943744,1328
3,0,664,5346,2,2,1073943778,1,0,0->1,1073943744,1328
3,0,664,5346,2,7,1073943778,0,1,1->0,1073943744,1328
3,0,664,5347,3,0,1073943779,1,0,0->1,1073943744,1328
3,0,664,5350,6,7,1073943782,0,1,1->0,1073943744,1328
3,0,664,5353,1,7,1073943785,0,1,1->0,1073943744,1328
3,0,664,5360,0,2,1073943792,1,0,0->1,1073943744,1328
3,0,664,5362,2,2,1073943794,1,0,0->1,1073943744,1328
3,0,664,5366,6,2,1073943798,1,0,0->1,1073943744,1328
3,0,664,5367,7,0,1073943799,1,0,0->1,1073943744,1328
3,0,672,5376,0,7,1073943808,0,1,1->0,1073943808,1344
3,0,672,5379,3,2,1073943811,1,0,0->1,1073943808,1344
3,0,672,5387,3,7,1073943819,0,1,1->0,1073943808,1344
3,0,672,5390,6,7,1073943822,0,1,1->0,1073943808,1344
3,0,672,5393,1,0,1073943825,1,0,0->1,1073943808,1344
3,0,672,5397,5,7,1073943829,0,1,1->0,1073943808,1344
3,0,672,5411,3,2,1073943843,1,0,0->1,1073943808,1344
3,0,672,5415,7,7,1073943847,0,1,1->0,1073943808,1344
3,0,672,5419,3,7,1073943851,0,1,1->0,1073943808,1344
3,0,672,5422,6,5,1073943854,0,1,1->0,1073943808,1344
3,0,672,5423,7,5,1073943855,0,1,1->0,1073943808,1344
3,0,672,5429,5,7,1073943861,0,1,1->0,1073943808,1344
3,0,672,5431,7,0,1073943863,1,0,0->1,1073943808,1344
3,0,672,5431,7,2,1073943863,1,0,0->1,1073943808,1344
3,0,672,5434,2,7,1073943866,0,1,1->0,1073943808,1344
3,0,672,5435,3,0,1073943867,1,0,0->1,1073943808,1344
3,0,672,5435,3,2,1073943867,1,0,0->1,1073943808,1344
3,0,672,5438,6,7,1073943870,0,1,1->0,1073943808,1344
3,0,680,5441,1,0,1073943873,1,0,0->1,1073943872,1360
3,0,680,5462,6,2,1073943894,1,0,0->1,1073943872,1360
3,0,680,5466,2,0,1073943898,1,0,0->1,1073943872,1360
3,0,680,5466,2,2,1073943898,1,0,0->1,1073943872,1360
3,0,680,5467,3,0,1073943899,1,0,0->1,1073943872,1360
3,0,680,5473,1,2,1073943905,1,0,0->1,1073943872,1360
3,0,680,5474,2,7,1073943906,0,1,1->0,1073943872,1360
3,0,680,5479,7,7,1073943911,0,1,1->0,1073943872,1360
3,0,680,5482,2,0,1073943914,1,0,0->1,1073943872,1360
3,0,680,5483,3,5,1073943915,0,1,1->0,1073943872,1360
3,0,680,5484,4,0,1073943916,1,0,0->1,1073943872,1360
3,0,680,5498,2,5,1073943930,0,1,1->0,1073943872,1360
3,0,688,5505,1,0,1073943937,1,0,0->1,1073943936,1376
3,0,688,5508,4,7,1073943940,0,1,1->0,1073943936,1376
3,0,688,5512,0,5,1073943944,0,1,1->0,1073943936,1376
3,0,688,5515,3,7,1073943947,0,1,1->0,1073943936,1376
3,0,688,5521,1,5,1073943953,0,1,1->0,1073943936,1376
3,0,688,5523,3,5,1073943955,0,1,1->0,1073943936,1376
3,0,688,5529,1,0,1073943961,1,0,0->1,1073943936,1376
3,0,688,5529,1,5,1073943961,0,1,1->0,1073943936,1376
3,0,688,5532,4,0,1073943964,1,0,0->1,1073943936,1376
3,0,688,5537,1,2,1073943969,1,0,0->1,1073943936,1376
3,0,688,5539,3,0,1073943971,1,0,0->1,1073943936,1376
3,0,688,5541,5,0,1073943973,1,0,0->1,1073943936,1376
3,0,688,5555,3,7,1073943987,0,1,1->0,1073943936,1376
3,0,688,5556,4,2,1073943988,1,0,0->1,1073943936,1376
3,0,688,5556,4,7,1073943988,0,1,1->0,1073943936,1376
3,0,688,5567,7,2,1073943999,1,0,0->1,1073943936,1376
3,0,696,5569,1,5,1073944001,0,1,1->0,1073944000,1392
3,0,696,5581,5,7,1073944013,0,1,1->0,1073944000,1392
3,0,696,5582,6,7,1073944014,0,1,1->0,1073944000,1392
3,0,696,5584,0,2,1073944016,1,0,0->1,1073944000,1392
3,0,696,5596,4,7,1073944028,0,1,1->0,1073944000,1392
3,0,696,5599,7,0,1073944031,1,0,0->1,1073944000,1392
3,0,696,5603,3,7,1073944035,0,1,1->0,1073944000,1392
3,0,696,5606,6,7,1073944038,0,1,1->0,1073944000,1392
3,0,696,5623,7,2,1073944055,1,0,0->1,1073944000,1392
3,0,696,5624,0,0,1073944056,1,0,0->1,1073944000,1392
3,0,696,5624,0,5,1073944056,0,1,1->0,1073944000,1392
3,0,696,5630,6,5,1073944062,0,1,1->0,1073944000,1392
3,0,704,5635,3,5,1073944067,0,1,1->0,1073944064,1408
3,0,704,5637,5,5,1073944069,0,1,1->0,1073944064,1408
3,0,704,5642,2,2,1073944074,1,0,0->1,1073944064,1408
3,0,704,5643,3,7,1073944075,0,1,1->0,1073944064,1408
3,0,704,5649,1,0,1073944081,1,0,0->1,1073944064,1408
3,0,704,5653,5,2,1073944085,1,0,0->1,1073944064,1408
3,0,704,5664,0,5,1073944096,0,1,1->0,1073944064,1408
3,0,704,5666,2,5,1073944098,0,1,1->0,1073944064,1408
3,0,704,5669,5,5,1073944101,0,1,1->0,1073944064,1408
3,0,704,5677,5,7,1073944109,0,1,1->0,1073944064,1408
3,0,704,5689,1,0,1073944121,1,0,0->1,1073944064,1408
3,0,704,5693,5,7,1073944125,0,1,1->0,1073944064,1408
3,0,704,5695,7,7,1073944127,0,1,1->0,1073944064,1408
3,0,712,5696,0,5,1073944128,0,1,1->0,1073944128,1424
3,0,712,5697,1,5,1073944129,0,1,1->0,1073944128,1424
3,0,712,5706,2,2,1073944138,1,0,0->1,1073944128,1424
3,0,712,5708,4,2,1073944140,1,0,0->1,1073944128,1424
3,0,712,5711,7,5,1073944143,0,1,1->0,1073944128,1424
3,0,712,5717,5,5,1073944149,0,1,1->0,1073944128,1424
3,0,712,5731,3,0,1073944163,1,0,0->1,1073944128,1424
3,0,712,5736,0,0,1073944168,1,0,0->1,1073944128,1424
3,0,712,5743,7,7,1073944175,0,1,1->0,1073944128,1424
3,0,712,5749,5,0,1073944181,1,0,0->1,1073944128,1424
3,0,712,5754,2,7,1073944186,0,1,1->0,1073944128,1424
3,0,720,5761,1,7,1073944193,0,1,1->0,1073944192,1440
3,0,720,5767,7,7,1073944199,0,1,1->0,1073944192,1440
3,0,720,5785,1,2,1073944217,1,0,0->1,1073944192,1440
3,0,720,5794,2,2,1073944226,1,0,0->1,1073944192,1440
3,0,720,5799,7,5,1073944231,0,1,1->0,1073944192,1440
3,0,720,5799,7,7,1073944231,0,1,1->0,1073944192,1440
3,0,720,5802,2,7,1073944234,0,1,1->0,1073944192,1440
3,0,720,5803,3,7,1073944235,0,1,1->0,1073944192,1440
3,0,720,5804,4,5,1073944236,0,1,1->0,1073944192,1440
3,0,720,5807,7,7,1073944239,0,1,1->0,1073944192,1440
3,0,720,5813,5,2,1073944245,1,0,0->1,1073944192,1440
3,0,720,5817,1,5,1073944249,0,1,1->0,1073944192,1440
3,0,728,5824,0,5,1073944256,0,1,1->0,1073944256,1456
3,0,728,5828,4,5,1073944260,0,1,1->0,1073944256,1456
3,0,728,5839,7,7,1073944271,0,1,1->0,1073944256,1456
3,0,728,5842,2,0,1073944274,1,0,0->1,1073944256,1456
3,0,728,5844,4,0,1073944276,1,0,0->1,1073944256,1456
3,0,728,5846,6,7,1073944278,0,1,1->0,1073944256,1456
3,0,728,5860,4,7,1073944292,0,1,1->0,1073944256,1456
3,0,728,5863,7,5,1073944295,0,1,1->0,1073944256,1456
3,0,728,5863,7,7,1073944295,0,1,1->0,1073944256,1456
3,0,728,5864,0,7,1073944296,0,1,1->0,1073944256,1456
3,0,728,5870,6,7,1073944302,0,1,1->0,1073944256,1456
3,0,728,5874,2,5,1073944306,0,1,1->0,1073944256,1456
3,0,728,5880,0,2,1073944312,1,0,0->1,1073944256,1456
3,0,728,5881,1,2,1073944313,1,0,0->1,1073944256,1456
3,0,736,5889,1,0,1073944321,1,0,0->1,1073944320,1472
3,0,736,5893,5,0,1073944325,1,0,0->1,1073944320,1472
3,0,736,5900,4,0,1073944332,1,0,0->1,1073944320,1472
3,0,736,5904,0,7,1073944336,0,1,1->0,1073944320,1472
3,0,736,5906,2,5,1073944338,0,1,1->0,1073944320,1472
3,0,736,5908,4,5,1073944340,0,1,1->0,1073944320,1472
3,0,736,5908,4,7,1073944340,0,1,1->0,1073944320,1472
3,0,736,5917,5,7,1073944349,0,1,1->0,1073944320,1472
3,0,736,5931,3,5,1073944363,0,1,1->0,1073944320,1472
3,0,736,5942,6,5,1073944374,0,1,1->0,1073944320,1472
3,0,736,5945,1,0,1073944377,1,0,0->1,1073944320,1472
3,0,744,5955,3,7,1073944387,0,1,1->0,1073944384,1488
3,0,744,5956,4,5,1073944388,0,1,1->0,1073944384,1488
3,0,744,5962,2,7,1073944394,0,1,1->0,1073944384,1488
3,0,744,5963,3,2,1073944395,1,0,0->1,1073944384,1488
3,0,744,5964,4,7,1073944396,0,1,1->0,1073944384,1488
3,0,744,5970,2,0,1073944402,1,0,0->1,1073944384,1488
3,0,744,5970,2,5,1073944402,0,1,1->0,1073944384,1488
3,0,744,5974,6,5,1073944406,0,1,1->0,1073944384,1488
3,0,744,5979,3,7,1073944411,0,1,1->0,1073944384,1488
3,0,744,5984,0,7,1073944416,0,1,1->0,1073944384,1488
3,0,744,5985,1,2,1073944417,1,0,0->1,1073944384,1488
3,0,744,5987,3,2,1073944419,1,0,0->1,1073944384,1488
3,0,744,5987,3,5,1073944419,0,1,1->0,1073944384,1488
3,0,744,5990,6,7,1073944422,0,1,1->0,1073944384,1488
3,0,744,5992,0,2,1073944424,1,0,0->1,1073944384,1488
3,0,744,5993,1,2,1073944425,1,0,0->1,1073944384,1488
3,0,744,5997,5,0,1073944429,1,0,0->1,1073944384,1488
3,0,744,5997,5,5,1073944429,0,1,1->0,1073944384,1488
3,0,744,5997,5,7,1073944429,0,1,1->0,1073944384,1488
3,0,744,6001,1,5,1073944433,0,1,1->0,1073944384,1488
3,0,744,6001,1,7,1073944433,0,1,1->0,1073944384,1488
3,0,744,6003,3,2,1073944435,1,0,0->1,1073944384,1488
3,0,744,6005,5,0,1073944437,1,0,0->1,1073944384,1488
3,0,752,6016,0,0,1073944448,1,0,0->1,1073944448,1504
3,0,752,6024,0,0,1073944456,1,0,0->1,1073944448,1504
3,0,752,6029,5,2,1073944461,1,0,0->1,1073944448,1504
3,0,752,6030,6,7,1073944462,0,1,1->0,1073944448,1504
3,0,752,6031,7,5,1073944463,0,1,1->0,1073944448,1504
3,0,752,6033,1,0,1073944465,1,0,0->1,1073944448,1504
3,0,752,6036,4,2,1073944468,1,0,0->1,1073944448,1504
3,0,752,6037,5,7,1073944469,0,1,1->0,1073944448,1504
3,0,752,6042,2,7,1073944474,0,1,1->0,1073944448,1504
3,0,752,6046,6,7,1073944478,0,1,1->0,1073944448,1504
3,0,752,6059,3,7,1073944491,0,1,1->0,1073944448,1504
3,0,752,6060,4,2,1073944492,1,0,0->1,1073944448,1504
3,0,752,6062,6,7,1073944494,0,1,1->0,1073944448,1504
3,0,752,6069,5,0,1073944501,1,0,0->1,1073944448,1504
3,0,752,6079,7,0,1073944511,1,0,0->1,1073944448,1504
3,0,760,6084,4,5,1073944516,0,1,1->0,1073944512,1520
3,0,760,6086,6,0,1073944518,1,0,0->1,1073944512,1520
3,0,760,6091,3,5,1073944523,0,1,1->0,1073944512,1520
3,0,760,6095,7,7,1073944527,0,1,1->0,1073944512,1520
3,0,760,6099,3,7,1073944531,0,1,1->0,1073944512,1520
3,0,760,6107,3,7,1073944539,0,1,1->0,1073944512,1520
3,0,760,6111,7,7,1073944543,0,1,1->0,1073944512,1520
3,0,760,6112,0,0,1073944544,1,0,0->1,1073944512,1520
3,0,760,6117,5,7,1073944549,0,1,1->0,1073944512,1520
3,0,760,6120,0,5,1073944552,0,1,1->0,1073944512,1520
3,0,760,6125,5,7,1073944557,0,1,1->0,1073944512,1520
3,0,760,6128,0,0,1073944560,1,0,0->1,1073944512,1520
3,0,760,6129,1,0,1073944561,1,0,0->1,1073944512,1520
3,0,760,6141,5,0,1073944573,1,0,0->1,1073944512,1520
3,0,768,6145,1,2,1073944577,1,0,0->1,1073944576,1536
3,0,768,6147,3,0,1073944579,1,0,0->1,1073944576,1536
3,0,768,6148,4,2,1073944580,1,0,0->1,1073944576,1536
3,0,768,6148,4,7,1073944580,0,1,1->0,1073944576,1536
3,0,768,6149,5,5,1073944581,0,1,1->0,1073944576,1536
3,0,768,6159,7,7,1073944591,0,1,1->0,1073944576,1536
3,0,768,6160,0,2,1073944592,1,0,0->1,1073944576,1536
3,0,768,6163,3,7,1073944595,0,1,1->0,1073944576,1536
3,0,768,6166,6,7,1073944598,0,1,1->0,1073944576,1536
3,0,768,6178,2,7,1073944610,0,1,1->0,1073944576,1536
3,0,768,6180,4,2,1073944612,1,0,0->1,1073944576,1536
3,0,768,6186,2,7,1073944618,0,1,1->0,1073944576,1536
3,0,768,6199,7,5,1073944631,0,1,1->0,1073944576,1536
3,0,768,6202,2,5,1073944634,0,1,1->0,1073944576,1536
3,0,768,6206,6,2,1073944638,1,0,0->1,1073944576,1536
3,0,776,6208,0,2,1073944640,1,0,0->1,1073944640,1552
3,0,776,6210,2,7,1073944642,0,1,1->0,1073944640,1552
3,0,776,6211,3,7,1073944643,0,1,1->0,1073944640,1552
3,0,776,6212,4,2,1073944644,1,0,0->1,1073944640,1552
3,0,776,6217,1,7,1073944649,0,1,1->0,1073944640,1552
3,0,776,6218,2,7,1073944650,0,1,1->0,1073944640,1552
3,0,776,6220,4,5,1073944652,0,1,1->0,1073944640,1552
3,0,776,6223,7,7,1073944655,0,1,1->0,1073944640,1552
3,0,776,6225,1,5,1073944657,0,1,1->0,1073944640,1552
3,0,776,6235,3,0,1073944667,1,0,0->1,1073944640,1552
3,0,776,6238,6,7,1073944670,0,1,1->0,1073944640,1552
3,0,776,6241,1,7,1073944673,0,1,1->0,1073944640,1552
3,0,776,6244,4,5,1073944676,0,1,1->0,1073944640,1552
3,0,776,6256,0,2,1073944688,1,0,0->1,1073944640,1552
3,0,776,6258,2,7,1073944690,0,1,1->0,1073944640,1552
3,0,776,6259,3,7,1073944691,0,1,1->0,1073944640,1552
3,0,776,6262,6,5,1073944694,0,1,1->0,1073944640,1552
3,0,776,6268,4,7,1073944700,0,1,1->0,1073944640,1552
3,0,784,6275,3,5,1073944707,0,1,1->0,1073944704,1568
3,0,784,6280,0,2,1073944712,1,0,0->1,1073944704,1568
3,0,784,6283,3,7,1073944715,0,1,1->0,1073944704,1568
3,0,784,6288,0,5,1073944720,0,1,1->0,1073944704,1568
3,0,784,6291,3,2,1073944723,1,0,0->1,1073944704,1568
3,0,784,6293,5,2,1073944725,1,0,0->1,1073944704,1568
3,0,784,6293,5,5,1073944725,0,1,1->0,1073944704,1568
3,0,784,6298,2,2,1073944730,1,0,0->1,1073944704,1568
3,0,784,6302,6,7,1073944734,0,1,1->0,1073944704,1568
3,0,784,6303,7,5,1073944735,0,1,1->0,1073944704,1568
3,0,784,6318,6,0,1073944750,1,0,0->1,1073944704,1568
3,0,784,6327,7,5,1073944759,0,1,1->0,1073944704,1568
3,0,792,6344,0,7,1073944776,0,1,1->0,1073944768,1584
3,0,792,6346,2,2,1073944778,1,0,0->1,1073944768,1584
3,0,792,6352,0,0,1073944784,1,0,0->1,1073944768,1584
3,0,792,6355,3,2,1073944787,1,0,0->1,1073944768,1584
3,0,792,6364,4,0,1073944796,1,0,0->1,1073944768,1584
3,0,792,6369,1,0,1073944801,1,0,0->1,1073944768,1584
3,0,792,6376,0,0,1073944808,1,0,0->1,1073944768,1584
3,0,792,6385,1,5,1073944817,0,1,1->0,1073944768,1584
3,0,792,6386,2,5,1073944818,0,1,1->0,1073944768,1584
3,0,792,6388,4,5,1073944820,0,1,1->0,1073944768,1584
3,0,792,6389,5,5,1073944821,0,1,1->0,1073944768,1584
3,0,792,6394,2,7,1073944826,0,1,1->0,1073944768,1584
3,0,792,6396,4,5,1073944828,0,1,1->0,1073944768,1584
3,0,792,6397,5,0,1073944829,1,0,0->1,1073944768,1584
3,0,800,6401,1,0,1073944833,1,0,0->1,1073944832,1600
3,0,800,6402,2,2,1073944834,1,0,0->1,1073944832,1600
3,0,800,6404,4,2,1073944836,1,0,0->1,1073944832,1600
3,0,800,6407,7,2,1073944839,1,0,0->1,1073944832,1600
3,0,800,6410,2,5,1073944842,0,1,1->0,1073944832,1600
3,0,800,6414,6,5,1073944846,0,1,1->0,1073944832,1600
3,0,800,6415,7,7,1073944847,0,1,1->0,1073944832,1600
3,0,800,6426,2,2,1073944858,1,0,0->1,1073944832,1600
3,0,800,6426,2,7,1073944858,0,1,1->0,1073944832,1600
3,0,800,6439,7,0,1073944871,1,0,0->1,1073944832,1600
3,0,800,6440,0,7,1073944872,0,1,1->0,1073944832,1600
3,0,800,6457,1,5,1073944889,0,1,1->0,1073944832,1600
3,0,808,6464,0,7,1073944896,0,1,1->0,1073944896,1616
3,0,808,6474,2,0,1073944906,1,0,0->1,1073944896,1616
3,0,808,6476,4,2,1073944908,1,0,0->1,1073944896,1616
3,0,808,6481,1,0,1073944913,1,0,0->1,1073944896,1616
3,0,808,6484,4,2,1073944916,1,0,0->1,1073944896,1616
3,0,808,6485,5,7,1073944917,0,1,1->0,1073944896,1616
3,0,808,6490,2,7,1073944922,0,1,1->0,1073944896,1616
3,0,808,6493,5,2,1073944925,1,0,0->1,1073944896,1616
3,0,808,6502,6,7,1073944934,0,1,1->0,1073944896,1616
3,0,808,6503,7,0,1073944935,1,0,0->1,1073944896,1616
3,0,808,6503,7,2,1073944935,1,0,0->1,1073944896,1616
3,0,808,6504,0,2,1073944936,1,0,0->1,1073944896,1616
3,0,808,6515,3,0,1073944947,1,0,0->1,1073944896,1616
3,0,808,6517,5,5,1073944949,0,1,1->0,1073944896,1616
3,0,808,6520,0,2,1073944952,1,0,0->1,1073944896,1616
3,0,808,6523,3,7,1073944955,0,1,1->0,1073944896,1616
3,0,808,6525,5,0,1073944957,1,0,0->1,1073944896,1616
3,0,816,6529,1,7,1073944961,0,1,1->0,1073944960,1632
3,0,816,6543,7,5,1073944975,0,1,1->0,1073944960,1632
3,0,816,6559,7,5,1073944991,0,1,1->0,1073944960,1632
3,0,816,6563,3,5,1073944995,0,1,1->0,1073944960,1632
3,0,816,6573,5,7,1073945005,0,1,1->0,1073944960,1632
3,0,816,6578,2,7,1073945010,0,1,1->0,1073944960,1632
3,0,816,6579,3,2,1073945011,1,0,0->1,1073944960,1632
3,0,816,6587,3,7,1073945019,0,1,1->0,1073944960,1632
3,0,816,6590,6,2,1073945022,1,0,0->1,1073944960,1632
3,0,824,6593,1,5,1073945025,0,1,1->0,1073945024,1648
3,0,824,6598,6,0,1073945030,1,0,0->1,1073945024,1648
3,0,824,6600,0,0,1073945032,1,0,0->1,1073945024,1648
3,0,824,6604,4,2,1073945036,1,0,0->1,1073945024,1648
3,0,824,6608,0,5,1073945040,0,1,1->0,1073945024,1648
3,0,824,6608,0,7,1073945040,0,1,1->0,1073945024,1648
3,0,824,6609,1,7,1073945041,0,1,1->0,1073945024,1648
3,0,824,6610,2,2,1073945042,1,0,0->1,1073945024,1648
3,0,824,6612,4,0,1073945044,1,0,0->1,1073945024,1648
3,0,824,6619,3,0,1073945051,1,0,0->1,1073945024,1648
3,0,824,6619,3,7,1073945051,0,1,1->0,1073945024,1648
3,0,824,6622,6,7,1073945054,0,1,1->0,1073945024,1648
3,0,824,6624,0,2,1073945056,1,0,0->1,1073945024,1648
3,0,824,6627,3,2,1073945059,1,0,0->1,1073945024,1648
3,0,824,6628,4,0,1073945060,1,0,0->1,1073945024,1648
3,0,824,6629,5,2,1073945061,1,0,0->1,1073945024,1648
3,0,824,6635,3,7,1073945067,0,1,1->0,1073945024,1648
3,0,824,6640,0,0,1073945072,1,0,0->1,1073945024,1648
3,0,824,6640,0,5,1073945072,0,1,1->0,1073945024,1648
3,0,824,6644,4,7,1073945076,0,1,1->0,1073945024,1648
3,0,824,6649,1,7,1073945081,0,1,1->0,1073945024,1648
3,0,824,6652,4,5,1073945084,0,1,1->0,1073945024,1648
3,0,824,6655,7,2,1073945087,1,0,0->1,1073945024,1648
3,0,832,6656,0,7,1073945088,0,1,1->0,1073945088,1664
3,0,832,6660,4,5,1073945092,0,1,1->0,1073945088,1664
3,0,832,6672,0,5,1073945104,0,1,1->0,1073945088,1664
3,0,832,6673,1,0,1073945105,1,0,0->1,1073945088,1664
3,0,832,6674,2,0,1073945106,1,0,0->1,1073945088,1664
3,0,832,6675,3,2,1073945107,1,0,0->1,1073945088,1664
3,0,832,6679,7,5,1073945111,0,1,1->0,1073945088,1664
3,0,832,6681,1,5,1073945113,0,1,1->0,1073945088,1664
3,0,832,6689,1,5,1073945121,0,1,1->0,1073945088,1664
3,0,832,6694,6,7,1073945126,0,1,1->0,1073945088,1664
3,0,832,6695,7,0,1073945127,1,0,0->1,1073945088,1664
3,0,832,6703,7,5,1073945135,0,1,1->0,1073945088,1664
3,0,832,6705,1,7,1073945137,0,1,1->0,1073945088,1664
3,0,832,6715,3,5,1073945147,0,1,1->0,1073945088,1664
3,0,832,6715,3,7,1073945147,0,1,1->0,1073945088,1664
3,0,840,6728,0,2,1073945160,1,0,0->1,1073945152,1680
3,0,840,6746,2,5,1073945178,0,1,1->0,1073945152,1680
3,0,840,6758,6,7,1073945190,0,1,1->0,1073945152,1680
3,0,840,6765,5,5,1073945197,0,1,1->0,1073945152,1680
3,0,840,6772,4,5,1073945204,0,1,1->0,1073945152,1680
3,0,840,6773,5,0,1073945205,1,0,0->1,1073945152,1680
3,0,840,6776,0,7,1073945208,0,1,1->0,1073945152,1680
3,0,840,6781,5,5,1073945213,0,1,1->0,1073945152,1680
3,0,840,6782,6,2,1073945214,1,0,0->1,1073945152,1680
3,0,848,6790,6,7,1073945222,0,1,1->0,1073945216,1696
3,0,848,6797,5,2,1073945229,1,0,0->1,1073945216,1696
3,0,848,6801,1,0,1073945233,1,0,0->1,1073945216,1696
3,0,848,6807,7,0,1073945239,1,0,0->1,1073945216,1696
3,0,848,6808,0,0,1073945240,1,0,0->1,1073945216,1696
3,0,848,6808,0,7,1073945240,0,1,1->0,1073945216,1696
3,0,848,6814,6,7,1073945246,0,1,1->0,1073945216,1696
3,0,848,6816,0,0,1073945248,1,0,0->1,1073945216,1696
3,0,848,6823,7,7,1073945255,0,1,1->0,1073945216,1696
3,0,848,6824,0,0,1073945256,1,0,0->1,1073945216,1696
3,0,848,6832,0,5,1073945264,0,1,1->0,1073945216,1696
3,0,848,6834,2,7,1073945266,0,1,1->0,1073945216,1696
3,0,848,6836,4,5,1073945268,0,1,1->0,1073945216,1696
3,0,848,6838,6,5,1073945270,0,1,1->0,1073945216,1696
3,0,848,6845,5,7,1073945277,0,1,1->0,1073945216,1696
3,0,848,6846,6,7,1073945278,0,1,1->0,1073945216,1696
3,0,848,6847,7,5,1073945279,0,1,1->0,1073945216,1696
3,0,856,6849,1,0,1073945281,1,0,0->1,1073945280,1712
3,0,856,6851,3,7,1073945283,0,1,1->0,1073945280,1712
3,0,856,6853,5,7,1073945285,0,1,1->0,1073945280,1712
3,0,856,6857,1,7,1073945289,0,1,1->0,1073945280,1712
3,0,856,6862,6,0,1073945294,1,0,0->1,1073945280,1712
3,0,856,6865,1,0,1073945297,1,0,0->1,1073945280,1712
3,0,856,6866,2,7,1073945298,0,1,1->0,1073945280,1712
3,0,856,6868,4,5,1073945300,0,1,1->0,1073945280,1712
3,0,856,6869,5,0,1073945301,1,0,0->1,1073945280,1712
3,0,856,6874,2,7,1073945306,0,1,1->0,1073945280,1712
3,0,856,6875,3,7,1073945307,0,1,1->0,1073945280,1712
3,0,856,6885,5,2,1073945317,1,0,0->1,1073945280,1712
3,0,856,6885,5,5,1073945317,0,1,1->0,1073945280,1712
3,0,856,6886,6,5,1073945318,0,1,1->0,1073945280,1712
3,0,856,6903,7,5,1073945335,0,1,1->0,1073945280,1712
3,0,856,6910,6,7,1073945342,0,1,1->0,1073945280,1712
3,0,864,6912,0,0,1073945344,1,0,0->1,1073945344,1728
3,0,864,6912,0,2,1073945344,1,0,0->1,1073945344,1728
3,0,864,6913,1,2,1073945345,1,0,0->1,1073945344,1728
3,0,864,6917,5,0,1073945349,1,0,0->1,1073945344,1728
3,0,864,6925,5,5,1073945357,0,1,1->0,1073945344,1728
3,0,864,6926,6,7,1073945358,0,1,1->0,1073945344,1728
3,0,864,6934,6,5,1073945366,0,1,1->0,1073945344,1728
3,0,864,6934,6,7,1073945366,0,1,1->0,1073945344,1728
3,0,864,6936,0,5,1073945368,0,1,1->0,1073945344,1728
3,0,864,6938,2,2,1073945370,1,0,0->1,1073945344,1728
3,0,864,6940,4,5,1073945372,0,1,1->0,1073945344,1728
3,0,864,6942,6,5,1073945374,0,1,1->0,1073945344,1728
3,0,864,6944,0,2,1073945376,1,0,0->1,1073945344,1728
3,0,864,6945,1,5,1073945377,0,1,1->0,1073945344,1728
3,0,864,6946,2,0,1073945378,1,0,0->1,1073945344,1728
3,0,864,6946,2,2,1073945378,1,0,0->1,1073945344,1728
3,0,864,6949,5,2,1073945381,1,0,0->1,1073945344,1728
3,0,864,6950,6,0,1073945382,1,0,0->1,1073945344,1728
3,0,864,6954,2,7,1073945386,0,1,1->0,1073945344,1728
3,0,864,6956,4,0,1073945388,1,0,0->1,1073945344,1728
3,0,864,6961,1,5,1073945393,0,1,1->0,1073945344,1728
3,0,864,6965,5,0,1073945397,1,0,0->1,1073945344,1728
3,0,864,6969,1,5,1073945401,0,1,1->0,1073945344,1728
3,0,872,6979,3,0,1073945411,1,0,0->1,1073945408,1744
3,0,872,6979,3,2,1073945411,1,0,0->1,1073945408,1744
3,0,872,6980,4,0,1073945412,1,0,0->1,1073945408,1744
3,0,872,6983,7,0,1073945415,1,0,0->1,1073945408,1744
3,0,872,6983,7,5,1073945415,0,1,1->0,1073945408,1744
3,0,872,6990,6,2,1073945422,1,0,0->1,1073945408,1744
3,0,872,6991,7,7,1073945423,0,1,1->0,1073945408,1744
3,0,872,6993,1,5,1073945425,0,1,1->0,1073945408,1744
3,0,872,6994,2,7,1073945426,0,1,1->0,1073945408,1744
3,0,872,6998,6,5,1073945430,0,1,1->0,1073945408,1744
3,0,872,6998,6,7,1073945430,0,1,1->0,1073945408,1744
3,0,872,6999,7,5,1073945431,0,1,1->0,1073945408,1744
3,0,872,7000,0,5,1073945432,0,1,1->0,1073945408,1744
3,0,872,7002,2,5,1073945434,0,1,1->0,1073945408,1744
3,0,872,7005,5,0,1073945437,1,0,0->1,1073945408,1744
3,0,872,7005,5,2,1073945437,1,0,0->1,1073945408,1744
3,0,872,7006,6,7,1073945438,0,1,1->0,1073945408,1744
3,0,872,7009,1,0,1073945441,1,0,0->1,1073945408,1744
3,0,872,7012,4,5,1073945444,0,1,1->0,1073945408,1744
3,0,872,7014,6,7,1073945446,0,1,1->0,1073945408,1744
3,0,872,7019,3,7,1073945451,0,1,1->0,1073945408,1744
3,0,872,7033,1,2,1073945465,1,0,0->1,1073945408,1744
3,0,872,7035,3,7,1073945467,0,1,1->0,1073945408,1744
3,0,880,7040,0,0,1073945472,1,0,0->1,1073945472,1760
3,0,880,7040,0,5,1073945472,0,1,1->0,1073945472,1760
3,0,880,7050,2,7,1073945482,0,1,1->0,1073945472,1760
3,0,880,7051,3,5,1073945483,0,1,1->0,1073945472,1760
3,0,880,7059,3,7,1073945491,0,1,1->0,1073945472,1760
3,0,880,7061,5,5,1073945493,0,1,1->0,1073945472,1760
3,0,880,7062,6,5,1073945494,0,1,1->0,1073945472,1760
3,0,880,7064,0,7,1073945496,0,1,1->0,1073945472,1760
3,0,880,7065,1,5,1073945497,0,1,1->0,1073945472,1760
3,0,880,7070,6,2,1073945502,1,0,0->1,1073945472,1760
3,0,880,7074,2,0,1073945506,1,0,0->1,1073945472,1760
3,0,880,7081,1,2,1073945513,1,0,0->1,1073945472,1760
3,0,880,7087,7,2,1073945519,1,0,0->1,1073945472,1760
3,0,880,7089,1,5,1073945521,0,1,1->0,1073945472,1760
3,0,880,7092,4,5,1073945524,0,1,1->0,1073945472,1760
3,0,880,7099,3,5,1073945531,0,1,1->0,1073945472,1760
3,0,888,7110,6,5,1073945542,0,1,1->0,1073945536,1776
3,0,888,7114,2,5,1073945546,0,1,1->0,1073945536,1776
3,0,888,7115,3,5,1073945547,0,1,1->0,1073945536,1776
3,0,888,7117,5,5,1073945549,0,1,1->0,1073945536,1776
3,0,888,7118,6,5,1073945550,0,1,1->0,1073945536,1776
3,0,888,7121,1,0,1073945553,1,0,0->1,1073945536,1776
3,0,888,7133,5,0,1073945565,1,0,0->1,1073945536,1776
3,0,888,7136,0,7,1073945568,0,1,1->0,1073945536,1776
3,0,888,7149,5,7,1073945581,0,1,1->0,1073945536,1776
3,0,888,7154,2,5,1073945586,0,1,1->0,1073945536,1776
3,0,888,7155,3,5,1073945587,0,1,1->0,1073945536,1776
3,0,888,7156,4,5,1073945588,0,1,1->0,1073945536,1776
3,0,888,7162,2,7,1073945594,0,1,1->0,1073945536,1776
3,0,888,7165,5,0,1073945597,1,0,0->1,1073945536,1776
3,0,888,7165,5,5,1073945597,0,1,1->0,1073945536,1776
3,0,888,7166,6,2,1073945598,1,0,0->1,1073945536,1776
3,0,896,7169,1,5,1073945601,0,1,1->0,1073945600,1792
3,0,896,7172,4,5,1073945604,0,1,1->0,1073945600,1792
3,0,896,7177,1,2,1073945609,1,0,0->1,1073945600,1792
3,0,896,7180,4,7,1073945612,0,1,1->0,1073945600,1792
3,0,896,7187,3,7,1073945619,0,1,1->0,1073945600,1792
3,0,896,7188,4,5,1073945620,0,1,1->0,1073945600,1792
3,0,896,7195,3,5,1073945627,0,1,1->0,1073945600,1792
3,0,896,7197,5,0,1073945629,1,0,0->1,1073945600,1792
3,0,896,7200,0,7,1073945632,0,1,1->0,1073945600,1792
3,0,896,7201,1,7,1073945633,0,1,1->0,1073945600,1792
3,0,896,7205,5,0,1073945637,1,0,0->1,1073945600,1792
3,0,896,7206,6,2,1073945638,1,0,0->1,1073945600,1792
3,0,896,7211,3,7,1073945643,0,1,1->0,1073945600,1792
3,0,896,7217,1,5,1073945649,0,1,1->0,1073945600,1792
3,0,896,7219,3,7,1073945651,0,1,1->0,1073945600,1792
3,0,896,7229,5,2,1073945661,1,0,0->1,1073945600,1792
3,0,904,7237,5,7,1073945669,0,1,1->0,1073945664,1808
3,0,904,7240,0,7,1073945672,0,1,1->0,1073945664,1808
3,0,904,7249,1,5,1073945681,0,1,1->0,1073945664,1808
3,0,904,7252,4,2,1073945684,1,0,0->1,1073945664,1808
3,0,904,7257,1,7,1073945689,0,1,1->0,1073945664,1808
3,0,904,7265,1,7,1073945697,0,1,1->0,1073945664,1808
3,0,904,7268,4,5,1073945700,0,1,1->0,1073945664,1808
3,0,904,7269,5,0,1073945701,1,0,0->1,1073945664,1808
3,0,904,7273,1,0,1073945705,1,0,0->1,1073945664,1808
3,0,904,7274,2,0,1073945706,1,0,0->1,1073945664,1808
3,0,904,7276,4,5,1073945708,0,1,1->0,1073945664,1808
3,0,904,7277,5,0,1073945709,1,0,0->1,1073945664,1808
3,0,904,7288,0,5,1073945720,0,1,1->0,1073945664,1808
3,0,904,7295,7,5,1073945727,0,1,1->0,1073945664,1808
3,0,912,7299,3,2,1073945731,1,0,0->1,1073945728,1824
3,0,912,7303,7,5,1073945735,0,1,1->0,1073945728,1824
3,0,912,7304,0,0,1073945736,1,0,0->1,1073945728,1824
3,0,912,7306,2,0,1073945738,1,0,0->1,1073945728,1824
3,0,912,7310,6,5,1073945742,0,1,1->0,1073945728,1824
3,0,912,7316,4,2,1073945748,1,0,0->1,1073945728,1824
3,0,912,7319,7,2,1073945751,1,0,0->1,1073945728,1824
3,0,912,7326,6,7,1073945758,0,1,1->0,1073945728,1824
3,0,912,7327,7,7,1073945759,0,1,1->0,1073945728,1824
3,0,912,7328,0,0,1073945760,1,0,0->1,1073945728,1824
3,0,912,7336,0,7,1073945768,0,1,1->0,1073945728,1824
3,0,912,7338,2,0,1073945770,1,0,0->1,1073945728,1824
3,0,912,7338,2,2,1073945770,1,0,0->1,1073945728,1824
3,0,912,7340,4,5,1073945772,0,1,1->0,1073945728,1824
3,0,912,7347,3,7,1073945779,0,1,1->0,1073945728,1824
3,0,912,7348,4,2,1073945780,1,0,0->1,1073945728,1824
3,0,912,7349,5,7,1073945781,0,1,1->0,1073945728,1824
3,0,920,7367,7,0,1073945799,1,0,0->1,1073945792,1840
3,0,920,7370,2,2,1073945802,1,0,0->1,1073945792,1840
3,0,920,7371,3,2,1073945803,1,0,0->1,1073945792,1840
3,0,920,7376,0,2,1073945808,1,0,0->1,1073945792,1840
3,0,920,7386,2,0,1073945818,1,0,0->1,1073945792,1840
3,0,920,7390,6,2,1073945822,1,0,0->1,1073945792,1840
3,0,920,7391,7,2,1073945823,1,0,0->1,1073945792,1840
3,0,920,7397,5,7,1073945829,0,1,1->0,1073945792,1840
3,0,920,7400,0,2,1073945832,1,0,0->1,1073945792,1840
3,0,920,7404,4,5,1073945836,0,1,1->0,1073945792,1840
3,0,920,7406,6,2,1073945838,1,0,0->1,1073945792,1840
3,0,920,7407,7,7,1073945839,0,1,1->0,1073945792,1840
3,0,920,7408,0,2,1073945840,1,0,0->1,1073945792,1840
3,0,920,7410,2,5,1073945842,0,1,1->0,1073945792,1840
3,0,920,7414,6,7,1073945846,0,1,1->0,1073945792,1840
3,0,920,7417,1,0,1073945849,1,0,0->1,1073945792,1840
3,0,928,7425,1,5,1073945857,0,1,1->0,1073945856,1856
3,0,928,7429,5,5,1073945861,0,1,1->0,1073945856,1856
3,0,928,7432,0,0,1073945864,1,0,0->1,1073945856,1856
3,0,928,7434,2,2,1073945866,1,0,0->1,1073945856,1856
3,0,928,7436,4,7,1073945868,0,1,1->0,1073945856,1856
3,0,928,7437,5,5,1073945869,0,1,1->0,1073945856,1856
3,0,928,7441,1,7,1073945873,0,1,1->0,1073945856,1856
3,0,928,7443,3,5,1073945875,0,1,1->0,1073945856,1856
3,0,928,7456,0,2,1073945888,1,0,0->1,1073945856,1856
3,0,928,7461,5,7,1073945893,0,1,1->0,1073945856,1856
3,0,928,7463,7,0,1073945895,1,0,0->1,1073945856,1856
3,0,928,7465,1,5,1073945897,0,1,1->0,1073945856,1856
3,0,928,7467,3,5,1073945899,0,1,1->0,1073945856,1856
3,0,936,7488,0,5,1073945920,0,1,1->0,1073945920,1872
3,0,936,7499,3,7,1073945931,0,1,1->0,1073945920,1872
3,0,936,7507,3,5,1073945939,0,1,1->0,1073945920,1872
3,0,936,7507,3,7,1073945939,0,1,1->0,1073945920,1872
3,0,936,7514,2,7,1073945946,0,1,1->0,1073945920,1872
3,0,936,7517,5,2,1073945949,1,0,0->1,1073945920,1872
3,0,936,7518,6,0,1073945950,1,0,0->1,1073945920,1872
3,0,936,7519,7,5,1073945951,0,1,1->0,1073945920,1872
3,0,936,7523,3,5,1073945955,0,1,1->0,1073945920,1872
3,0,936,7527,7,2,1073945959,1,0,0->1,1073945920,1872
3,0,936,7533,5,7,1073945965,0,1,1->0,1073945920,1872
3,0,936,7534,6,0,1073945966,1,0,0->1,1073945920,1872
3,0,936,7544,0,5,1073945976,0,1,1->0,1073945920,1872
3,0,936,7545,1,2,1073945977,1,0,0->1,1073945920,1872
3,0,936,7548,4,0,1073945980,1,0,0->1,1073945920,1872
3,0,936,7550,6,5,1073945982,0,1,1->0,1073945920,1872
3,0,936,7550,6,7,1073945982,0,1,1->0,1073945920,1872
3,0,944,7553,1,0,1073945985,1,0,0->1,1073945984,1888
3,0,944,7559,7,0,1073945991,1,0,0->1,1073945984,1888
3,0,944,7568,0,0,1073946000,1,0,0->1,1073945984,1888
3,0,944,7568,0,5,1073946000,0,1,1->0,1073945984,1888
3,0,944,7569,1,7,1073946001,0,1,1->0,1073945984,1888
3,0,944,7571,3,7,1073946003,0,1,1->0,1073945984,1888
3,0,944,7577,1,7,1073946009,0,1,1->0,1073945984,1888
3,0,944,7582,6,0,1073946014,1,0,0->1,1073945984,1888
3,0,944,7586,2,0,1073946018,1,0,0->1,1073945984,1888
3,0,944,7605,5,0,1073946037,1,0,0->1,1073945984,1888
3,0,944,7605,5,2,1073946037,1,0,0->1,1073945984,1888
3,0,944,7609,1,0,1073946041,1,0,0->1,1073945984,1888
3,0,952,7623,7,0,1073946055,1,0,0->1,1073946048,1904
3,0,952,7627,3,7,1073946059,0,1,1->0,1073946048,1904
3,0,952,7642,2,5,1073946074,0,1,1->0,1073946048,1904
3,0,952,7649,1,7,1073946081,0,1,1->0,1073946048,1904
3,0,952,7651,3,2,1073946083,1,0,0->1,1073946048,1904
3,0,952,7657,1,5,1073946089,0,1,1->0,1073946048,1904
3,0,952,7660,4,0,1073946092,1,0,0->1,1073946048,1904
3,0,952,7661,5,7,1073946093,0,1,1->0,1073946048,1904
3,0,952,7662,6,5,1073946094,0,1,1->0,1073946048,1904
3,0,952,7669,5,5,1073946101,0,1,1->0,1073946048,1904
3,0,952,7670,6,5,1073946102,0,1,1->0,1073946048,1904
3,0,952,7673,1,7,1073946105,0,1,1->0,1073946048,1904
3,0,960,7682,2,7,1073946114,0,1,1->0,1073946112,1920
3,0,960,7685,5,5,1073946117,0,1,1->0,1073946112,1920
3,0,960,7686,6,2,1073946118,1,0,0->1,1073946112,1920
3,0,960,7689,1,7,1073946121,0,1,1->0,1073946112,1920
3,0,960,7691,3,5,1073946123,0,1,1->0,1073946112,1920
3,0,960,7694,6,7,1073946126,0,1,1->0,1073946112,1920
3,0,960,7696,0,5,1073946128,0,1,1->0,1073946112,1920
3,0,960,7697,1,0,1073946129,1,0,0->1,1073946112,1920
3,0,960,7703,7,0,1073946135,1,0,0->1,1073946112,1920
3,0,960,7704,0,2,1073946136,1,0,0->1,1073946112,1920
3,0,960,7708,4,0,1073946140,1,0,0->1,1073946112,1920
3,0,960,7713,1,0,1073946145,1,0,0->1,1073946112,1920
3,0,960,7714,2,5,1073946146,0,1,1->0,1073946112,1920
3,0,960,7717,5,0,1073946149,1,0,0->1,1073946112,1920
3,0,960,7717,5,5,1073946149,0,1,1->0,1073946112,1920
3,0,960,7721,1,2,1073946153,1,0,0->1,1073946112,1920
3,0,960,7729,1,0,1073946161,1,0,0->1,1073946112,1920
3,0,960,7731,3,0,1073946163,1,0,0->1,1073946112,1920
3,0,960,7742,6,7,1073946174,0,1,1->0,1073946112,1920
3,0,960,7743,7,7,1073946175,0,1,1->0,1073946112,1920
3,0,968,7744,0,7,1073946176,0,1,1->0,1073946176,1936
3,0,968,7747,3,7,1073946179,0,1,1->0,1073946176,1936
3,0,968,7748,4,7,1073946180,0,1,1->0,1073946176,1936
3,0,968,7753,1,2,1073946185,1,0,0->1,1073946176,1936
3,0,968,7754,2,5,1073946186,0,1,1->0,1073946176,1936
3,0,968,7755,3,5,1073946187,0,1,1->0,1073946176,1936
3,0,968,7755,3,7,1073946187,0,1,1->0,1073946176,1936
3,0,968,7761,1,2,1073946193,1,0,0->1,1073946176,1936
3,0,968,7765,5,5,1073946197,0,1,1->0,1073946176,1936
3,0,968,7766,6,5,1073946198,0,1,1->0,1073946176,1936
3,0,968,7770,2,5,1073946202,0,1,1->0,1073946176,1936
3,0,968,7774,6,5,1073946206,0,1,1->0,1073946176,1936
3,0,968,7775,7,0,1073946207,1,0,0->1,1073946176,1936
3,0,968,7778,2,0,1073946210,1,0,0->1,1073946176,1936
3,0,968,7779,3,0,1073946211,1,0,0->1,1073946176,1936
3,0,968,7780,4,5,1073946212,0,1,1->0,1073946176,1936
3,0,968,7780,4,7,1073946212,0,1,1->0,1073946176,1936
3,0,968,7784,0,5,1073946216,0,1,1->0,1073946176,1936
3,0,968,7788,4,7,1073946220,0,1,1->0,1073946176,1936
3,0,968,7789,5,7,1073946221,0,1,1->0,1073946176,1936
3,0,968,7799,7,2,1073946231,1,0,0->1,1073946176,1936
3,0,968,7799,7,5,1073946231,0,1,1->0,1073946176,1936
3,0,968,7804,4,5,1073946236,0,1,1->0,1073946176,1936
3,0,968,7805,5,5,1073946237,0,1,1->0,1073946176,1936
3,0,968,7807,7,0,1073946239,1,0,0->1,1073946176,1936
3,0,976,7811,3,2,1073946243,1,0,0->1,1073946240,1952
3,0,976,7814,6,7,1073946246,0,1,1->0,1073946240,1952
3,0,976,7821,5,0,1073946253,1,0,0->1,1073946240,1952
3,0,976,7826,2,5,1073946258,0,1,1->0,1073946240,1952
3,0,976,7835,3,5,1073946267,0,1,1->0,1073946240,1952
3,0,976,7835,3,7,1073946267,0,1,1->0,1073946240,1952
3,0,976,7836,4,2,1073946268,1,0,0->1,1073946240,1952
3,0,976,7836,4,5,1073946268,0,1,1->0,1073946240,1952
3,0,976,7838,6,2,1073946270,1,0,0->1,1073946240,1952
3,0,976,7838,6,5,1073946270,0,1,1->0,1073946240,1952
3,0,976,7845,5,5,1073946277,0,1,1->0,1073946240,1952
3,0,976,7845,5,7,1073946277,0,1,1->0,1073946240,1952
3,0,976,7847,7,7,1073946279,0,1,1->0,1073946240,1952
3,0,976,7853,5,5,1073946285,0,1,1->0,1073946240,1952
3,0,976,7864,0,5,1073946296,0,1,1->0,1073946240,1952
3,0,976,7865,1,5,1073946297,0,1,1->0,1073946240,1952
3,0,984,7872,0,5,1073946304,0,1,1->0,1073946304,1968
3,0,984,7880,0,5,1073946312,0,1,1->0,1073946304,1968
3,0,984,7902,6,2,1073946334,1,0,0->1,1073946304,1968
3,0,984,7903,7,2,1073946335,1,0,0->1,1073946304,1968
3,0,984,7905,1,7,1073946337,0,1,1->0,1073946304,1968
3,0,984,7906,2,7,1073946338,0,1,1->0,1073946304,1968
3,0,984,7908,4,5,1073946340,0,1,1->0,1073946304,1968
3,0,984,7911,7,7,1073946343,0,1,1->0,1073946304,1968
3,0,984,7912,0,0,1073946344,1,0,0->1,1073946304,1968
3,0,984,7914,2,7,1073946346,0,1,1->0,1073946304,1968
3,0,984,7918,6,7,1073946350,0,1,1->0,1073946304,1968
3,0,984,7929,1,7,1073946361,0,1,1->0,1073946304,1968
3,0,984,7930,2,5,1073946362,0,1,1->0,1073946304,1968
3,0,992,7939,3,2,1073946371,1,0,0->1,1073946368,1984
3,0,992,7939,3,7,1073946371,0,1,1->0,1073946368,1984
3,0,992,7941,5,5,1073946373,0,1,1->0,1073946368,1984
3,0,992,7944,0,0,1073946376,1,0,0->1,1073946368,1984
3,0,992,7944,0,7,1073946376,0,1,1->0,1073946368,1984
3,0,992,7946,2,0,1073946378,1,0,0->1,1073946368,1984
3,0,992,7949,5,7,1073946381,0,1,1->0,1073946368,1984
3,0,992,7951,7,0,1073946383,1,0,0->1,1073946368,1984
3,0,992,7954,2,0,1073946386,1,0,0->1,1073946368,1984
3,0,992,7960,0,2,1073946392,1,0,0->1,1073946368,1984
3,0,992,7962,2,2,1073946394,1,0,0->1,1073946368,1984
3,0,992,7972,4,2,1073946404,1,0,0->1,1073946368,1984
3,0,992,7977,1,7,1073946409,0,1,1->0,1073946368,1984
3,0,992,7978,2,0,1073946410,1,0,0->1,1073946368,1984
3,0,992,7979,3,2,1073946411,1,0,0->1,1073946368,1984
3,0,992,7984,0,2,1073946416,1,0,0->1,1073946368,1984
3,0,992,7992,0,0,1073946424,1,0,0->1,1073946368,1984
3,0,992,7993,1,5,1073946425,0,1,1->0,1073946368,1984
3,0,1000,8005,5,5,1073946437,0,1,1->0,1073946432,2000
3,0,1000,8006,6,0,1073946438,1,0,0->1,1073946432,2000
3,0,1000,8010,2,2,1073946442,1,0,0->1,1073946432,2000
3,0,1000,8019,3,7,1073946451,0,1,1->0,1073946432,2000
3,0,1000,8025,1,5,1073946457,0,1,1->0,1073946432,2000
3,0,1000,8031,7,0,1073946463,1,0,0->1,1073946432,2000
3,0,1000,8040,0,7,1073946472,0,1,1->0,1073946432,2000
3,0,1000,8043,3,7,1073946475,0,1,1->0,1073946432,2000
3,0,1000,8048,0,7,1073946480,0,1,1->0,1073946432,2000
3,0,1000,8051,3,5,1073946483,0,1,1->0,1073946432,2000
3,0,1000,8054,6,0,1073946486,1,0,0->1,1073946432,2000
3,0,1000,8055,7,0,1073946487,1,0,0->1,1073946432,2000
3,0,1000,8056,0,7,1073946488,0,1,1->0,1073946432,2000
3,0,1008,8065,1,2,1073946497,1,0,0->1,1073946496,2016
3,0,1008,8072,0,5,1073946504,0,1,1->0,1073946496,2016
3,0,1008,8075,3,0,1073946507,1,0,0->1,1073946496,2016
3,0,1008,8075,3,5,1073946507,0,1,1->0,1073946496,2016
3,0,1008,8076,4,2,1073946508,1,0,0->1,1073946496,2016
3,0,1008,8079,7,5,1073946511,0,1,1->0,1073946496,2016
3,0,1008,8083,3,2,1073946515,1,0,0->1,1073946496,2016
3,0,1008,8088,0,0,1073946520,1,0,0->1,1073946496,2016
3,0,1008,8090,2,5,1073946522,0,1,1->0,1073946496,2016
3,0,1008,8091,3,0,1073946523,1,0,0->1,1073946496,2016
3,0,1008,8091,3,2,1073946523,1,0,0->1,1073946496,2016
3,0,1008,8093,5,5,1073946525,0,1,1->0,1073946496,2016
3,0,1008,8095,7,5,1073946527,0,1,1->0,1073946496,2016
3,0,1008,8097,1,5,1073946529,0,1,1->0,1073946496,2016
3,0,1008,8101,5,2,1073946533,1,0,0->1,1073946496,2016
3,0,1008,8103,7,7,1073946535,0,1,1->0,1073946496,2016
3,0,1008,8105,1,0,1073946537,1,0,0->1,1073946496,2016
3,0,1008,8107,3,2,1073946539,1,0,0->1,1073946496,2016
3,0,1008,8108,4,5,1073946540,0,1,1->0,1073946496,2016
3,0,1008,8111,7,7,1073946543,0,1,1->0,1073946496,2016
3,0,1008,8112,0,5,1073946544,0,1,1->0,1073946496,2016
3,0,1008,8116,4,5,1073946548,0,1,1->0,1073946496,2016
3,0,1008,8121,1,7,1073946553,0,1,1->0,1073946496,2016
3,0,1008,8126,6,5,1073946558,0,1,1->0,1073946496,2016
3,0,1008,8126,6,7,1073946558,0,1,1->0,1073946496,2016
3,0,1016,8129,1,7,1073946561,0,1,1->0,1073946560,2032
3,0,1016,8135,7,2,1073946567,1,0,0->1,1073946560,2032
3,0,1016,8135,7,7,1073946567,0,1,1->0,1073946560,2032
3,0,1016,8138,2,7,1073946570,0,1,1->0,1073946560,2032
3,0,1016,8141,5,2,1073946573,1,0,0->1,1073946560,2032
3,0,1016,8142,6,5,1073946574,0,1,1->0,1073946560,2032
3,0,1016,8148,4,0,1073946580,1,0,0->1,1073946560,2032
3,0,1016,8148,4,2,1073946580,1,0,0->1,1073946560,2032
3,0,1016,8149,5,5,1073946581,0,1,1->0,1073946560,2032
3,0,1016,8152,0,2,1073946584,1,0,0->1,1073946560,2032
3,0,1016,8162,2,0,1073946594,1,0,0->1,1073946560,2032
3,0,1016,8170,2,0,1073946602,1,0,0->1,1073946560,2032
3,0,1016,8173,5,5,1073946605,0,1,1->0,1073946560,2032
3,0,1016,8175,7,2,1073946607,1,0,0->1,1073946560,2032
3,0,1016,8177,1,5,1073946609,0,1,1->0,1073946560,2032
3,0,1016,8179,3,5,1073946611,0,1,1->0,1073946560,2032
3,0,1016,8182,6,7,1073946614,0,1,1->0,1073946560,2032
3,0,1016,8183,7,0,1073946615,1,0,0->1,1073946560,2032
3,0,1016,8183,7,7,1073946615,0,1,1->0,1073946560,2032
3,0,1016,8190,6,7,1073946622,0,1,1->0,1073946560,2032
156,1,616,13125,5,1,1083978565,0,1,1->0,1083978560,3280
293,1,120,9181,5,5,1092953053,0,1,1->0,1092953024,2288
318,2,224,18193,1,7,1094600465,0,1,1->0,1094600448,4544
417,7,296,59747,3,5,1101130083,0,1,1->0,1101130048,14928
733,1,360,11106,2,7,1121790818,0,1,1->0,1121790784,2768
893,3,544,28931,3,7,1132294403,0,1,1->0,1132294400,7232
971,1,680,13654,6,7,1137390934,0,1,1->0,1137390912,3408
1415,7,744,63313,1,1,1166538577,0,1,1->0,1166538560,15824
1788,0,448,3627,3,5,1190923819,0,1,1->0,1190923776,896
1991,7,448,60991,7,3,1204284991,0,1,1->0,1204284928,15232
2327,7,616,62328,0,5,1226306424,0,1,1->0,1226306368,15568
2425,0,0,1,1,1,1232666625,0,1,1->0,1232666624,0
2425,0,0,1,1,4,1232666625,1,0,0->1,1232666624,0
2425,0,0,6,6,6,1232666630,1,0,0->1,1232666624,0
2425,0,0,10,2,1,1232666634,0,1,1->0,1232666624,0
2425,0,0,17,1,3,1232666641,0,1,1->0,1232666624,0
2425,0,0,25,1,4,1232666649,1,0,0->1,1232666624,0
2425,0,0,27,3,1,1232666651,0,1,1->0,1232666624,0
2425,0,0,32,0,1,1232666656,0,1,1->0,1232666624,0
2425,0,0,36,4,6,1232666660,1,0,0->1,1232666624,0
2425,0,0,41,1,1,1232666665,0,1,1->0,1232666624,0
2425,0,0,47,7,1,1232666671,0,1,1->0,1232666624,0
2425,0,0,47,7,3,1232666671,0,1,1->0,1232666624,0
2425,0,0,50,2,1,1232666674,0,1,1->0,1232666624,0
2425,0,0,50,2,3,1232666674,0,1,1->0,1232666624,0
2425,0,0,54,6,3,1232666678,0,1,1->0,1232666624,0
2425,0,0,55,7,4,1232666679,1,0,0->1,1232666624,0
2425,0,0,60,4,6,1232666684,1,0,0->1,1232666624,0
2425,0,8,70,6,1,1232666694,0,1,1->0,1232666688,16
2425,0,8,72,0,1,1232666696,0,1,1->0,1232666688,16
2425,0,8,83,3,4,1232666707,1,0,0->1,1232666688,16
2425,0,8,89,1,1,1232666713,0,1,1->0,1232666688,16
2425,0,8,91,3,1,1232666715,0,1,1->0,1232666688,16
2425,0,8,91,3,3,1232666715,0,1,1->0,1232666688,16
2425,0,8,101,5,1,1232666725,0,1,1->0,1232666688,16
2425,0,8,105,1,3,1232666729,0,1,1->0,1232666688,16
2425,0,8,111,7,1,1232666735,0,1,1->0,1232666688,16
2425,0,8,111,7,3,1232666735,0,1,1->0,1232666688,16
2425,0,8,112,0,1,1232666736,0,1,1->0,1232666688,16
2425,0,8,115,3,3,1232666739,0,1,1->0,1232666688,16
2425,0,8,116,4,1,1232666740,0,1,1->0,1232666688,16
2425,0,8,123,3,4,1232666747,1,0,0->1,1232666688,16
2425,0,16,133,5,6,1232666757,1,0,0->1,1232666752,32
2425,0,16,138,2,3,1232666762,0,1,1->0,1232666752,32
2425,0,16,140,4,3,1232666764,0,1,1->0,1232666752,32
2425,0,16,141,5,4,1232666765,1,0,0->1,1232666752,32
2425,0,16,145,1,3,1232666769,0,1,1->0,1232666752,32
2425,0,16,147,3,1,1232666771,0,1,1->0,1232666752,32
2425,0,16,154,2,3,1232666778,0,1,1->0,1232666752,32
2425,0,16,164,4,1,1232666788,0,1,1->0,1232666752,32
2425,0,16,165,5,3,1232666789,0,1,1->0,1232666752,32
2425,0,16,168,0,3,1232666792,0,1,1->0,1232666752,32
2425,0,16,179,3,4,1232666803,1,0,0->1,1232666752,32
2425,0,16,189,5,3,1232666813,0,1,1->0,1232666752,32
2425,0,24,202,2,4,1232666826,1,0,0->1,1232666816,48
2425,0,24,204,4,4,1232666828,1,0,0->1,1232666816,48
2425,0,24,211,3,6,1232666835,1,0,0->1,1232666816,48
2425,0,24,212,4,1,1232666836,0,1,1->0,1232666816,48
2425,0,24,220,4,4,1232666844,1,0,0->1,1232666816,48
2425,0,24,231,7,1,1232666855,0,1,1->0,1232666816,48
2425,0,24,235,3,6,1232666859,1,0,0->1,1232666816,48
2425,0,24,236,4,3,1232666860,0,1,1->0,1232666816,48
2425,0,24,241,1,3,1232666865,0,1,1->0,1232666816,48
2425,0,24,244,4,1,1232666868,0,1,1->0,1232666816,48
2425,0,24,246,6,6,1232666870,1,0,0->1,1232666816,48
2425,0,24,248,0,6,1232666872,1,0,0->1,1232666816,48
2425,0,32,256,0,3,1232666880,0,1,1->0,1232666880,64
2425,0,32,257,1,1,1232666881,0,1,1->0,1232666880,64
2425,0,32,259,3,6,1232666883,1,0,0->1,1232666880,64
2425,0,32,261,5,1,1232666885,0,1,1->0,1232666880,64
2425,0,32,263,7,3,1232666887,0,1,1->0,1232666880,64
2425,0,32,267,3,6,1232666891,1,0,0->1,1232666880,64
2425,0,32,272,0,6,1232666896,1,0,0->1,1232666880,64
2425,0,32,284,4,1,1232666908,0,1,1->0,1232666880,64
2425,0,32,287,7,3,1232666911,0,1,1->0,1232666880,64
2425,0,32,287,7,4,1232666911,1,0,0->1,1232666880,64
2425,0,32,289,1,4,1232666913,1,0,0->1,1232666880,64
2425,0,32,293,5,6,1232666917,1,0,0->1,1232666880,64
2425,0,32,295,7,4,1232666919,1,0,0->1,1232666880,64
2425,0,32,296,0,3,1232666920,0,1,1->0,1232666880,64
2425,0,32,311,7,3,1232666935,0,1,1->0,1232666880,64
2425,0,32,312,0,1,1232666936,0,1,1->0,1232666880,64
2425,0,32,315,3,6,1232666939,1,0,0->1,1232666880,64
2425,0,32,316,4,1,1232666940,0,1,1->0,1232666880,64
2425,0,32,317,5,4,1232666941,1,0,0->1,1232666880,64
2425,0,32,317,5,6,1232666941,1,0,0->1,1232666880,64
2425,0,40,322,2,6,1232666946,1,0,0->1,1232666944,80
2425,0,40,325,5,6,1232666949,1,0,0->1,1232666944,80
2425,0,40,329,1,3,1232666953,0,1,1->0,1232666944,80
2425,0,40,332,4,3,1232666956,0,1,1->0,1232666944,80
2425,0,40,332,4,6,1232666956,1,0,0->1,1232666944,80
2425,0,40,338,2,4,1232666962,1,0,0->1,1232666944,80
2425,0,40,345,1,1,1232666969,0,1,1->0,1232666944,80
2425,0,40,348,4,1,1232666972,0,1,1->0,1232666944,80
2425,0,40,350,6,1,1232666974,0,1,1->0,1232666944,80
2425,0,40,352,0,3,1232666976,0,1,1->0,1232666944,80
2425,0,40,355,3,3,1232666979,0,1,1->0,1232666944,80
2425,0,40,361,1,1,1232666985,0,1,1->0,1232666944,80
2425,0,40,364,4,6,1232666988,1,0,0->1,1232666944,80
2425,0,40,365,5,3,1232666989,0,1,1->0,1232666944,80
2425,0,40,365,5,4,1232666989,1,0,0->1,1232666944,80
2425,0,40,368,0,6,1232666992,1,0,0->1,1232666944,80
2425,0,40,369,1,3,1232666993,0,1,1->0,1232666944,80
2425,0,40,370,2,6,1232666994,1,0,0->1,1232666944,80
2425,0,40,371,3,3,1232666995,0,1,1->0,1232666944,80
2425,0,40,382,6,4,1232667006,1,0,0->1,1232666944,80
2425,0,48,386,2,6,1232667010,1,0,0->1,1232667008,96
2425,0,48,388,4,1,1232667012,0,1,1->0,1232667008,96
2425,0,48,388,4,3,1232667012,0,1,1->0,1232667008,96
2425,0,48,388,4,4,1232667012,1,0,0->1,1232667008,96
2425,0,48,393,1,4,1232667017,1,0,0->1,1232667008,96
2425,0,48,399,7,6,1232667023,1,0,0->1,1232667008,96
2425,0,48,402,2,4,1232667026,1,0,0->1,1232667008,96
2425,0,48,404,4,1,1232667028,0,1,1->0,1232667008,96
2425,0,48,406,6,3,1232667030,0,1,1->0,1232667008,96
2425,0,48,407,7,1,1232667031,0,1,1->0,1232667008,96
2425,0,48,410,2,4,1232667034,1,0,0->1,1232667008,96
2425,0,48,410,2,6,1232667034,1,0,0->1,1232667008,96
2425,0,48,415,7,4,1232667039,1,0,0->1,1232667008,96
2425,0,48,417,1,6,1232667041,1,0,0->1,1232667008,96
2425,0,48,418,2,1,1232667042,0,1,1->0,1232667008,96
2425,0,48,425,1,3,1232667049,0,1,1->0,1232667008,96
2425,0,48,427,3,6,1232667051,1,0,0->1,1232667008,96
2425,0,48,432,0,3,1232667056,0,1,1->0,1232667008,96
2425,0,48,439,7,3,1232667063,0,1,1->0,1232667008,96
2425,0,48,443,3,3,1232667067,0,1,1->0,1232667008,96
2425,0,56,448,0,4,1232667072,1,0,0->1,1232667072,112
2425,0,56,452,4,4,1232667076,1,0,0->1,1232667072,112
2425,0,56,457,1,3,1232667081,0,1,1->0,1232667072,112
2425,0,56,458,2,1,1232667082,0,1,1->0,1232667072,112
2425,0,56,459,3,4,1232667083,1,0,0->1,1232667072,112
2425,0,56,461,5,1,1232667085,0,1,1->0,1232667072,112
2425,0,56,461,5,4,1232667085,1,0,0->1,1232667072,112
2425,0,56,471,7,3,1232667095,0,1,1->0,1232667072,112
2425,0,56,475,3,3,1232667099,0,1,1->0,1232667072,112
2425,0,56,476,4,3,1232667100,0,1,1->0,1232667072,112
2425,0,56,477,5,6,1232667101,1,0,0->1,1232667072,112
2425,0,56,478,6,1,1232667102,0,1,1->0,1232667072,112
2425,0,56,479,7,6,1232667103,1,0,0->1,1232667072,112
2425,0,56,481,1,6,1232667105,1,0,0->1,1232667072,112
2425,0,56,484,4,3,1232667108,0,1,1->0,1232667072,112
2425,0,56,485,5,4,1232667109,1,0,0->1,1232667072,112
2425,0,56,491,3,3,1232667115,0,1,1->0,1232667072,112
2425,0,56,492,4,3,1232667116,0,1,1->0,1232667072,112
2425,0,56,495,7,4,1232667119,1,0,0->1,1232667072,112
2425,0,56,503,7,3,1232667127,0,1,1->0,1232667072,112
2425,0,56,504,0,6,1232667128,1,0,0->1,1232667072,112
2425,0,56,505,1,1,1232667129,0,1,1->0,1232667072,112
2425,0,64,516,4,3,1232667140,0,1,1->0,1232667136,128
2425,0,64,517,5,1,1232667141,0,1,1->0,1232667136,128
2425,0,64,519,7,1,1232667143,0,1,1->0,1232667136,128
2425,0,64,520,0,3,1232667144,0,1,1->0,1232667136,128
2425,0,64,531,3,3,1232667155,0,1,1->0,1232667136,128
2425,0,64,541,5,3,1232667165,0,1,1->0,1232667136,128
2425,0,64,557,5,6,1232667181,1,0,0->1,1232667136,128
2425,0,64,559,7,1,1232667183,0,1,1->0,1232667136,128
2425,0,64,562,2,1,1232667186,0,1,1->0,1232667136,128
2425,0,64,563,3,1,1232667187,0,1,1->0,1232667136,128
2425,0,64,567,7,1,1232667191,0,1,1->0,1232667136,128
2425,0,64,568,0,4,1232667192,1,0,0->1,1232667136,128
2425,0,64,573,5,3,1232667197,0,1,1->0,1232667136,128
2425,0,64,575,7,6,1232667199,1,0,0->1,1232667136,128
2425,0,72,584,0,6,1232667208,1,0,0->1,1232667200,144
2425,0,72,585,1,6,1232667209,1,0,0->1,1232667200,144
2425,0,72,594,2,3,1232667218,0,1,1->0,1232667200,144
2425,0,72,595,3,4,1232667219,1,0,0->1,1232667200,144
2425,0,72,613,5,3,1232667237,0,1,1->0,1232667200,144
2425,0,72,613,5,4,1232667237,1,0,0->1,1232667200,144
2425,0,72,614,6,1,1232667238,0,1,1->0,1232667200,144
2425,0,72,616,0,4,1232667240,1,0,0->1,1232667200,144
2425,0,72,618,2,3,1232667242,0,1,1->0,1232667200,144
2425,0,72,619,3,3,1232667243,0,1,1->0,1232667200,144
2425,0,72,625,1,4,1232667249,1,0,0->1,1232667200,144
2425,0,72,633,1,3,1232667257,0,1,1->0,1232667200,144
2425,0,72,637,5,1,1232667261,0,1,1->0,1232667200,144
2425,0,80,640,0,1,1232667264,0,1,1->0,1232667264,160
2425,0,80,641,1,3,1232667265,0,1,1->0,1232667264,160
2425,0,80,647,7,4,1232667271,1,0,0->1,1232667264,160
2425,0,80,650,2,1,1232667274,0,1,1->0,1232667264,160
2425,0,80,650,2,3,1232667274,0,1,1->0,1232667264,160
2425,0,80,651,3,6,1232667275,1,0,0->1,1232667264,160
2425,0,80,658,2,3,1232667282,0,1,1->0,1232667264,160
2425,0,80,662,6,1,1232667286,0,1,1->0,1232667264,160
2425,0,80,667,3,3,1232667291,0,1,1->0,1232667264,160
2425,0,80,667,3,6,1232667291,1,0,0->1,1232667264,160
2425,0,80,668,4,6,1232667292,1,0,0->1,1232667264,160
2425,0,80,671,7,3,1232667295,0,1,1->0,1232667264,160
2425,0,80,676,4,1,1232667300,0,1,1->0,1232667264,160
2425,0,80,682,2,1,1232667306,0,1,1->0,1232667264,160
2425,0,80,682,2,3,1232667306,0,1,1->0,1232667264,160
2425,0,80,685,5,3,1232667309,0,1,1->0,1232667264,160
2425,0,80,689,1,1,1232667313,0,1,1->0,1232667264,160
2425,0,80,703,7,1,1232667327,0,1,1->0,1232667264,160
2425,0,88,704,0,6,1232667328,1,0,0->1,1232667328,176
2425,0,88,705,1,4,1232667329,1,0,0->1,1232667328,176
2425,0,88,705,1,6,1232667329,1,0,0->1,1232667328,176
2425,0,88,706,2,1,1232667330,0,1,1->0,1232667328,176
2425,0,88,711,7,1,1232667335,0,1,1->0,1232667328,176
2425,0,88,711,7,6,1232667335,1,0,0->1,1232667328,176
2425,0,88,713,1,6,1232667337,1,0,0->1,1232667328,176
2425,0,88,715,3,3,1232667339,0,1,1->0,1232667328,176
2425,0,88,718,6,3,1232667342,0,1,1->0,1232667328,176
2425,0,88,719,7,1,1232667343,0,1,1->0,1232667328,176
2425,0,88,723,3,6,1232667347,1,0,0->1,1232667328,176
2425,0,88,729,1,1,1232667353,0,1,1->0,1232667328,176
2425,0,88,734,6,4,1232667358,1,0,0->1,1232667328,176
2425,0,88,737,1,6,1232667361,1,0,0->1,1232667328,176
2425,0,88,738,2,1,1232667362,0,1,1->0,1232667328,176
2425,0,88,747,3,1,1232667371,0,1,1->0,1232667328,176
2425,0,88,752,0,1,1232667376,0,1,1->0,1232667328,176
2425,0,88,762,2,1,1232667386,0,1,1->0,1232667328,176
2425,0,88,764,4,3,1232667388,0,1,1->0,1232667328,176
2425,0,88,767,7,3,1232667391,0,1,1->0,1232667328,176
2425,0,96,774,6,6,1232667398,1,0,0->1,1232667392,192
2425,0,96,775,7,3,1232667399,0,1,1->0,1232667392,192
2425,0,96,779,3,6,1232667403,1,0,0->1,1232667392,192
2425,0,96,781,5,3,1232667405,0,1,1->0,1232667392,192
2425,0,96,785,1,3,1232667409,0,1,1->0,1232667392,192
2425,0,96,787,3,1,1232667411,0,1,1->0,1232667392,192
2425,0,96,792,0,3,1232667416,0,1,1->0,1232667392,192
2425,0,96,796,4,1,1232667420,0,1,1->0,1232667392,192
2425,0,96,799,7,1,1232667423,0,1,1->0,1232667392,192
2425,0,96,801,1,3,1232667425,0,1,1->0,1232667392,192
2425,0,96,802,2,3,1232667426,0,1,1->0,1232667392,192
2425,0,96,804,4,1,1232667428,0,1,1->0,1232667392,192
2425,0,96,804,4,3,1232667428,0,1,1->0,1232667392,192
2425,0,96,806,6,3,1232667430,0,1,1->0,1232667392,192
2425,0,96,809,1,3,1232667433,0,1,1->0,1232667392,192
2425,0,96,819,3,6,1232667443,1,0,0->1,1232667392,192
2425,0,96,825,1,4,1232667449,1,0,0->1,1232667392,192
2425,0,96,826,2,6,1232667450,1,0,0->1,1232667392,192
2425,0,104,838,6,1,1232667462,0,1,1->0,1232667456,208
2425,0,104,843,3,1,1232667467,0,1,1->0,1232667456,208
2425,0,104,845,5,3,1232667469,0,1,1->0,1232667456,208
2425,0,104,848,0,3,1232667472,0,1,1->0,1232667456,208
2425,0,104,857,1,1,1232667481,0,1,1->0,1232667456,208
2425,0,104,862,6,6,1232667486,1,0,0->1,1232667456,208
2425,0,104,864,0,3,1232667488,0,1,1->0,1232667456,208
2425,0,104,872,0,3,1232667496,0,1,1->0,1232667456,208
2425,0,104,872,0,6,1232667496,1,0,0->1,1232667456,208
2425,0,104,888,0,1,1232667512,0,1,1->0,1232667456,208
2425,0,112,899,3,4,1232667523,1,0,0->1,1232667520,224
2425,0,112,903,7,3,1232667527,0,1,1->0,1232667520,224
2425,0,112,908,4,6,1232667532,1,0,0->1,1232667520,224
2425,0,112,914,2,1,1232667538,0,1,1->0,1232667520,224
2425,0,112,917,5,3,1232667541,0,1,1->0,1232667520,224
2425,0,112,919,7,1,1232667543,0,1,1->0,1232667520,224
2425,0,112,921,1,1,1232667545,0,1,1->0,1232667520,224
2425,0,112,922,2,6,1232667546,1,0,0->1,1232667520,224
2425,0,112,923,3,1,1232667547,0,1,1->0,1232667520,224
2425,0,112,923,3,6,1232667547,1,0,0->1,1232667520,224
2425,0,112,925,5,1,1232667549,0,1,1->0,1232667520,224
2425,0,112,931,3,1,1232667555,0,1,1->0,1232667520,224
2425,0,112,934,6,6,1232667558,1,0,0->1,1232667520,224
2425,0,112,938,2,4,1232667562,1,0,0->1,1232667520,224
2425,0,112,941,5,1,1232667565,0,1,1->0,1232667520,224
2425,0,112,943,7,1,1232667567,0,1,1->0,1232667520,224
2425,0,112,956,4,1,1232667580,0,1,1->0,1232667520,224
2425,0,112,957,5,1,1232667581,0,1,1->0,1232667520,224
2425,0,120,973,5,6,1232667597,1,0,0->1,1232667584,240
2425,0,120,977,1,3,1232667601,0,1,1->0,1232667584,240
2425,0,120,980,4,4,1232667604,1,0,0->1,1232667584,240
2425,0,120,982,6,4,1232667606,1,0,0->1,1232667584,240
2425,0,120,984,0,3,1232667608,0,1,1->0,1232667584,240
2425,0,120,985,1,4,1232667609,1,0,0->1,1232667584,240
2425,0,120,986,2,1,1232667610,0,1,1->0,1232667584,240
2425,0,120,989,5,1,1232667613,0,1,1->0,1232667584,240
2425,0,120,993,1,4,1232667617,1,0,0->1,1232667584,240
2425,0,120,1002,2,6,1232667626,1,0,0->1,1232667584,240
2425,0,120,1003,3,1,1232667627,0,1,1->0,1232667584,240
2425,0,120,1004,4,1,1232667628,0,1,1->0,1232667584,240
2425,0,120,1005,5,3,1232667629,0,1,1->0,1232667584,240
2425,0,120,1006,6,3,1232667630,0,1,1->0,1232667584,240
2425,0,120,1010,2,3,1232667634,0,1,1->0,1232667584,240
2425,0,120,1011,3,1,1232667635,0,1,1->0,1232667584,240
2425,0,120,1011,3,3,1232667635,0,1,1->0,1232667584,240
2425,0,120,1013,5,3,1232667637,0,1,1->0,1232667584,240
2425,0,120,1016,0,3,1232667640,0,1,1->0,1232667584,240
2425,0,120,1017,1,4,1232667641,1,0,0->1,1232667584,240
2425,0,120,1020,4,3,1232667644,0,1,1->0,1232667584,240
2425,0,120,1023,7,1,1232667647,0,1,1->0,1232667584,240
2425,0,128,1025,1,3,1232667649,0,1,1->0,1232667648,256
2425,0,128,1026,2,4,1232667650,1,0,0->1,1232667648,256
2425,0,128,1036,4,1,1232667660,0,1,1->0,1232667648,256
2425,0,128,1039,7,6,1232667663,1,0,0->1,1232667648,256
2425,0,128,1044,4,6,1232667668,1,0,0->1,1232667648,256
2425,0,128,1049,1,3,1232667673,0,1,1->0,1232667648,256
2425,0,128,1056,0,3,1232667680,0,1,1->0,1232667648,256
2425,0,128,1064,0,3,1232667688,0,1,1->0,1232667648,256
2425,0,128,1066,2,1,1232667690,0,1,1->0,1232667648,256
2425,0,128,1068,4,3,1232667692,0,1,1->0,1232667648,256
2425,0,128,1069,5,4,1232667693,1,0,0->1,1232667648,256
2425,0,128,1073,1,1,1232667697,0,1,1->0,1232667648,256
2425,0,128,1073,1,3,1232667697,0,1,1->0,1232667648,256
2425,0,128,1075,3,1,1232667699,0,1,1->0,1232667648,256
2425,0,128,1076,4,1,1232667700,0,1,1->0,1232667648,256
2425,0,128,1084,4,6,1232667708,1,0,0->1,1232667648,256
2425,0,128,1085,5,3,1232667709,0,1,1->0,1232667648,256
2425,0,136,1094,6,4,1232667718,1,0,0->1,1232667712,272
2425,0,136,1100,4,1,1232667724,0,1,1->0,1232667712,272
2425,0,136,1103,7,1,1232667727,0,1,1->0,1232667712,272
2425,0,136,1105,1,6,1232667729,1,0,0->1,1232667712,272
2425,0,136,1109,5,3,1232667733,0,1,1->0,1232667712,272
2425,0,136,1110,6,3,1232667734,0,1,1->0,1232667712,272
2425,0,136,1111,7,1,1232667735,0,1,1->0,1232667712,272
2425,0,136,1117,5,6,1232667741,1,0,0->1,1232667712,272
2425,0,136,1118,6,6,1232667742,1,0,0->1,1232667712,272
2425,0,136,1121,1,3,1232667745,0,1,1->0,1232667712,272
2425,0,136,1122,2,1,1232667746,0,1,1->0,1232667712,272
2425,0,136,1123,3,4,1232667747,1,0,0->1,1232667712,272
2425,0,136,1129,1,4,1232667753,1,0,0->1,1232667712,272
2425,0,136,1133,5,1,1232667757,0,1,1->0,1232667712,272
2425,0,136,1136,0,1,1232667760,0,1,1->0,1232667712,272
2425,0,136,1137,1,4,1232667761,1,0,0->1,1232667712,272
2425,0,136,1144,0,4,1232667768,1,0,0->1,1232667712,272
2425,0,136,1144,0,6,1232667768,1,0,0->1,1232667712,272
2425,0,136,1151,7,1,1232667775,0,1,1->0,1232667712,272
2425,0,136,1151,7,4,1232667775,1,0,0->1,1232667712,272
2425,0,144,1156,4,3,1232667780,0,1,1->0,1232667776,288
2425,0,144,1157,5,3,1232667781,0,1,1->0,1232667776,288
2425,0,144,1162,2,4,1232667786,1,0,0->1,1232667776,288
2425,0,144,1170,2,1,1232667794,0,1,1->0,1232667776,288
2425,0,144,1170,2,3,1232667794,0,1,1->0,1232667776,288
2425,0,144,1176,0,1,1232667800,0,1,1->0,1232667776,288
2425,0,144,1180,4,6,1232667804,1,0,0->1,1232667776,288
2425,0,144,1189,5,1,1232667813,0,1,1->0,1232667776,288
2425,0,144,1191,7,3,1232667815,0,1,1->0,1232667776,288
2425,0,144,1195,3,1,1232667819,0,1,1->0,1232667776,288
2425,0,144,1203,3,6,1232667827,1,0,0->1,1232667776,288
2425,0,144,1212,4,1,1232667836,0,1,1->0,1232667776,288
2425,0,152,1219,3,4,1232667843,1,0,0->1,1232667840,304
2425,0,152,1229,5,4,1232667853,1,0,0->1,1232667840,304
2425,0,152,1231,7,4,1232667855,1,0,0->1,1232667840,304
2425,0,152,1232,0,3,1232667856,0,1,1->0,1232667840,304
2425,0,152,1235,3,6,1232667859,1,0,0->1,1232667840,304
2425,0,152,1240,0,3,1232667864,0,1,1->0,1232667840,304
2425,0,152,1242,2,3,1232667866,0,1,1->0,1232667840,304
2425,0,152,1243,3,4,1232667867,1,0,0->1,1232667840,304
2425,0,152,1255,7,1,1232667879,0,1,1->0,1232667840,304
2425,0,152,1258,2,1,1232667882,0,1,1->0,1232667840,304
2425,0,152,1264,0,3,1232667888,0,1,1->0,1232667840,304
2425,0,152,1266,2,1,1232667890,0,1,1->0,1232667840,304
2425,0,152,1272,0,3,1232667896,0,1,1->0,1232667840,304
2425,0,160,1283,3,1,1232667907,0,1,1->0,1232667904,320
2425,0,160,1283,3,4,1232667907,1,0,0->1,1232667904,320
2425,0,160,1291,3,3,1232667915,0,1,1->0,1232667904,320
2425,0,160,1307,3,3,1232667931,0,1,1->0,1232667904,320
2425,0,160,1314,2,3,1232667938,0,1,1->0,1232667904,320
2425,0,160,1316,4,6,1232667940,1,0,0->1,1232667904,320
2425,0,160,1323,3,6,1232667947,1,0,0->1,1232667904,320
2425,0,160,1330,2,1,1232667954,0,1,1->0,1232667904,320
2425,0,160,1331,3,3,1232667955,0,1,1->0,1232667904,320
2425,0,160,1331,3,6,1232667955,1,0,0->1,1232667904,320
2425,0,160,1339,3,3,1232667963,0,1,1->0,1232667904,320
2425,0,160,1339,3,4,1232667963,1,0,0->1,1232667904,320
2425,0,160,1340,4,3,1232667964,0,1,1->0,1232667904,320
2425,0,160,1341,5,6,1232667965,1,0,0->1,1232667904,320
2425,0,168,1347,3,1,1232667971,0,1,1->0,1232667968,336
2425,0,168,1352,0,1,1232667976,0,1,1->0,1232667968,336
2425,0,168,1354,2,4,1232667978,1,0,0->1,1232667968,336
2425,0,168,1358,6,3,1232667982,0,1,1->0,1232667968,336
2425,0,168,1360,0,1,1232667984,0,1,1->0,1232667968,336
2425,0,168,1365,5,4,1232667989,1,0,0->1,1232667968,336
2425,0,168,1367,7,1,1232667991,0,1,1->0,1232667968,336
2425,0,168,1370,2,1,1232667994,0,1,1->0,1232667968,336
2425,0,168,1375,7,1,1232667999,0,1,1->0,1232667968,336
2425,0,168,1377,1,3,1232668001,0,1,1->0,1232667968,336
2425,0,168,1385,1,1,1232668009,0,1,1->0,1232667968,336
2425,0,168,1389,5,6,1232668013,1,0,0->1,1232667968,336
2425,0,168,1391,7,6,1232668015,1,0,0->1,1232667968,336
2425,0,168,1395,3,3,1232668019,0,1,1->0,1232667968,336
2425,0,168,1396,4,3,1232668020,0,1,1->0,1232667968,336
2425,0,168,1397,5,1,1232668021,0,1,1->0,1232667968,336
2425,0,168,1397,5,6,1232668021,1,0,0->1,1232667968,336
2425,0,168,1405,5,1,1232668029,0,1,1->0,1232667968,336
2425,0,168,1407,7,1,1232668031,0,1,1->0,1232667968,336
2425,0,176,1411,3,1,1232668035,0,1,1->0,1232668032,352
2425,0,176,1413,5,1,1232668037,0,1,1->0,1232668032,352
2425,0,176,1421,5,3,1232668045,0,1,1->0,1232668032,352
2425,0,176,1424,0,3,1232668048,0,1,1->0,1232668032,352
2425,0,176,1429,5,4,1232668053,1,0,0->1,1232668032,352
2425,0,176,1429,5,6,1232668053,1,0,0->1,1232668032,352
2425,0,176,1430,6,1,1232668054,0,1,1->0,1232668032,352
2425,0,176,1431,7,4,1232668055,1,0,0->1,1232668032,352
2425,0,176,1434,2,1,1232668058,0,1,1->0,1232668032,352
2425,0,176,1434,2,4,1232668058,1,0,0->1,1232668032,352
2425,0,176,1435,3,3,1232668059,0,1,1->0,1232668032,352
2425,0,176,1437,5,3,1232668061,0,1,1->0,1232668032,352
2425,0,176,1443,3,1,1232668067,0,1,1->0,1232668032,352
2425,0,176,1447,7,1,1232668071,0,1,1->0,1232668032,352
2425,0,176,1448,0,1,1232668072,0,1,1->0,1232668032,352
2425,0,176,1455,7,3,1232668079,0,1,1->0,1232668032,352
2425,0,176,1456,0,4,1232668080,1,0,0->1,1232668032,352
2425,0,176,1461,5,3,1232668085,0,1,1->0,1232668032,352
2425,0,176,1467,3,3,1232668091,0,1,1->0,1232668032,352
2425,0,176,1469,5,3,1232668093,0,1,1->0,1232668032,352
2425,0,176,1470,6,1,1232668094,0,1,1->0,1232668032,352
2425,0,184,1472,0,4,1232668096,1,0,0->1,1232668096,368
2425,0,184,1473,1,6,1232668097,1,0,0->1,1232668096,368
2425,0,184,1475,3,3,1232668099,0,1,1->0,1232668096,368
2425,0,184,1475,3,6,1232668099,1,0,0->1,1232668096,368
2425,0,184,1482,2,1,1232668106,0,1,1->0,1232668096,368
2425,0,184,1485,5,4,1232668109,1,0,0->1,1232668096,368
2425,0,184,1494,6,1,1232668118,0,1,1->0,1232668096,368
2425,0,184,1494,6,6,1232668118,1,0,0->1,1232668096,368
2425,0,184,1510,6,4,1232668134,1,0,0->1,1232668096,368
2425,0,184,1511,7,1,1232668135,0,1,1->0,1232668096,368
2425,0,184,1513,1,6,1232668137,1,0,0->1,1232668096,368
2425,0,184,1519,7,6,1232668143,1,0,0->1,1232668096,368
2425,0,184,1520,0,1,1232668144,0,1,1->0,1232668096,368
2425,0,184,1520,0,4,1232668144,1,0,0->1,1232668096,368
2425,0,184,1522,2,1,1232668146,0,1,1->0,1232668096,368
2425,0,184,1524,4,1,1232668148,0,1,1->0,1232668096,368
2425,0,184,1525,5,6,1232668149,1,0,0->1,1232668096,368
2425,0,184,1529,1,1,1232668153,0,1,1->0,1232668096,368
2425,0,184,1534,6,1,1232668158,0,1,1->0,1232668096,368
2425,0,192,1537,1,1,1232668161,0,1,1->0,1232668160,384
2425,0,192,1540,4,1,1232668164,0,1,1->0,1232668160,384
2425,0,192,1550,6,1,1232668174,0,1,1->0,1232668160,384
2425,0,192,1553,1,1,1232668177,0,1,1->0,1232668160,384
2425,0,192,1557,5,1,1232668181,0,1,1->0,1232668160,384
2425,0,192,1559,7,4,1232668183,1,0,0->1,1232668160,384
2425,0,192,1560,0,1,1232668184,0,1,1->0,1232668160,384
2425,0,192,1562,2,3,1232668186,0,1,1->0,1232668160,384
2425,0,192,1564,4,1,1232668188,0,1,1->0,1232668160,384
2425,0,192,1580,4,4,1232668204,1,0,0->1,1232668160,384
2425,0,192,1581,5,6,1232668205,1,0,0->1,1232668160,384
2425,0,192,1584,0,6,1232668208,1,0,0->1,1232668160,384
2425,0,192,1593,1,6,1232668217,1,0,0->1,1232668160,384
2425,0,192,1594,2,3,1232668218,0,1,1->0,1232668160,384
2425,0,192,1597,5,1,1232668221,0,1,1->0,1232668160,384
2425,0,192,1597,5,4,1232668221,1,0,0->1,1232668160,384
2425,0,200,1602,2,4,1232668226,1,0,0->1,1232668224,400
2425,0,200,1609,1,1,1232668233,0,1,1->0,1232668224,400
2425,0,200,1614,6,3,1232668238,0,1,1->0,1232668224,400
2425,0,200,1616,0,3,1232668240,0,1,1->0,1232668224,400
2425,0,200,1618,2,4,1232668242,1,0,0->1,1232668224,400
2425,0,200,1627,3,4,1232668251,1,0,0->1,1232668224,400
2425,0,200,1628,4,6,1232668252,1,0,0->1,1232668224,400
2425,0,200,1630,6,1,1232668254,0,1,1->0,1232668224,400
2425,0,200,1635,3,3,1232668259,0,1,1->0,1232668224,400
2425,0,200,1636,4,1,1232668260,0,1,1->0,1232668224,400
2425,0,200,1637,5,3,1232668261,0,1,1->0,1232668224,400
2425,0,200,1637,5,6,1232668261,1,0,0->1,1232668224,400
2425,0,200,1638,6,3,1232668262,0,1,1->0,1232668224,400
2425,0,200,1639,7,6,1232668263,1,0,0->1,1232668224,400
2425,0,200,1640,0,1,1232668264,0,1,1->0,1232668224,400
2425,0,200,1649,1,6,1232668273,1,0,0->1,1232668224,400
2425,0,200,1651,3,4,1232668275,1,0,0->1,1232668224,400
2425,0,200,1655,7,1,1232668279,0,1,1->0,1232668224,400
2425,0,200,1655,7,6,1232668279,1,0,0->1,1232668224,400
2425,0,200,1659,3,6,1232668283,1,0,0->1,1232668224,400
2425,0,208,1664,0,1,1232668288,0,1,1->0,1232668288,416
2425,0,208,1667,3,4,1232668291,1,0,0->1,1232668288,416
2425,0,208,1670,6,3,1232668294,0,1,1->0,1232668288,416
2425,0,208,1671,7,3,1232668295,0,1,1->0,1232668288,416
2425,0,208,1675,3,4,1232668299,1,0,0->1,1232668288,416
2425,0,208,1675,3,6,1232668299,1,0,0->1,1232668288,416
2425,0,208,1677,5,4,1232668301,1,0,0->1,1232668288,416
2425,0,208,1687,7,4,1232668311,1,0,0->1,1232668288,416
2425,0,208,1691,3,4,1232668315,1,0,0->1,1232668288,416
2425,0,208,1694,6,3,1232668318,0,1,1->0,1232668288,416
2425,0,208,1698,2,6,1232668322,1,0,0->1,1232668288,416
2425,0,208,1702,6,3,1232668326,0,1,1->0,1232668288,416
2425,0,208,1710,6,6,1232668334,1,0,0->1,1232668288,416
2425,0,208,1714,2,4,1232668338,1,0,0->1,1232668288,416
2425,0,208,1715,3,3,1232668339,0,1,1->0,1232668288,416
2425,0,208,1716,4,3,1232668340,0,1,1->0,1232668288,416
2425,0,208,1718,6,1,1232668342,0,1,1->0,1232668288,416
2425,0,208,1718,6,3,1232668342,0,1,1->0,1232668288,416
2425,0,208,1720,0,4,1232668344,1,0,0->1,1232668288,416
2425,0,208,1723,3,6,1232668347,1,0,0->1,1232668288,416
2425,0,208,1726,6,3,1232668350,0,1,1->0,1232668288,416
2425,0,216,1729,1,1,1232668353,0,1,1->0,1232668352,432
2425,0,216,1732,4,3,1232668356,0,1,1->0,1232668352,432
2425,0,216,1733,5,3,1232668357,0,1,1->0,1232668352,432
2425,0,216,1736,0,1,1232668360,0,1,1->0,1232668352,432
2425,0,216,1741,5,1,1232668365,0,1,1->0,1232668352,432
2425,0,216,1759,7,3,1232668383,0,1,1->0,1232668352,432
2425,0,216,1768,0,3,1232668392,0,1,1->0,1232668352,432
2425,0,216,1776,0,1,1232668400,0,1,1->0,1232668352,432
2425,0,216,1787,3,6,1232668411,1,0,0->1,1232668352,432
2425,0,216,1788,4,1,1232668412,0,1,1->0,1232668352,432
2425,0,216,1789,5,6,1232668413,1,0,0->1,1232668352,432
2425,0,216,1790,6,1,1232668414,0,1,1->0,1232668352,432
2425,0,224,1798,6,3,1232668422,0,1,1->0,1232668416,448
2425,0,224,1800,0,6,1232668424,1,0,0->1,1232668416,448
2425,0,224,1812,4,4,1232668436,1,0,0->1,1232668416,448
2425,0,224,1815,7,6,1232668439,1,0,0->1,1232668416,448
2425,0,224,1816,0,3,1232668440,0,1,1->0,1232668416,448
2425,0,224,1817,1,1,1232668441,0,1,1->0,1232668416,448
2425,0,224,1827,3,4,1232668451,1,0,0->1,1232668416,448
2425,0,224,1827,3,6,1232668451,1,0,0->1,1232668416,448
2425,0,224,1838,6,3,1232668462,0,1,1->0,1232668416,448
2425,0,224,1840,0,1,1232668464,0,1,1->0,1232668416,448
2425,0,224,1840,0,4,1232668464,1,0,0->1,1232668416,448
2425,0,224,1845,5,1,1232668469,0,1,1->0,1232668416,448
2425,0,224,1851,3,3,1232668475,0,1,1->0,1232668416,448
2425,0,224,1854,6,3,1232668478,0,1,1->0,1232668416,448
2425,0,232,1860,4,3,1232668484,0,1,1->0,1232668480,464
2425,0,232,1860,4,4,1232668484,1,0,0->1,1232668480,464
2425,0,232,1871,7,3,1232668495,0,1,1->0,1232668480,464
2425,0,232,1876,4,1,1232668500,0,1,1->0,1232668480,464
2425,0,232,1877,5,4,1232668501,1,0,0->1,1232668480,464
2425,0,232,1877,5,6,1232668501,1,0,0->1,1232668480,464
2425,0,232,1880,0,3,1232668504,0,1,1->0,1232668480,464
2425,0,232,1881,1,3,1232668505,0,1,1->0,1232668480,464
2425,0,232,1884,4,1,1232668508,0,1,1->0,1232668480,464
2425,0,232,1884,4,6,1232668508,1,0,0->1,1232668480,464
2425,0,232,1886,6,6,1232668510,1,0,0->1,1232668480,464
2425,0,232,1890,2,1,1232668514,0,1,1->0,1232668480,464
2425,0,232,1893,5,1,1232668517,0,1,1->0,1232668480,464
2425,0,232,1897,1,3,1232668521,0,1,1->0,1232668480,464
2425,0,232,1898,2,1,1232668522,0,1,1->0,1232668480,464
2425,0,232,1898,2,6,1232668522,1,0,0->1,1232668480,464
2425,0,232,1903,7,1,1232668527,0,1,1->0,1232668480,464
2425,0,232,1905,1,4,1232668529,1,0,0->1,1232668480,464
2425,0,232,1907,3,1,1232668531,0,1,1->0,1232668480,464
2425,0,232,1911,7,4,1232668535,1,0,0->1,1232668480,464
2425,0,232,1912,0,6,1232668536,1,0,0->1,1232668480,464
2425,0,240,1921,1,6,1232668545,1,0,0->1,1232668544,480
2425,0,240,1926,6,1,1232668550,0,1,1->0,1232668544,480
2425,0,240,1928,0,3,1232668552,0,1,1->0,1232668544,480
2425,0,240,1929,1,3,1232668553,0,1,1->0,1232668544,480
2425,0,240,1930,2,6,1232668554,1,0,0->1,1232668544,480
2425,0,240,1933,5,3,1232668557,0,1,1->0,1232668544,480
2425,0,240,1934,6,3,1232668558,0,1,1->0,1232668544,480
2425,0,240,1938,2,6,1232668562,1,0,0->1,1232668544,480
2425,0,240,1945,1,1,1232668569,0,1,1->0,1232668544,480
2425,0,240,1954,2,6,1232668578,1,0,0->1,1232668544,480
2425,0,240,1957,5,1,1232668581,0,1,1->0,1232668544,480
2425,0,240,1963,3,1,1232668587,0,1,1->0,1232668544,480
2425,0,240,1968,0,1,1232668592,0,1,1->0,1232668544,480
2425,0,240,1976,0,3,1232668600,0,1,1->0,1232668544,480
2425,0,240,1978,2,1,1232668602,0,1,1->0,1232668544,480
2425,0,248,1989,5,4,1232668613,1,0,0->1,1232668608,496
2425,0,248,1990,6,3,1232668614,0,1,1->0,1232668608,496
2425,0,248,1995,3,3,1232668619,0,1,1->0,1232668608,496
2425,0,248,1996,4,1,1232668620,0,1,1->0,1232668608,496
2425,0,248,1996,4,6,1232668620,1,0,0->1,1232668608,496
2425,0,248,1999,7,3,1232668623,0,1,1->0,1232668608,496
2425,0,248,2005,5,4,1232668629,1,0,0->1,1232668608,496
2425,0,248,2011,3,4,1232668635,1,0,0->1,1232668608,496
2425,0,248,2016,0,3,1232668640,0,1,1->0,1232668608,496
2425,0,248,2017,1,3,1232668641,0,1,1->0,1232668608,496
2425,0,248,2020,4,1,1232668644,0,1,1->0,1232668608,496
2425,0,248,2021,5,3,1232668645,0,1,1->0,1232668608,496
2425,0,248,2021,5,4,1232668645,1,0,0->1,1232668608,496
2425,0,248,2026,2,1,1232668650,0,1,1->0,1232668608,496
2425,0,248,2031,7,1,1232668655,0,1,1->0,1232668608,496
2425,0,248,2036,4,3,1232668660,0,1,1->0,1232668608,496
2425,0,248,2037,5,4,1232668661,1,0,0->1,1232668608,496
2425,0,248,2043,3,6,1232668667,1,0,0->1,1232668608,496
2425,0,256,2048,0,4,1232668672,1,0,0->1,1232668672,512
2425,0,256,2051,3,6,1232668675,1,0,0->1,1232668672,512
2425,0,256,2052,4,3,1232668676,0,1,1->0,1232668672,512
2425,0,256,2055,7,4,1232668679,1,0,0->1,1232668672,512
2425,0,256,2058,2,6,1232668682,1,0,0->1,1232668672,512
2425,0,256,2063,7,1,1232668687,0,1,1->0,1232668672,512
2425,0,256,2064,0,4,1232668688,1,0,0->1,1232668672,512
2425,0,256,2065,1,1,1232668689,0,1,1->0,1232668672,512
2425,0,256,2081,1,1,1232668705,0,1,1->0,1232668672,512
2425,0,256,2082,2,1,1232668706,0,1,1->0,1232668672,512
2425,0,256,2083,3,6,1232668707,1,0,0->1,1232668672,512
2425,0,256,2088,0,1,1232668712,0,1,1->0,1232668672,512
2425,0,256,2089,1,3,1232668713,0,1,1->0,1232668672,512
2425,0,256,2090,2,1,1232668714,0,1,1->0,1232668672,512
2425,0,256,2093,5,1,1232668717,0,1,1->0,1232668672,512
2425,0,256,2095,7,1,1232668719,0,1,1->0,1232668672,512
2425,0,256,2101,5,4,1232668725,1,0,0->1,1232668672,512
2425,0,256,2102,6,1,1232668726,0,1,1->0,1232668672,512
2425,0,256,2103,7,4,1232668727,1,0,0->1,1232668672,512
2425,0,256,2107,3,6,1232668731,1,0,0->1,1232668672,512
2425,0,264,2112,0,3,1232668736,0,1,1->0,1232668736,528
2425,0,264,2117,5,3,1232668741,0,1,1->0,1232668736,528
2425,0,264,2122,2,4,1232668746,1,0,0->1,1232668736,528
2425,0,264,2125,5,3,1232668749,0,1,1->0,1232668736,528
2425,0,264,2132,4,4,1232668756,1,0,0->1,1232668736,528
2425,0,264,2141,5,4,1232668765,1,0,0->1,1232668736,528
2425,0,264,2143,7,6,1232668767,1,0,0->1,1232668736,528
2425,0,264,2145,1,6,1232668769,1,0,0->1,1232668736,528
2425,0,264,2151,7,4,1232668775,1,0,0->1,1232668736,528
2425,0,264,2153,1,6,1232668777,1,0,0->1,1232668736,528
2425,0,264,2156,4,1,1232668780,0,1,1->0,1232668736,528
2425,0,264,2160,0,3,1232668784,0,1,1->0,1232668736,528
2425,0,264,2161,1,3,1232668785,0,1,1->0,1232668736,528
2425,0,264,2161,1,6,1232668785,1,0,0->1,1232668736,528
2425,0,264,2163,3,1,1232668787,0,1,1->0,1232668736,528
2425,0,264,2169,1,4,1232668793,1,0,0->1,1232668736,528
2425,0,264,2171,3,1,1232668795,0,1,1->0,1232668736,528
2425,0,264,2175,7,4,1232668799,1,0,0->1,1232668736,528
2425,0,272,2176,0,4,1232668800,1,0,0->1,1232668800,544
2425,0,272,2177,1,4,1232668801,1,0,0->1,1232668800,544
2425,0,272,2179,3,3,1232668803,0,1,1->0,1232668800,544
2425,0,272,2186,2,3,1232668810,0,1,1->0,1232668800,544
2425,0,272,2194,2,3,1232668818,0,1,1->0,1232668800,544
2425,0,272,2202,2,1,1232668826,0,1,1->0,1232668800,544
2425,0,272,2210,2,3,1232668834,0,1,1->0,1232668800,544
2425,0,272,2227,3,3,1232668851,0,1,1->0,1232668800,544
2425,0,272,2235,3,3,1232668859,0,1,1->0,1232668800,544
2425,0,272,2237,5,6,1232668861,1,0,0->1,1232668800,544
2425,0,272,2239,7,3,1232668863,0,1,1->0,1232668800,544
2425,0,280,2241,1,4,1232668865,1,0,0->1,1232668864,560
2425,0,280,2244,4,1,1232668868,0,1,1->0,1232668864,560
2425,0,280,2248,0,6,1232668872,1,0,0->1,1232668864,560
2425,0,280,2250,2,3,1232668874,0,1,1->0,1232668864,560
2425,0,280,2255,7,3,1232668879,0,1,1->0,1232668864,560
2425,0,280,2264,0,3,1232668888,0,1,1->0,1232668864,560
2425,0,280,2266,2,6,1232668890,1,0,0->1,1232668864,560
2425,0,280,2268,4,4,1232668892,1,0,0->1,1232668864,560
2425,0,280,2274,2,1,1232668898,0,1,1->0,1232668864,560
2425,0,280,2276,4,1,1232668900,0,1,1->0,1232668864,560
2425,0,280,2276,4,6,1232668900,1,0,0->1,1232668864,560
2425,0,280,2279,7,3,1232668903,0,1,1->0,1232668864,560
2425,0,280,2282,2,3,1232668906,0,1,1->0,1232668864,560
2425,0,280,2287,7,3,1232668911,0,1,1->0,1232668864,560
2425,0,280,2290,2,1,1232668914,0,1,1->0,1232668864,560
2425,0,280,2291,3,6,1232668915,1,0,0->1,1232668864,560
2425,0,280,2299,3,1,1232668923,0,1,1->0,1232668864,560
2425,0,280,2301,5,4,1232668925,1,0,0->1,1232668864,560
2425,0,280,2303,7,4,1232668927,1,0,0->1,1232668864,560
2425,0,288,2304,0,4,1232668928,1,0,0->1,1232668928,576
2425,0,288,2306,2,3,1232668930,0,1,1->0,1232668928,576
2425,0,288,2307,3,4,1232668931,1,0,0->1,1232668928,576
2425,0,288,2308,4,3,1232668932,0,1,1->0,1232668928,576
2425,0,288,2316,4,1,1232668940,0,1,1->0,1232668928,576
2425,0,288,2321,1,4,1232668945,1,0,0->1,1232668928,576
2425,0,288,2325,5,4,1232668949,1,0,0->1,1232668928,576
2425,0,288,2326,6,3,1232668950,0,1,1->0,1232668928,576
2425,0,288,2330,2,1,1232668954,0,1,1->0,1232668928,576
2425,0,288,2336,0,3,1232668960,0,1,1->0,1232668928,576
2425,0,288,2337,1,6,1232668961,1,0,0->1,1232668928,576
2425,0,288,2338,2,3,1232668962,0,1,1->0,1232668928,576
2425,0,288,2340,4,3,1232668964,0,1,1->0,1232668928,576
2425,0,288,2342,6,6,1232668966,1,0,0->1,1232668928,576
2425,0,288,2344,0,3,1232668968,0,1,1->0,1232668928,576
2425,0,288,2348,4,1,1232668972,0,1,1->0,1232668928,576
2425,0,288,2350,6,6,1232668974,1,0,0->1,1232668928,576
2425,0,288,2353,1,3,1232668977,0,1,1->0,1232668928,576
2425,0,288,2353,1,6,1232668977,1,0,0->1,1232668928,576
2425,0,288,2354,2,6,1232668978,1,0,0->1,1232668928,576
2425,0,288,2362,2,3,1232668986,0,1,1->0,1232668928,576
2425,0,288,2365,5,4,1232668989,1,0,0->1,1232668928,576
2425,0,296,2369,1,3,1232668993,0,1,1->0,1232668992,592
2425,0,296,2376,0,3,1232669000,0,1,1->0,1232668992,592
2425,0,296,2377,1,4,1232669001,1,0,0->1,1232668992,592
2425,0,296,2382,6,1,1232669006,0,1,1->0,1232668992,592
2425,0,296,2387,3,4,1232669011,1,0,0->1,1232668992,592
2425,0,296,2389,5,4,1232669013,1,0,0->1,1232668992,592
2425,0,296,2390,6,3,1232669014,0,1,1->0,1232668992,592
2425,0,296,2392,0,3,1232669016,0,1,1->0,1232668992,592
2425,0,296,2394,2,1,1232669018,0,1,1->0,1232668992,592
2425,0,296,2395,3,4,1232669019,1,0,0->1,1232668992,592
2425,0,296,2397,5,6,1232669021,1,0,0->1,1232668992,592
2425,0,296,2403,3,1,1232669027,0,1,1->0,1232668992,592
2425,0,296,2414,6,3,1232669038,0,1,1->0,1232668992,592
2425,0,296,2418,2,3,1232669042,0,1,1->0,1232668992,592
2425,0,296,2419,3,4,1232669043,1,0,0->1,1232668992,592
2425,0,296,2420,4,3,1232669044,0,1,1->0,1232668992,592
2425,0,296,2421,5,1,1232669045,0,1,1->0,1232668992,592
2425,0,296,2427,3,6,1232669051,1,0,0->1,1232668992,592
2425,0,296,2430,6,3,1232669054,0,1,1->0,1232668992,592
2425,0,304,2433,1,6,1232669057,1,0,0->1,1232669056,608
2425,0,304,2436,4,1,1232669060,0,1,1->0,1232669056,608
2425,0,304,2437,5,3,1232669061,0,1,1->0,1232669056,608
2425,0,304,2441,1,3,1232669065,0,1,1->0,1232669056,608
2425,0,304,2443,3,3,1232669067,0,1,1->0,1232669056,608
2425,0,304,2455,7,1,1232669079,0,1,1->0,1232669056,608
2425,0,304,2455,7,6,1232669079,1,0,0->1,1232669056,608
2425,0,304,2456,0,1,1232669080,0,1,1->0,1232669056,608
2425,0,304,2458,2,1,1232669082,0,1,1->0,1232669056,608
2425,0,304,2464,0,4,1232669088,1,0,0->1,1232669056,608
2425,0,304,2475,3,3,1232669099,0,1,1->0,1232669056,608
2425,0,304,2479,7,3,1232669103,0,1,1->0,1232669056,608
2425,0,304,2484,4,1,1232669108,0,1,1->0,1232669056,608
2425,0,304,2486,6,1,1232669110,0,1,1->0,1232669056,608
2425,0,304,2494,6,4,1232669118,1,0,0->1,1232669056,608
2425,0,312,2497,1,4,1232669121,1,0,0->1,1232669120,624
2425,0,312,2500,4,1,1232669124,0,1,1->0,1232669120,624
2425,0,312,2500,4,3,1232669124,0,1,1->0,1232669120,624
2425,0,312,2512,0,1,1232669136,0,1,1->0,1232669120,624
2425,0,312,2514,2,4,1232669138,1,0,0->1,1232669120,624
2425,0,312,2521,1,3,1232669145,0,1,1->0,1232669120,624
2425,0,312,2531,3,6,1232669155,1,0,0->1,1232669120,624
2425,0,312,2532,4,3,1232669156,0,1,1->0,1232669120,624
2425,0,312,2537,1,4,1232669161,1,0,0->1,1232669120,624
2425,0,312,2539,3,1,1232669163,0,1,1->0,1232669120,624
2425,0,312,2548,4,1,1232669172,0,1,1->0,1232669120,624
2425,0,312,2552,0,6,1232669176,1,0,0->1,1232669120,624
2425,0,312,2557,5,6,1232669181,1,0,0->1,1232669120,624
2425,0,320,2560,0,1,1232669184,0,1,1->0,1232669184,640
2425,0,320,2560,0,3,1232669184,0,1,1->0,1232669184,640
2425,0,320,2563,3,1,1232669187,0,1,1->0,1232669184,640
2425,0,320,2567,7,1,1232669191,0,1,1->0,1232669184,640
2425,0,320,2576,0,4,1232669200,1,0,0->1,1232669184,640
2425,0,320,2577,1,3,1232669201,0,1,1->0,1232669184,640
2425,0,320,2577,1,6,1232669201,1,0,0->1,1232669184,640
2425,0,320,2578,2,1,1232669202,0,1,1->0,1232669184,640
2425,0,320,2582,6,1,1232669206,0,1,1->0,1232669184,640
2425,0,320,2592,0,1,1232669216,0,1,1->0,1232669184,640
2425,0,320,2594,2,3,1232669218,0,1,1->0,1232669184,640
2425,0,320,2608,0,4,1232669232,1,0,0->1,1232669184,640
2425,0,320,2609,1,3,1232669233,0,1,1->0,1232669184,640
2425,0,320,2610,2,3,1232669234,0,1,1->0,1232669184,640
2425,0,320,2616,0,6,1232669240,1,0,0->1,1232669184,640
2425,0,320,2619,3,3,1232669243,0,1,1->0,1232669184,640
2425,0,328,2630,6,6,1232669254,1,0,0->1,1232669248,656
2425,0,328,2637,5,4,1232669261,1,0,0->1,1232669248,656
2425,0,328,2652,4,4,1232669276,1,0,0->1,1232669248,656
2425,0,328,2653,5,1,1232669277,0,1,1->0,1232669248,656
2425,0,328,2655,7,4,1232669279,1,0,0->1,1232669248,656
2425,0,328,2656,0,6,1232669280,1,0,0->1,1232669248,656
2425,0,328,2668,4,6,1232669292,1,0,0->1,1232669248,656
2425,0,328,2670,6,4,1232669294,1,0,0->1,1232669248,656
2425,0,328,2679,7,1,1232669303,0,1,1->0,1232669248,656
2425,0,328,2684,4,6,1232669308,1,0,0->1,1232669248,656
2425,0,328,2685,5,3,1232669309,0,1,1->0,1232669248,656
2425,0,336,2691,3,1,1232669315,0,1,1->0,1232669312,672
2425,0,336,2692,4,1,1232669316,0,1,1->0,1232669312,672
2425,0,336,2698,2,1,1232669322,0,1,1->0,1232669312,672
2425,0,336,2698,2,3,1232669322,0,1,1->0,1232669312,672
2425,0,336,2703,7,4,1232669327,1,0,0->1,1232669312,672
2425,0,336,2704,0,4,1232669328,1,0,0->1,1232669312,672
2425,0,336,2705,1,6,1232669329,1,0,0->1,1232669312,672
2425,0,336,2706,2,6,1232669330,1,0,0->1,1232669312,672
2425,0,336,2708,4,6,1232669332,1,0,0->1,1232669312,672
2425,0,336,2709,5,3,1232669333,0,1,1->0,1232669312,672
2425,0,336,2712,0,3,1232669336,0,1,1->0,1232669312,672
2425,0,336,2720,0,4,1232669344,1,0,0->1,1232669312,672
2425,0,336,2725,5,3,1232669349,0,1,1->0,1232669312,672
2425,0,336,2735,7,3,1232669359,0,1,1->0,1232669312,672
2425,0,336,2736,0,6,1232669360,1,0,0->1,1232669312,672
2425,0,336,2744,0,3,1232669368,0,1,1->0,1232669312,672
2425,0,336,2748,4,1,1232669372,0,1,1->0,1232669312,672
2425,0,336,2750,6,1,1232669374,0,1,1->0,1232669312,672
2425,0,336,2751,7,6,1232669375,1,0,0->1,1232669312,672
2425,0,344,2760,0,3,1232669384,0,1,1->0,1232669376,688
2425,0,344,2766,6,3,1232669390,0,1,1->0,1232669376,688
2425,0,344,2770,2,1,1232669394,0,1,1->0,1232669376,688
2425,0,344,2772,4,3,1232669396,0,1,1->0,1232669376,688
2425,0,344,2773,5,3,1232669397,0,1,1->0,1232669376,688
2425,0,344,2774,6,6,1232669398,1,0,0->1,1232669376,688
2425,0,344,2779,3,6,1232669403,1,0,0->1,1232669376,688
2425,0,344,2780,4,1,1232669404,0,1,1->0,1232669376,688
2425,0,344,2784,0,1,1232669408,0,1,1->0,1232669376,688
2425,0,344,2788,4,3,1232669412,0,1,1->0,1232669376,688
2425,0,344,2797,5,1,1232669421,0,1,1->0,1232669376,688
2425,0,344,2801,1,4,1232669425,1,0,0->1,1232669376,688
2425,0,344,2806,6,3,1232669430,0,1,1->0,1232669376,688
2425,0,344,2810,2,1,1232669434,0,1,1->0,1232669376,688
2425,0,352,2818,2,3,1232669442,0,1,1->0,1232669440,704
2425,0,352,2818,2,6,1232669442,1,0,0->1,1232669440,704
2425,0,352,2822,6,3,1232669446,0,1,1->0,1232669440,704
2425,0,352,2827,3,3,1232669451,0,1,1->0,1232669440,704
2425,0,352,2830,6,1,1232669454,0,1,1->0,1232669440,704
2425,0,352,2834,2,3,1232669458,0,1,1->0,1232669440,704
2425,0,352,2836,4,1,1232669460,0,1,1->0,1232669440,704
2425,0,352,2837,5,3,1232669461,0,1,1->0,1232669440,704
2425,0,352,2838,6,3,1232669462,0,1,1->0,1232669440,704
2425,0,352,2839,7,1,1232669463,0,1,1->0,1232669440,704
2425,0,352,2839,7,6,1232669463,1,0,0->1,1232669440,704
2425,0,352,2840,0,3,1232669464,0,1,1->0,1232669440,704
2425,0,352,2843,3,1,1232669467,0,1,1->0,1232669440,704
2425,0,352,2843,3,4,1232669467,1,0,0->1,1232669440,704
2425,0,352,2844,4,6,1232669468,1,0,0->1,1232669440,704
2425,0,352,2846,6,4,1232669470,1,0,0->1,1232669440,704
2425,0,352,2848,0,4,1232669472,1,0,0->1,1232669440,704
2425,0,352,2849,1,3,1232669473,0,1,1->0,1232669440,704
2425,0,352,2850,2,1,1232669474,0,1,1->0,1232669440,704
2425,0,352,2851,3,6,1232669475,1,0,0->1,1232669440,704
2425,0,352,2853,5,3,1232669477,0,1,1->0,1232669440,704
2425,0,352,2856,0,1,1232669480,0,1,1->0,1232669440,704
2425,0,352,2856,0,3,1232669480,0,1,1->0,1232669440,704
2425,0,352,2857,1,1,1232669481,0,1,1->0,1232669440,704
2425,0,352,2862,6,3,1232669486,0,1,1->0,1232669440,704
2425,0,352,2863,7,6,1232669487,1,0,0->1,1232669440,704
2425,0,352,2865,1,1,1232669489,0,1,1->0,1232669440,704
2425,0,352,2866,2,1,1232669490,0,1,1->0,1232669440,704
2425,0,352,2868,4,1,1232669492,0,1,1->0,1232669440,704
2425,0,352,2869,5,3,1232669493,0,1,1->0,1232669440,704
2425,0,352,2871,7,1,1232669495,0,1,1->0,1232669440,704
2425,0,352,2872,0,3,1232669496,0,1,1->0,1232669440,704
2425,0,352,2873,1,4,1232669497,1,0,0->1,1232669440,704
2425,0,352,2877,5,3,1232669501,0,1,1->0,1232669440,704
2425,0,352,2878,6,3,1232669502,0,1,1->0,1232669440,704
2425,0,360,2881,1,1,1232669505,0,1,1->0,1232669504,720
2425,0,360,2893,5,4,1232669517,1,0,0->1,1232669504,720
2425,0,360,2898,2,6,1232669522,1,0,0->1,1232669504,720
2425,0,360,2900,4,1,1232669524,0,1,1->0,1232669504,720
2425,0,360,2902,6,1,1232669526,0,1,1->0,1232669504,720
2425,0,360,2905,1,3,1232669529,0,1,1->0,1232669504,720
2425,0,360,2907,3,3,1232669531,0,1,1->0,1232669504,720
2425,0,360,2908,4,3,1232669532,0,1,1->0,1232669504,720
2425,0,360,2918,6,6,1232669542,1,0,0->1,1232669504,720
2425,0,360,2923,3,4,1232669547,1,0,0->1,1232669504,720
2425,0,360,2928,0,6,1232669552,1,0,0->1,1232669504,720
2425,0,360,2941,5,3,1232669565,0,1,1->0,1232669504,720
2425,0,360,2942,6,6,1232669566,1,0,0->1,1232669504,720
2425,0,360,2943,7,3,1232669567,0,1,1->0,1232669504,720
2425,0,360,2943,7,6,1232669567,1,0,0->1,1232669504,720
2425,0,368,2944,0,3,1232669568,0,1,1->0,1232669568,736
2425,0,368,2947,3,6,1232669571,1,0,0->1,1232669568,736
2425,0,368,2948,4,6,1232669572,1,0,0->1,1232669568,736
2425,0,368,2951,7,4,1232669575,1,0,0->1,1232669568,736
2425,0,368,2954,2,4,1232669578,1,0,0->1,1232669568,736
2425,0,368,2960,0,4,1232669584,1,0,0->1,1232669568,736
2425,0,368,2962,2,3,1232669586,0,1,1->0,1232669568,736
2425,0,368,2966,6,1,1232669590,0,1,1->0,1232669568,736
2425,0,368,2967,7,6,1232669591,1,0,0->1,1232669568,736
2425,0,368,2969,1,1,1232669593,0,1,1->0,1232669568,736
2425,0,368,2970,2,3,1232669594,0,1,1->0,1232669568,736
2425,0,368,2974,6,3,1232669598,0,1,1->0,1232669568,736
2425,0,368,2984,0,3,1232669608,0,1,1->0,1232669568,736
2425,0,368,2984,0,4,1232669608,1,0,0->1,1232669568,736
2425,0,368,2989,5,3,1232669613,0,1,1->0,1232669568,736
2425,0,368,2992,0,6,1232669616,1,0,0->1,1232669568,736
2425,0,368,2996,4,3,1232669620,0,1,1->0,1232669568,736
2425,0,368,3000,0,4,1232669624,1,0,0->1,1232669568,736
2425,0,368,3001,1,6,1232669625,1,0,0->1,1232669568,736
2425,0,368,3006,6,4,1232669630,1,0,0->1,1232669568,736
2425,0,368,3007,7,4,1232669631,1,0,0->1,1232669568,736
2425,0,376,3013,5,1,1232669637,0,1,1->0,1232669632,752
2425,0,376,3017,1,3,1232669641,0,1,1->0,1232669632,752
2425,0,376,3019,3,3,1232669643,0,1,1->0,1232669632,752
2425,0,376,3020,4,1,1232669644,0,1,1->0,1232669632,752
2425,0,376,3021,5,1,1232669645,0,1,1->0,1232669632,752
2425,0,376,3021,5,3,1232669645,0,1,1->0,1232669632,752
2425,0,376,3023,7,6,1232669647,1,0,0->1,1232669632,752
2425,0,376,3026,2,4,1232669650,1,0,0->1,1232669632,752
2425,0,376,3027,3,1,1232669651,0,1,1->0,1232669632,752
2425,0,376,3037,5,3,1232669661,0,1,1->0,1232669632,752
2425,0,376,3046,6,1,1232669670,0,1,1->0,1232669632,752
2425,0,376,3052,4,1,1232669676,0,1,1->0,1232669632,752
2425,0,376,3052,4,3,1232669676,0,1,1->0,1232669632,752
2425,0,376,3053,5,1,1232669677,0,1,1->0,1232669632,752
2425,0,376,3055,7,1,1232669679,0,1,1->0,1232669632,752
2425,0,376,3055,7,4,1232669679,1,0,0->1,1232669632,752
2425,0,376,3060,4,3,1232669684,0,1,1->0,1232669632,752
2425,0,376,3063,7,3,1232669687,0,1,1->0,1232669632,752
2425,0,376,3064,0,3,1232669688,0,1,1->0,1232669632,752
2425,0,376,3065,1,4,1232669689,1,0,0->1,1232669632,752
2425,0,376,3066,2,3,1232669690,0,1,1->0,1232669632,752
2425,0,376,3069,5,3,1232669693,0,1,1->0,1232669632,752
2425,0,384,3072,0,3,1232669696,0,1,1->0,1232669696,768
2425,0,384,3078,6,3,1232669702,0,1,1->0,1232669696,768
2425,0,384,3080,0,1,1232669704,0,1,1->0,1232669696,768
2425,0,384,3081,1,6,1232669705,1,0,0->1,1232669696,768
2425,0,384,3084,4,3,1232669708,0,1,1->0,1232669696,768
2425,0,384,3085,5,3,1232669709,0,1,1->0,1232669696,768
2425,0,384,3087,7,1,1232669711,0,1,1->0,1232669696,768
2425,0,384,3089,1,3,1232669713,0,1,1->0,1232669696,768
2425,0,384,3096,0,1,1232669720,0,1,1->0,1232669696,768
2425,0,384,3104,0,4,1232669728,1,0,0->1,1232669696,768
2425,0,384,3106,2,6,1232669730,1,0,0->1,1232669696,768
2425,0,384,3109,5,3,1232669733,0,1,1->0,1232669696,768
2425,0,384,3123,3,1,1232669747,0,1,1->0,1232669696,768
2425,0,384,3131,3,4,1232669755,1,0,0->1,1232669696,768
2425,0,392,3137,1,4,1232669761,1,0,0->1,1232669760,784
2425,0,392,3140,4,1,1232669764,0,1,1->0,1232669760,784
2425,0,392,3142,6,6,1232669766,1,0,0->1,1232669760,784
2425,0,392,3147,3,6,1232669771,1,0,0->1,1232669760,784
2425,0,392,3150,6,4,1232669774,1,0,0->1,1232669760,784
2425,0,392,3154,2,3,1232669778,0,1,1->0,1232669760,784
2425,0,392,3156,4,1,1232669780,0,1,1->0,1232669760,784
2425,0,392,3156,4,3,1232669780,0,1,1->0,1232669760,784
2425,0,392,3163,3,3,1232669787,0,1,1->0,1232669760,784
2425,0,392,3163,3,4,1232669787,1,0,0->1,1232669760,784
2425,0,392,3164,4,1,1232669788,0,1,1->0,1232669760,784
2425,0,392,3168,0,1,1232669792,0,1,1->0,1232669760,784
2425,0,392,3168,0,3,1232669792,0,1,1->0,1232669760,784
2425,0,392,3180,4,3,1232669804,0,1,1->0,1232669760,784
2425,0,392,3182,6,1,1232669806,0,1,1->0,1232669760,784
2425,0,392,3190,6,6,1232669814,1,0,0->1,1232669760,784
2425,0,392,3191,7,6,1232669815,1,0,0->1,1232669760,784
2425,0,392,3192,0,3,1232669816,0,1,1->0,1232669760,784
2425,0,392,3199,7,4,1232669823,1,0,0->1,1232669760,784
2425,0,400,3200,0,6,1232669824,1,0,0->1,1232669824,800
2425,0,400,3201,1,4,1232669825,1,0,0->1,1232669824,800
2425,0,400,3201,1,6,1232669825,1,0,0->1,1232669824,800
2425,0,400,3204,4,6,1232669828,1,0,0->1,1232669824,800
2425,0,400,3212,4,3,1232669836,0,1,1->0,1232669824,800
2425,0,400,3221,5,3,1232669845,0,1,1->0,1232669824,800
2425,0,400,3225,1,6,1232669849,1,0,0->1,1232669824,800
2425,0,400,3228,4,1,1232669852,0,1,1->0,1232669824,800
2425,0,400,3231,7,4,1232669855,1,0,0->1,1232669824,800
2425,0,400,3236,4,1,1232669860,0,1,1->0,1232669824,800
2425,0,400,3237,5,4,1232669861,1,0,0->1,1232669824,800
2425,0,400,3242,2,1,1232669866,0,1,1->0,1232669824,800
2425,0,400,3244,4,4,1232669868,1,0,0->1,1232669824,800
2425,0,400,3246,6,3,1232669870,0,1,1->0,1232669824,800
2425,0,400,3249,1,1,1232669873,0,1,1->0,1232669824,800
2425,0,400,3251,3,1,1232669875,0,1,1->0,1232669824,800
2425,0,400,3252,4,1,1232669876,0,1,1->0,1232669824,800
2425,0,400,3260,4,1,1232669884,0,1,1->0,1232669824,800
2425,0,408,3265,1,4,1232669889,1,0,0->1,1232669888,816
2425,0,408,3266,2,3,1232669890,0,1,1->0,1232669888,816
2425,0,408,3268,4,6,1232669892,1,0,0->1,1232669888,816
2425,0,408,3272,0,4,1232669896,1,0,0->1,1232669888,816
2425,0,408,3281,1,3,1232669905,0,1,1->0,1232669888,816
2425,0,408,3282,2,6,1232669906,1,0,0->1,1232669888,816
2425,0,408,3293,5,4,1232669917,1,0,0->1,1232669888,816
2425,0,408,3295,7,4,1232669919,1,0,0->1,1232669888,816
2425,0,408,3301,5,3,1232669925,0,1,1->0,1232669888,816
2425,0,408,3306,2,1,1232669930,0,1,1->0,1232669888,816
2425,0,408,3306,2,4,1232669930,1,0,0->1,1232669888,816
2425,0,408,3312,0,6,1232669936,1,0,0->1,1232669888,816
2425,0,408,3313,1,1,1232669937,0,1,1->0,1232669888,816
2425,0,408,3313,1,4,1232669937,1,0,0->1,1232669888,816
2425,0,408,3320,0,1,1232669944,0,1,1->0,1232669888,816
2425,0,408,3321,1,3,1232669945,0,1,1->0,1232669888,816
2425,0,408,3325,5,3,1232669949,0,1,1->0,1232669888,816
2425,0,408,3325,5,6,1232669949,1,0,0->1,1232669888,816
2425,0,408,3326,6,4,1232669950,1,0,0->1,1232669888,816
2425,0,408,3327,7,3,1232669951,0,1,1->0,1232669888,816
2425,0,416,3328,0,6,1232669952,1,0,0->1,1232669952,832
2425,0,416,3347,3,4,1232669971,1,0,0->1,1232669952,832
2425,0,416,3349,5,1,1232669973,0,1,1->0,1232669952,832
2425,0,416,3352,0,1,1232669976,0,1,1->0,1232669952,832
2425,0,416,3353,1,3,1232669977,0,1,1->0,1232669952,832
2425,0,416,3356,4,3,1232669980,0,1,1->0,1232669952,832
2425,0,416,3365,5,3,1232669989,0,1,1->0,1232669952,832
2425,0,416,3374,6,1,1232669998,0,1,1->0,1232669952,832
2425,0,416,3375,7,6,1232669999,1,0,0->1,1232669952,832
2425,0,416,3382,6,6,1232670006,1,0,0->1,1232669952,832
2425,0,416,3387,3,1,1232670011,0,1,1->0,1232669952,832
2425,0,416,3389,5,6,1232670013,1,0,0->1,1232669952,832
2425,0,416,3390,6,3,1232670014,0,1,1->0,1232669952,832
2425,0,424,3393,1,3,1232670017,0,1,1->0,1232670016,848
2425,0,424,3394,2,4,1232670018,1,0,0->1,1232670016,848
2425,0,424,3397,5,6,1232670021,1,0,0->1,1232670016,848
2425,0,424,3400,0,4,1232670024,1,0,0->1,1232670016,848
2425,0,424,3404,4,4,1232670028,1,0,0->1,1232670016,848
2425,0,424,3405,5,1,1232670029,0,1,1->0,1232670016,848
2425,0,424,3421,5,3,1232670045,0,1,1->0,1232670016,848
2425,0,424,3423,7,3,1232670047,0,1,1->0,1232670016,848
2425,0,424,3428,4,1,1232670052,0,1,1->0,1232670016,848
2425,0,424,3428,4,3,1232670052,0,1,1->0,1232670016,848
2425,0,424,3435,3,1,1232670059,0,1,1->0,1232670016,848
2425,0,424,3446,6,3,1232670070,0,1,1->0,1232670016,848
2425,0,424,3448,0,6,1232670072,1,0,0->1,1232670016,848
2425,0,424,3449,1,6,1232670073,1,0,0->1,1232670016,848
2425,0,424,3451,3,4,1232670075,1,0,0->1,1232670016,848
2425,0,424,3455,7,1,1232670079,0,1,1->0,1232670016,848
2425,0,432,3457,1,4,1232670081,1,0,0->1,1232670080,864
2425,0,432,3461,5,6,1232670085,1,0,0->1,1232670080,864
2425,0,432,3463,7,3,1232670087,0,1,1->0,1232670080,864
2425,0,432,3467,3,4,1232670091,1,0,0->1,1232670080,864
2425,0,432,3467,3,6,1232670091,1,0,0->1,1232670080,864
2425,0,432,3469,5,6,1232670093,1,0,0->1,1232670080,864
2425,0,432,3472,0,6,1232670096,1,0,0->1,1232670080,864
2425,0,432,3474,2,4,1232670098,1,0,0->1,1232670080,864
2425,0,432,3479,7,3,1232670103,0,1,1->0,1232670080,864
2425,0,432,3480,0,1,1232670104,0,1,1->0,1232670080,864
2425,0,432,3481,1,3,1232670105,0,1,1->0,1232670080,864
2425,0,432,3496,0,1,1232670120,0,1,1->0,1232670080,864
2425,0,432,3496,0,3,1232670120,0,1,1->0,1232670080,864
2425,0,432,3504,0,3,1232670128,0,1,1->0,1232670080,864
2425,0,432,3505,1,6,1232670129,1,0,0->1,1232670080,864
2425,0,432,3506,2,3,1232670130,0,1,1->0,1232670080,864
2425,0,432,3506,2,6,1232670130,1,0,0->1,1232670080,864
2425,0,432,3508,4,1,1232670132,0,1,1->0,1232670080,864
2425,0,432,3510,6,1,1232670134,0,1,1->0,1232670080,864
2425,0,432,3516,4,1,1232670140,0,1,1->0,1232670080,864
2425,0,432,3517,5,1,1232670141,0,1,1->0,1232670080,864
2425,0,432,3517,5,3,1232670141,0,1,1->0,1232670080,864
2425,0,440,3520,0,1,1232670144,0,1,1->0,1232670144,880
2425,0,440,3528,0,3,1232670152,0,1,1->0,1232670144,880
2425,0,440,3528,0,4,1232670152,1,0,0->1,1232670144,880
2425,0,440,3532,4,4,1232670156,1,0,0->1,1232670144,880
2425,0,440,3537,1,6,1232670161,1,0,0->1,1232670144,880
2425,0,440,3539,3,4,1232670163,1,0,0->1,1232670144,880
2425,0,440,3541,5,1,1232670165,0,1,1->0,1232670144,880
2425,0,440,3541,5,3,1232670165,0,1,1->0,1232670144,880
2425,0,440,3543,7,3,1232670167,0,1,1->0,1232670144,880
2425,0,440,3544,0,1,1232670168,0,1,1->0,1232670144,880
2425,0,440,3545,1,4,1232670169,1,0,0->1,1232670144,880
2425,0,440,3555,3,4,1232670179,1,0,0->1,1232670144,880
2425,0,440,3557,5,3,1232670181,0,1,1->0,1232670144,880
2425,0,440,3565,5,3,1232670189,0,1,1->0,1232670144,880
2425,0,440,3571,3,6,1232670195,1,0,0->1,1232670144,880
2425,0,440,3573,5,1,1232670197,0,1,1->0,1232670144,880
2425,0,440,3578,2,3,1232670202,0,1,1->0,1232670144,880
2425,0,440,3582,6,1,1232670206,0,1,1->0,1232670144,880
2425,0,448,3584,0,1,1232670208,0,1,1->0,1232670208,896
2425,0,448,3589,5,6,1232670213,1,0,0->1,1232670208,896
2425,0,448,3597,5,1,1232670221,0,1,1->0,1232670208,896
2425,0,448,3599,7,3,1232670223,0,1,1->0,1232670208,896
2425,0,448,3603,3,6,1232670227,1,0,0->1,1232670208,896
2425,0,448,3607,7,1,1232670231,0,1,1->0,1232670208,896
2425,0,448,3615,7,1,1232670239,0,1,1->0,1232670208,896
2425,0,448,3616,0,1,1232670240,0,1,1->0,1232670208,896
2425,0,448,3616,0,4,1232670240,1,0,0->1,1232670208,896
2425,0,448,3619,3,3,1232670243,0,1,1->0,1232670208,896
2425,0,448,3635,3,6,1232670259,1,0,0->1,1232670208,896
2425,0,448,3638,6,1,1232670262,0,1,1->0,1232670208,896
2425,0,448,3640,0,3,1232670264,0,1,1->0,1232670208,896
2425,0,448,3640,0,6,1232670264,1,0,0->1,1232670208,896
2425,0,456,3651,3,4,1232670275,1,0,0->1,1232670272,912
2425,0,456,3657,1,4,1232670281,1,0,0->1,1232670272,912
2425,0,456,3659,3,3,1232670283,0,1,1->0,1232670272,912
2425,0,456,3666,2,1,1232670290,0,1,1->0,1232670272,912
2425,0,456,3669,5,1,1232670293,0,1,1->0,1232670272,912
2425,0,456,3671,7,1,1232670295,0,1,1->0,1232670272,912
2425,0,456,3674,2,3,1232670298,0,1,1->0,1232670272,912
2425,0,456,3687,7,1,1232670311,0,1,1->0,1232670272,912
2425,0,456,3693,5,1,1232670317,0,1,1->0,1232670272,912
2425,0,456,3693,5,3,1232670317,0,1,1->0,1232670272,912
2425,0,456,3698,2,3,1232670322,0,1,1->0,1232670272,912
2425,0,464,3713,1,1,1232670337,0,1,1->0,1232670336,928
2425,0,464,3718,6,1,1232670342,0,1,1->0,1232670336,928
2425,0,464,3720,0,3,1232670344,0,1,1->0,1232670336,928
2425,0,464,3721,1,3,1232670345,0,1,1->0,1232670336,928
2425,0,464,3722,2,1,1232670346,0,1,1->0,1232670336,928
2425,0,464,3724,4,6,1232670348,1,0,0->1,1232670336,928
2425,0,464,3725,5,6,1232670349,1,0,0->1,1232670336,928
2425,0,464,3726,6,6,1232670350,1,0,0->1,1232670336,928
2425,0,464,3727,7,4,1232670351,1,0,0->1,1232670336,928
2425,0,464,3730,2,3,1232670354,0,1,1->0,1232670336,928
2425,0,464,3736,0,6,1232670360,1,0,0->1,1232670336,928
2425,0,464,3741,5,6,1232670365,1,0,0->1,1232670336,928
2425,0,464,3743,7,3,1232670367,0,1,1->0,1232670336,928
2425,0,464,3744,0,1,1232670368,0,1,1->0,1232670336,928
2425,0,464,3745,1,6,1232670369,1,0,0->1,1232670336,928
2425,0,464,3747,3,1,1232670371,0,1,1->0,1232670336,928
2425,0,464,3747,3,3,1232670371,0,1,1->0,1232670336,928
2425,0,464,3749,5,1,1232670373,0,1,1->0,1232670336,928
2425,0,464,3751,7,3,1232670375,0,1,1->0,1232670336,928
2425,0,464,3755,3,4,1232670379,1,0,0->1,1232670336,928
2425,0,464,3758,6,1,1232670382,0,1,1->0,1232670336,928
2425,0,472,3779,3,6,1232670403,1,0,0->1,1232670400,944
2425,0,472,3782,6,4,1232670406,1,0,0->1,1232670400,944
2425,0,472,3783,7,3,1232670407,0,1,1->0,1232670400,944
2425,0,472,3785,1,6,1232670409,1,0,0->1,1232670400,944
2425,0,472,3789,5,6,1232670413,1,0,0->1,1232670400,944
2425,0,472,3794,2,3,1232670418,0,1,1->0,1232670400,944
2425,0,472,3796,4,6,1232670420,1,0,0->1,1232670400,944
2425,0,472,3798,6,1,1232670422,0,1,1->0,1232670400,944
2425,0,472,3800,0,6,1232670424,1,0,0->1,1232670400,944
2425,0,472,3801,1,3,1232670425,0,1,1->0,1232670400,944
2425,0,472,3813,5,3,1232670437,0,1,1->0,1232670400,944
2425,0,472,3819,3,4,1232670443,1,0,0->1,1232670400,944
2425,0,472,3820,4,3,1232670444,0,1,1->0,1232670400,944
2425,0,472,3832,0,3,1232670456,0,1,1->0,1232670400,944
2425,0,480,3841,1,1,1232670465,0,1,1->0,1232670464,960
2425,0,480,3847,7,3,1232670471,0,1,1->0,1232670464,960
2425,0,480,3847,7,4,1232670471,1,0,0->1,1232670464,960
2425,0,480,3849,1,1,1232670473,0,1,1->0,1232670464,960
2425,0,480,3849,1,6,1232670473,1,0,0->1,1232670464,960
2425,0,480,3854,6,3,1232670478,0,1,1->0,1232670464,960
2425,0,480,3855,7,6,1232670479,1,0,0->1,1232670464,960
2425,0,480,3861,5,4,1232670485,1,0,0->1,1232670464,960
2425,0,480,3869,5,3,1232670493,0,1,1->0,1232670464,960
2425,0,480,3869,5,4,1232670493,1,0,0->1,1232670464,960
2425,0,480,3877,5,1,1232670501,0,1,1->0,1232670464,960
2425,0,480,3877,5,4,1232670501,1,0,0->1,1232670464,960
2425,0,480,3878,6,3,1232670502,0,1,1->0,1232670464,960
2425,0,480,3880,0,1,1232670504,0,1,1->0,1232670464,960
2425,0,480,3881,1,1,1232670505,0,1,1->0,1232670464,960
2425,0,480,3881,1,3,1232670505,0,1,1->0,1232670464,960
2425,0,480,3883,3,3,1232670507,0,1,1->0,1232670464,960
2425,0,480,3884,4,3,1232670508,0,1,1->0,1232670464,960
2425,0,480,3885,5,1,1232670509,0,1,1->0,1232670464,960
2425,0,480,3887,7,4,1232670511,1,0,0->1,1232670464,960
2425,0,480,3887,7,6,1232670511,1,0,0->1,1232670464,960
2425,0,480,3889,1,3,1232670513,0,1,1->0,1232670464,960
2425,0,480,3898,2,1,1232670522,0,1,1->0,1232670464,960
2425,0,488,3920,0,4,1232670544,1,0,0->1,1232670528,976
2425,0,488,3931,3,3,1232670555,0,1,1->0,1232670528,976
2425,0,488,3932,4,6,1232670556,1,0,0->1,1232670528,976
2425,0,488,3938,2,4,1232670562,1,0,0->1,1232670528,976
2425,0,488,3941,5,4,1232670565,1,0,0->1,1232670528,976
2425,0,488,3942,6,3,1232670566,0,1,1->0,1232670528,976
2425,0,488,3942,6,4,1232670566,1,0,0->1,1232670528,976
2425,0,488,3964,4,3,1232670588,0,1,1->0,1232670528,976
2425,0,496,3973,5,1,1232670597,0,1,1->0,1232670592,992
2425,0,496,3978,2,3,1232670602,0,1,1->0,1232670592,992
2425,0,496,3978,2,6,1232670602,1,0,0->1,1232670592,992
2425,0,496,3980,4,1,1232670604,0,1,1->0,1232670592,992
2425,0,496,3980,4,3,1232670604,0,1,1->0,1232670592,992
2425,0,496,3981,5,4,1232670605,1,0,0->1,1232670592,992
2425,0,496,3982,6,4,1232670606,1,0,0->1,1232670592,992
2425,0,496,3984,0,6,1232670608,1,0,0->1,1232670592,992
2425,0,496,3985,1,6,1232670609,1,0,0->1,1232670592,992
2425,0,496,3986,2,1,1232670610,0,1,1->0,1232670592,992
2425,0,496,3988,4,6,1232670612,1,0,0->1,1232670592,992
2425,0,496,3990,6,6,1232670614,1,0,0->1,1232670592,992
2425,0,496,3994,2,3,1232670618,0,1,1->0,1232670592,992
2425,0,496,3996,4,4,1232670620,1,0,0->1,1232670592,992
2425,0,496,3999,7,6,1232670623,1,0,0->1,1232670592,992
2425,0,496,4001,1,3,1232670625,0,1,1->0,1232670592,992
2425,0,496,4002,2,1,1232670626,0,1,1->0,1232670592,992
2425,0,496,4003,3,3,1232670627,0,1,1->0,1232670592,992
2425,0,496,4008,0,3,1232670632,0,1,1->0,1232670592,992
2425,0,496,4008,0,6,1232670632,1,0,0->1,1232670592,992
2425,0,496,4009,1,6,1232670633,1,0,0->1,1232670592,992
2425,0,496,4010,2,4,1232670634,1,0,0->1,1232670592,992
2425,0,496,4016,0,4,1232670640,1,0,0->1,1232670592,992
2425,0,496,4017,1,3,1232670641,0,1,1->0,1232670592,992
2425,0,496,4022,6,4,1232670646,1,0,0->1,1232670592,992
2425,0,496,4027,3,6,1232670651,1,0,0->1,1232670592,992
2425,0,504,4033,1,4,1232670657,1,0,0->1,1232670656,1008
2425,0,504,4035,3,1,1232670659,0,1,1->0,1232670656,1008
2425,0,504,4046,6,1,1232670670,0,1,1->0,1232670656,1008
2425,0,504,4049,1,4,1232670673,1,0,0->1,1232670656,1008
2425,0,504,4050,2,1,1232670674,0,1,1->0,1232670656,1008
2425,0,504,4051,3,4,1232670675,1,0,0->1,1232670656,1008
2425,0,504,4052,4,1,1232670676,0,1,1->0,1232670656,1008
2425,0,504,4054,6,1,1232670678,0,1,1->0,1232670656,1008
2425,0,504,4055,7,6,1232670679,1,0,0->1,1232670656,1008
2425,0,504,4057,1,4,1232670681,1,0,0->1,1232670656,1008
2425,0,504,4069,5,3,1232670693,0,1,1->0,1232670656,1008
2425,0,504,4076,4,1,1232670700,0,1,1->0,1232670656,1008
2425,0,504,4081,1,1,1232670705,0,1,1->0,1232670656,1008
2425,0,504,4084,4,4,1232670708,1,0,0->1,1232670656,1008
2425,0,504,4085,5,1,1232670709,0,1,1->0,1232670656,1008
2425,0,504,4085,5,4,1232670709,1,0,0->1,1232670656,1008
2425,0,504,4086,6,1,1232670710,0,1,1->0,1232670656,1008
2425,0,504,4088,0,6,1232670712,1,0,0->1,1232670656,1008
2425,0,504,4089,1,6,1232670713,1,0,0->1,1232670656,1008
2425,0,504,4091,3,3,1232670715,0,1,1->0,1232670656,1008
2425,0,504,4093,5,4,1232670717,1,0,0->1,1232670656,1008
2425,0,512,4104,0,1,1232670728,0,1,1->0,1232670720,1024
2425,0,512,4108,4,4,1232670732,1,0,0->1,1232670720,1024
2425,0,512,4113,1,1,1232670737,0,1,1->0,1232670720,1024
2425,0,512,4116,4,4,1232670740,1,0,0->1,1232670720,1024
2425,0,512,4120,0,6,1232670744,1,0,0->1,1232670720,1024
2425,0,512,4125,5,3,1232670749,0,1,1->0,1232670720,1024
2425,0,512,4129,1,3,1232670753,0,1,1->0,1232670720,1024
2425,0,512,4129,1,4,1232670753,1,0,0->1,1232670720,1024
2425,0,512,4138,2,3,1232670762,0,1,1->0,1232670720,1024
2425,0,512,4140,4,3,1232670764,0,1,1->0,1232670720,1024
2425,0,512,4142,6,3,1232670766,0,1,1->0,1232670720,1024
2425,0,512,4143,7,3,1232670767,0,1,1->0,1232670720,1024
2425,0,512,4156,4,3,1232670780,0,1,1->0,1232670720,1024
2425,0,512,4157,5,3,1232670781,0,1,1->0,1232670720,1024
2425,0,512,4158,6,3,1232670782,0,1,1->0,1232670720,1024
2425,0,520,4160,0,1,1232670784,0,1,1->0,1232670784,1040
2425,0,520,4161,1,3,1232670785,0,1,1->0,1232670784,1040
2425,0,520,4174,6,3,1232670798,0,1,1->0,1232670784,1040
2425,0,520,4175,7,1,1232670799,0,1,1->0,1232670784,1040
2425,0,520,4177,1,1,1232670801,0,1,1->0,1232670784,1040
2425,0,520,4183,7,1,1232670807,0,1,1->0,1232670784,1040
2425,0,520,4189,5,3,1232670813,0,1,1->0,1232670784,1040
2425,0,520,4194,2,1,1232670818,0,1,1->0,1232670784,1040
2425,0,520,4196,4,1,1232670820,0,1,1->0,1232670784,1040
2425,0,520,4198,6,3,1232670822,0,1,1->0,1232670784,1040
2425,0,520,4203,3,6,1232670827,1,0,0->1,1232670784,1040
2425,0,520,4206,6,6,1232670830,1,0,0->1,1232670784,1040
2425,0,520,4208,0,3,1232670832,0,1,1->0,1232670784,1040
2425,0,520,4209,1,1,1232670833,0,1,1->0,1232670784,1040
2425,0,520,4209,1,3,1232670833,0,1,1->0,1232670784,1040
2425,0,520,4211,3,3,1232670835,0,1,1->0,1232670784,1040
2425,0,520,4219,3,3,1232670843,0,1,1->0,1232670784,1040
2425,0,520,4222,6,1,1232670846,0,1,1->0,1232670784,1040
2425,0,528,4224,0,4,1232670848,1,0,0->1,1232670848,1056
2425,0,528,4233,1,1,1232670857,0,1,1->0,1232670848,1056
2425,0,528,4237,5,6,1232670861,1,0,0->1,1232670848,1056
2425,0,528,4245,5,1,1232670869,0,1,1->0,1232670848,1056
2425,0,528,4246,6,4,1232670870,1,0,0->1,1232670848,1056
2425,0,528,4250,2,3,1232670874,0,1,1->0,1232670848,1056
2425,0,528,4254,6,1,1232670878,0,1,1->0,1232670848,1056
2425,0,528,4258,2,3,1232670882,0,1,1->0,1232670848,1056
2425,0,528,4259,3,3,1232670883,0,1,1->0,1232670848,1056
2425,0,528,4264,0,3,1232670888,0,1,1->0,1232670848,1056
2425,0,528,4271,7,6,1232670895,1,0,0->1,1232670848,1056
2425,0,528,4273,1,6,1232670897,1,0,0->1,1232670848,1056
2425,0,536,4295,7,6,1232670919,1,0,0->1,1232670912,1072
2425,0,536,4296,0,4,1232670920,1,0,0->1,1232670912,1072
2425,0,536,4298,2,1,1232670922,0,1,1->0,1232670912,1072
2425,0,536,4300,4,1,1232670924,0,1,1->0,1232670912,1072
2425,0,536,4307,3,4,1232670931,1,0,0->1,1232670912,1072
2425,0,536,4310,6,6,1232670934,1,0,0->1,1232670912,1072
2425,0,536,4311,7,1,1232670935,0,1,1->0,1232670912,1072
2425,0,536,4313,1,3,1232670937,0,1,1->0,1232670912,1072
2425,0,536,4314,2,3,1232670938,0,1,1->0,1232670912,1072
2425,0,536,4314,2,4,1232670938,1,0,0->1,1232670912,1072
2425,0,536,4315,3,6,1232670939,1,0,0->1,1232670912,1072
2425,0,536,4320,0,1,1232670944,0,1,1->0,1232670912,1072
2425,0,536,4330,2,4,1232670954,1,0,0->1,1232670912,1072
2425,0,536,4331,3,1,1232670955,0,1,1->0,1232670912,1072
2425,0,536,4337,1,6,1232670961,1,0,0->1,1232670912,1072
2425,0,536,4339,3,1,1232670963,0,1,1->0,1232670912,1072
2425,0,536,4342,6,1,1232670966,0,1,1->0,1232670912,1072
2425,0,536,4342,6,6,1232670966,1,0,0->1,1232670912,1072
2425,0,536,4345,1,1,1232670969,0,1,1->0,1232670912,1072
2425,0,544,4358,6,1,1232670982,0,1,1->0,1232670976,1088
2425,0,544,4364,4,3,1232670988,0,1,1->0,1232670976,1088
2425,0,544,4364,4,4,1232670988,1,0,0->1,1232670976,1088
2425,0,544,4380,4,3,1232671004,0,1,1->0,1232670976,1088
2425,0,544,4381,5,3,1232671005,0,1,1->0,1232670976,1088
2425,0,544,4387,3,4,1232671011,1,0,0->1,1232670976,1088
2425,0,544,4404,4,4,1232671028,1,0,0->1,1232670976,1088
2425,0,544,4404,4,6,1232671028,1,0,0->1,1232670976,1088
2425,0,544,4407,7,3,1232671031,0,1,1->0,1232670976,1088
2425,0,544,4408,0,1,1232671032,0,1,1->0,1232670976,1088
2425,0,544,4410,2,3,1232671034,0,1,1->0,1232670976,1088
2425,0,544,4413,5,6,1232671037,1,0,0->1,1232670976,1088
2425,0,552,4419,3,4,1232671043,1,0,0->1,1232671040,1104
2425,0,552,4429,5,1,1232671053,0,1,1->0,1232671040,1104
2425,0,552,4429,5,4,1232671053,1,0,0->1,1232671040,1104
2425,0,552,4431,7,6,1232671055,1,0,0->1,1232671040,1104
2425,0,552,4433,1,4,1232671057,1,0,0->1,1232671040,1104
2425,0,552,4438,6,4,1232671062,1,0,0->1,1232671040,1104
2425,0,552,4441,1,4,1232671065,1,0,0->1,1232671040,1104
2425,0,552,4442,2,4,1232671066,1,0,0->1,1232671040,1104
2425,0,552,4452,4,4,1232671076,1,0,0->1,1232671040,1104
2425,0,552,4454,6,1,1232671078,0,1,1->0,1232671040,1104
2425,0,552,4456,0,1,1232671080,0,1,1->0,1232671040,1104
2425,0,552,4457,1,3,1232671081,0,1,1->0,1232671040,1104
2425,0,552,4458,2,3,1232671082,0,1,1->0,1232671040,1104
2425,0,552,4465,1,1,1232671089,0,1,1->0,1232671040,1104
2425,0,552,4465,1,3,1232671089,0,1,1->0,1232671040,1104
2425,0,552,4470,6,1,1232671094,0,1,1->0,1232671040,1104
2425,0,552,4474,2,3,1232671098,0,1,1->0,1232671040,1104
2425,0,552,4479,7,3,1232671103,0,1,1->0,1232671040,1104
2425,0,560,4480,0,4,1232671104,1,0,0->1,1232671104,1120
2425,0,560,4484,4,4,1232671108,1,0,0->1,1232671104,1120
2425,0,560,4484,4,6,1232671108,1,0,0->1,1232671104,1120
2425,0,560,4485,5,4,1232671109,1,0,0->1,1232671104,1120
2425,0,560,4486,6,3,1232671110,0,1,1->0,1232671104,1120
2425,0,560,4490,2,3,1232671114,0,1,1->0,1232671104,1120
2425,0,560,4491,3,1,1232671115,0,1,1->0,1232671104,1120
2425,0,560,4499,3,1,1232671123,0,1,1->0,1232671104,1120
2425,0,560,4501,5,3,1232671125,0,1,1->0,1232671104,1120
2425,0,560,4506,2,3,1232671130,0,1,1->0,1232671104,1120
2425,0,560,4507,3,6,1232671131,1,0,0->1,1232671104,1120
2425,0,560,4508,4,3,1232671132,0,1,1->0,1232671104,1120
2425,0,560,4512,0,3,1232671136,0,1,1->0,1232671104,1120
2425,0,560,4512,0,4,1232671136,1,0,0->1,1232671104,1120
2425,0,560,4515,3,1,1232671139,0,1,1->0,1232671104,1120
2425,0,560,4524,4,1,1232671148,0,1,1->0,1232671104,1120
2425,0,560,4532,4,1,1232671156,0,1,1->0,1232671104,1120
2425,0,560,4532,4,3,1232671156,0,1,1->0,1232671104,1120
2425,0,560,4537,1,6,1232671161,1,0,0->1,1232671104,1120
2425,0,560,4541,5,1,1232671165,0,1,1->0,1232671104,1120
2425,0,560,4541,5,3,1232671165,0,1,1->0,1232671104,1120
2425,0,560,4543,7,4,1232671167,1,0,0->1,1232671104,1120
2425,0,568,4546,2,1,1232671170,0,1,1->0,1232671168,1136
2425,0,568,4547,3,3,1232671171,0,1,1->0,1232671168,1136
2425,0,568,4547,3,4,1232671171,1,0,0->1,1232671168,1136
2425,0,568,4553,1,4,1232671177,1,0,0->1,1232671168,1136
2425,0,568,4559,7,1,1232671183,0,1,1->0,1232671168,1136
2425,0,568,4567,7,6,1232671191,1,0,0->1,1232671168,1136
2425,0,568,4572,4,6,1232671196,1,0,0->1,1232671168,1136
2425,0,568,4575,7,6,1232671199,1,0,0->1,1232671168,1136
2425,0,568,4577,1,1,1232671201,0,1,1->0,1232671168,1136
2425,0,568,4581,5,3,1232671205,0,1,1->0,1232671168,1136
2425,0,568,4583,7,6,1232671207,1,0,0->1,1232671168,1136
2425,0,568,4585,1,1,1232671209,0,1,1->0,1232671168,1136
2425,0,568,4586,2,6,1232671210,1,0,0->1,1232671168,1136
2425,0,568,4588,4,3,1232671212,0,1,1->0,1232671168,1136
2425,0,568,4594,2,1,1232671218,0,1,1->0,1232671168,1136
2425,0,568,4595,3,1,1232671219,0,1,1->0,1232671168,1136
2425,0,568,4598,6,3,1232671222,0,1,1->0,1232671168,1136
2425,0,568,4601,1,1,1232671225,0,1,1->0,1232671168,1136
2425,0,568,4601,1,4,1232671225,1,0,0->1,1232671168,1136
2425,0,568,4604,4,1,1232671228,0,1,1->0,1232671168,1136
2425,0,568,4604,4,3,1232671228,0,1,1->0,1232671168,1136
2425,0,568,4605,5,1,1232671229,0,1,1->0,1232671168,1136
2425,0,568,4605,5,6,1232671229,1,0,0->1,1232671168,1136
2425,0,568,4606,6,4,1232671230,1,0,0->1,1232671168,1136
2425,0,568,4606,6,6,1232671230,1,0,0->1,1232671168,1136
2425,0,576,4608,0,4,1232671232,1,0,0->1,1232671232,1152
2425,0,576,4609,1,1,1232671233,0,1,1->0,1232671232,1152
2425,0,576,4609,1,6,1232671233,1,0,0->1,1232671232,1152
2425,0,576,4611,3,3,1232671235,0,1,1->0,1232671232,1152
2425,0,576,4611,3,4,1232671235,1,0,0->1,1232671232,1152
2425,0,576,4617,1,4,1232671241,1,0,0->1,1232671232,1152
2425,0,576,4618,2,4,1232671242,1,0,0->1,1232671232,1152
2425,0,576,4636,4,3,1232671260,0,1,1->0,1232671232,1152
2425,0,576,4638,6,3,1232671262,0,1,1->0,1232671232,1152
2425,0,576,4639,7,1,1232671263,0,1,1->0,1232671232,1152
2425,0,576,4645,5,4,1232671269,1,0,0->1,1232671232,1152
2425,0,576,4647,7,3,1232671271,0,1,1->0,1232671232,1152
2425,0,576,4651,3,1,1232671275,0,1,1->0,1232671232,1152
2425,0,576,4654,6,3,1232671278,0,1,1->0,1232671232,1152
2425,0,576,4655,7,4,1232671279,1,0,0->1,1232671232,1152
2425,0,576,4656,0,6,1232671280,1,0,0->1,1232671232,1152
2425,0,576,4660,4,6,1232671284,1,0,0->1,1232671232,1152
2425,0,576,4663,7,3,1232671287,0,1,1->0,1232671232,1152
2425,0,576,4666,2,4,1232671290,1,0,0->1,1232671232,1152
2425,0,576,4668,4,4,1232671292,1,0,0->1,1232671232,1152
2425,0,576,4671,7,6,1232671295,1,0,0->1,1232671232,1152
2425,0,584,4674,2,6,1232671298,1,0,0->1,1232671296,1168
2425,0,584,4676,4,3,1232671300,0,1,1->0,1232671296,1168
2425,0,584,4676,4,4,1232671300,1,0,0->1,1232671296,1168
2425,0,584,4677,5,4,1232671301,1,0,0->1,1232671296,1168
2425,0,584,4678,6,4,1232671302,1,0,0->1,1232671296,1168
2425,0,584,4679,7,1,1232671303,0,1,1->0,1232671296,1168
2425,0,584,4687,7,4,1232671311,1,0,0->1,1232671296,1168
2425,0,584,4689,1,4,1232671313,1,0,0->1,1232671296,1168
2425,0,584,4691,3,3,1232671315,0,1,1->0,1232671296,1168
2425,0,584,4702,6,6,1232671326,1,0,0->1,1232671296,1168
2425,0,584,4710,6,3,1232671334,0,1,1->0,1232671296,1168
2425,0,584,4712,0,3,1232671336,0,1,1->0,1232671296,1168
2425,0,584,4715,3,6,1232671339,1,0,0->1,1232671296,1168
2425,0,584,4724,4,3,1232671348,0,1,1->0,1232671296,1168
2425,0,584,4727,7,3,1232671351,0,1,1->0,1232671296,1168
2425,0,584,4729,1,3,1232671353,0,1,1->0,1232671296,1168
2425,0,584,4730,2,3,1232671354,0,1,1->0,1232671296,1168
2425,0,584,4734,6,4,1232671358,1,0,0->1,1232671296,1168
2425,0,592,4740,4,3,1232671364,0,1,1->0,1232671360,1184
2425,0,592,4741,5,3,1232671365,0,1,1->0,1232671360,1184
2425,0,592,4743,7,3,1232671367,0,1,1->0,1232671360,1184
2425,0,592,4745,1,4,1232671369,1,0,0->1,1232671360,1184
2425,0,592,4751,7,1,1232671375,0,1,1->0,1232671360,1184
2425,0,592,4760,0,3,1232671384,0,1,1->0,1232671360,1184
2425,0,592,4772,4,1,1232671396,0,1,1->0,1232671360,1184
2425,0,592,4780,4,6,1232671404,1,0,0->1,1232671360,1184
2425,0,592,4790,6,3,1232671414,0,1,1->0,1232671360,1184
2425,0,592,4798,6,1,1232671422,0,1,1->0,1232671360,1184
2425,0,600,4802,2,3,1232671426,0,1,1->0,1232671424,1200
2425,0,600,4806,6,3,1232671430,0,1,1->0,1232671424,1200
2425,0,600,4813,5,1,1232671437,0,1,1->0,1232671424,1200
2425,0,600,4823,7,1,1232671447,0,1,1->0,1232671424,1200
2425,0,600,4830,6,6,1232671454,1,0,0->1,1232671424,1200
2425,0,600,4833,1,4,1232671457,1,0,0->1,1232671424,1200
2425,0,600,4836,4,1,1232671460,0,1,1->0,1232671424,1200
2425,0,600,4837,5,3,1232671461,0,1,1->0,1232671424,1200
2425,0,600,4840,0,6,1232671464,1,0,0->1,1232671424,1200
2425,0,600,4844,4,6,1232671468,1,0,0->1,1232671424,1200
2425,0,600,4846,6,4,1232671470,1,0,0->1,1232671424,1200
2425,0,600,4849,1,3,1232671473,0,1,1->0,1232671424,1200
2425,0,600,4849,1,4,1232671473,1,0,0->1,1232671424,1200
2425,0,600,4851,3,1,1232671475,0,1,1->0,1232671424,1200
2425,0,600,4854,6,6,1232671478,1,0,0->1,1232671424,1200
2425,0,608,4867,3,1,1232671491,0,1,1->0,1232671488,1216
2425,0,608,4868,4,3,1232671492,0,1,1->0,1232671488,1216
2425,0,608,4871,7,3,1232671495,0,1,1->0,1232671488,1216
2425,0,608,4874,2,1,1232671498,0,1,1->0,1232671488,1216
2425,0,608,4879,7,4,1232671503,1,0,0->1,1232671488,1216
2425,0,608,4883,3,4,1232671507,1,0,0->1,1232671488,1216
2425,0,608,4889,1,3,1232671513,0,1,1->0,1232671488,1216
2425,0,608,4890,2,6,1232671514,1,0,0->1,1232671488,1216
2425,0,608,4892,4,1,1232671516,0,1,1->0,1232671488,1216
2425,0,608,4894,6,3,1232671518,0,1,1->0,1232671488,1216
2425,0,608,4900,4,3,1232671524,0,1,1->0,1232671488,1216
2425,0,608,4904,0,4,1232671528,1,0,0->1,1232671488,1216
2425,0,608,4905,1,3,1232671529,0,1,1->0,1232671488,1216
2425,0,608,4905,1,4,1232671529,1,0,0->1,1232671488,1216
2425,0,608,4908,4,1,1232671532,0,1,1->0,1232671488,1216
2425,0,608,4908,4,3,1232671532,0,1,1->0,1232671488,1216
2425,0,608,4910,6,3,1232671534,0,1,1->0,1232671488,1216
2425,0,608,4912,0,3,1232671536,0,1,1->0,1232671488,1216
2425,0,608,4921,1,4,1232671545,1,0,0->1,1232671488,1216
2425,0,608,4924,4,1,1232671548,0,1,1->0,1232671488,1216
2425,0,616,4929,1,4,1232671553,1,0,0->1,1232671552,1232
2425,0,616,4930,2,3,1232671554,0,1,1->0,1232671552,1232
2425,0,616,4935,7,1,1232671559,0,1,1->0,1232671552,1232
2425,0,616,4941,5,3,1232671565,0,1,1->0,1232671552,1232
2425,0,616,4942,6,1,1232671566,0,1,1->0,1232671552,1232
2425,0,616,4960,0,1,1232671584,0,1,1->0,1232671552,1232
2425,0,616,4961,1,4,1232671585,1,0,0->1,1232671552,1232
2425,0,616,4971,3,1,1232671595,0,1,1->0,1232671552,1232
2425,0,616,4972,4,6,1232671596,1,0,0->1,1232671552,1232
2425,0,616,4978,2,4,1232671602,1,0,0->1,1232671552,1232
2425,0,616,4979,3,6,1232671603,1,0,0->1,1232671552,1232
2425,0,616,4981,5,1,1232671605,0,1,1->0,1232671552,1232
2425,0,616,4982,6,1,1232671606,0,1,1->0,1232671552,1232
2425,0,616,4984,0,3,1232671608,0,1,1->0,1232671552,1232
2425,0,616,4989,5,6,1232671613,1,0,0->1,1232671552,1232
2425,0,624,4992,0,1,1232671616,0,1,1->0,1232671616,1248
2425,0,624,4998,6,1,1232671622,0,1,1->0,1232671616,1248
2425,0,624,4998,6,4,1232671622,1,0,0->1,1232671616,1248
2425,0,624,5007,7,1,1232671631,0,1,1->0,1232671616,1248
2425,0,624,5007,7,3,1232671631,0,1,1->0,1232671616,1248
2425,0,624,5009,1,1,1232671633,0,1,1->0,1232671616,1248
2425,0,624,5010,2,1,1232671634,0,1,1->0,1232671616,1248
2425,0,624,5013,5,4,1232671637,1,0,0->1,1232671616,1248
2425,0,624,5019,3,3,1232671643,0,1,1->0,1232671616,1248
2425,0,624,5024,0,3,1232671648,0,1,1->0,1232671616,1248
2425,0,624,5027,3,4,1232671651,1,0,0->1,1232671616,1248
2425,0,624,5030,6,1,1232671654,0,1,1->0,1232671616,1248
2425,0,624,5033,1,3,1232671657,0,1,1->0,1232671616,1248
2425,0,624,5033,1,4,1232671657,1,0,0->1,1232671616,1248
2425,0,624,5036,4,4,1232671660,1,0,0->1,1232671616,1248
2425,0,624,5039,7,3,1232671663,0,1,1->0,1232671616,1248
2425,0,624,5042,2,1,1232671666,0,1,1->0,1232671616,1248
2425,0,624,5042,2,3,1232671666,0,1,1->0,1232671616,1248
2425,0,624,5046,6,1,1232671670,0,1,1->0,1232671616,1248
2425,0,624,5049,1,3,1232671673,0,1,1->0,1232671616,1248
2425,0,624,5053,5,6,1232671677,1,0,0->1,1232671616,1248
2425,0,624,5055,7,3,1232671679,0,1,1->0,1232671616,1248
2425,0,624,5055,7,4,1232671679,1,0,0->1,1232671616,1248
2425,0,632,5056,0,1,1232671680,0,1,1->0,1232671680,1264
2425,0,632,5057,1,3,1232671681,0,1,1->0,1232671680,1264
2425,0,632,5058,2,3,1232671682,0,1,1->0,1232671680,1264
2425,0,632,5062,6,3,1232671686,0,1,1->0,1232671680,1264
2425,0,632,5067,3,3,1232671691,0,1,1->0,1232671680,1264
2425,0,632,5067,3,4,1232671691,1,0,0->1,1232671680,1264
2425,0,632,5073,1,6,1232671697,1,0,0->1,1232671680,1264
2425,0,632,5076,4,6,1232671700,1,0,0->1,1232671680,1264
2425,0,632,5081,1,1,1232671705,0,1,1->0,1232671680,1264
2425,0,632,5084,4,4,1232671708,1,0,0->1,1232671680,1264
2425,0,632,5085,5,6,1232671709,1,0,0->1,1232671680,1264
2425,0,632,5087,7,1,1232671711,0,1,1->0,1232671680,1264
2425,0,632,5094,6,1,1232671718,0,1,1->0,1232671680,1264
2425,0,632,5094,6,6,1232671718,1,0,0->1,1232671680,1264
2425,0,632,5095,7,1,1232671719,0,1,1->0,1232671680,1264
2425,0,632,5102,6,1,1232671726,0,1,1->0,1232671680,1264
2425,0,632,5102,6,3,1232671726,0,1,1->0,1232671680,1264
2425,0,632,5110,6,1,1232671734,0,1,1->0,1232671680,1264
2425,0,632,5118,6,3,1232671742,0,1,1->0,1232671680,1264
2425,0,632,5119,7,1,1232671743,0,1,1->0,1232671680,1264
2425,0,640,5122,2,4,1232671746,1,0,0->1,1232671744,1280
2425,0,640,5125,5,6,1232671749,1,0,0->1,1232671744,1280
2425,0,640,5135,7,6,1232671759,1,0,0->1,1232671744,1280
2425,0,640,5141,5,3,1232671765,0,1,1->0,1232671744,1280
2425,0,640,5146,2,3,1232671770,0,1,1->0,1232671744,1280
2425,0,640,5149,5,6,1232671773,1,0,0->1,1232671744,1280
2425,0,640,5150,6,3,1232671774,0,1,1->0,1232671744,1280
2425,0,640,5152,0,1,1232671776,0,1,1->0,1232671744,1280
2425,0,640,5161,1,4,1232671785,1,0,0->1,1232671744,1280
2425,0,640,5167,7,6,1232671791,1,0,0->1,1232671744,1280
2425,0,640,5168,0,4,1232671792,1,0,0->1,1232671744,1280
2425,0,640,5177,1,4,1232671801,1,0,0->1,1232671744,1280
2425,0,640,5178,2,4,1232671802,1,0,0->1,1232671744,1280
2425,0,640,5178,2,6,1232671802,1,0,0->1,1232671744,1280
2425,0,640,5180,4,1,1232671804,0,1,1->0,1232671744,1280
2425,0,648,5184,0,3,1232671808,0,1,1->0,1232671808,1296
2425,0,648,5187,3,4,1232671811,1,0,0->1,1232671808,1296
2425,0,648,5190,6,3,1232671814,0,1,1->0,1232671808,1296
2425,0,648,5193,1,6,1232671817,1,0,0->1,1232671808,1296
2425,0,648,5198,6,4,1232671822,1,0,0->1,1232671808,1296
2425,0,648,5199,7,1,1232671823,0,1,1->0,1232671808,1296
2425,0,648,5205,5,3,1232671829,0,1,1->0,1232671808,1296
2425,0,648,5208,0,4,1232671832,1,0,0->1,1232671808,1296
2425,0,648,5209,1,4,1232671833,1,0,0->1,1232671808,1296
2425,0,648,5210,2,3,1232671834,0,1,1->0,1232671808,1296
2425,0,648,5213,5,4,1232671837,1,0,0->1,1232671808,1296
2425,0,648,5216,0,1,1232671840,0,1,1->0,1232671808,1296
2425,0,648,5218,2,1,1232671842,0,1,1->0,1232671808,1296
2425,0,648,5218,2,3,1232671842,0,1,1->0,1232671808,1296
2425,0,648,5218,2,6,1232671842,1,0,0->1,1232671808,1296
2425,0,648,5221,5,3,1232671845,0,1,1->0,1232671808,1296
2425,0,648,5223,7,1,1232671847,0,1,1->0,1232671808,1296
2425,0,648,5229,5,4,1232671853,1,0,0->1,1232671808,1296
2425,0,648,5230,6,1,1232671854,0,1,1->0,1232671808,1296
2425,0,648,5232,0,6,1232671856,1,0,0->1,1232671808,1296
2425,0,648,5234,2,1,1232671858,0,1,1->0,1232671808,1296
2425,0,648,5237,5,3,1232671861,0,1,1->0,1232671808,1296
2425,0,648,5239,7,1,1232671863,0,1,1->0,1232671808,1296
2425,0,656,5249,1,6,1232671873,1,0,0->1,1232671872,1312
2425,0,656,5251,3,4,1232671875,1,0,0->1,1232671872,1312
2425,0,656,5254,6,1,1232671878,0,1,1->0,1232671872,1312
2425,0,656,5255,7,4,1232671879,1,0,0->1,1232671872,1312
2425,0,656,5255,7,6,1232671879,1,0,0->1,1232671872,1312
2425,0,656,5257,1,3,1232671881,0,1,1->0,1232671872,1312
2425,0,656,5263,7,3,1232671887,0,1,1->0,1232671872,1312
2425,0,656,5264,0,1,1232671888,0,1,1->0,1232671872,1312
2425,0,656,5267,3,3,1232671891,0,1,1->0,1232671872,1312
2425,0,656,5269,5,1,1232671893,0,1,1->0,1232671872,1312
2425,0,656,5276,4,6,1232671900,1,0,0->1,1232671872,1312
2425,0,656,5282,2,3,1232671906,0,1,1->0,1232671872,1312
2425,0,656,5283,3,3,1232671907,0,1,1->0,1232671872,1312
2425,0,656,5290,2,3,1232671914,0,1,1->0,1232671872,1312
2425,0,656,5294,6,3,1232671918,0,1,1->0,1232671872,1312
2425,0,656,5296,0,3,1232671920,0,1,1->0,1232671872,1312
2425,0,656,5303,7,6,1232671927,1,0,0->1,1232671872,1312
2425,0,656,5306,2,6,1232671930,1,0,0->1,1232671872,1312
2425,0,656,5309,5,1,1232671933,0,1,1->0,1232671872,1312
2425,0,656,5310,6,1,1232671934,0,1,1->0,1232671872,1312
2425,0,664,5313,1,3,1232671937,0,1,1->0,1232671936,1328
2425,0,664,5316,4,3,1232671940,0,1,1->0,1232671936,1328
2425,0,664,5317,5,6,1232671941,1,0,0->1,1232671936,1328
2425,0,664,5321,1,4,1232671945,1,0,0->1,1232671936,1328
2425,0,664,5325,5,1,1232671949,0,1,1->0,1232671936,1328
2425,0,664,5325,5,4,1232671949,1,0,0->1,1232671936,1328
2425,0,664,5329,1,1,1232671953,0,1,1->0,1232671936,1328
2425,0,664,5331,3,4,1232671955,1,0,0->1,1232671936,1328
2425,0,664,5332,4,3,1232671956,0,1,1->0,1232671936,1328
2425,0,664,5338,2,1,1232671962,0,1,1->0,1232671936,1328
2425,0,664,5345,1,1,1232671969,0,1,1->0,1232671936,1328
2425,0,664,5345,1,4,1232671969,1,0,0->1,1232671936,1328
2425,0,664,5350,6,1,1232671974,0,1,1->0,1232671936,1328
2425,0,664,5354,2,3,1232671978,0,1,1->0,1232671936,1328
2425,0,664,5357,5,3,1232671981,0,1,1->0,1232671936,1328
2425,0,664,5359,7,3,1232671983,0,1,1->0,1232671936,1328
2425,0,664,5362,2,6,1232671986,1,0,0->1,1232671936,1328
2425,0,664,5366,6,1,1232671990,0,1,1->0,1232671936,1328
2425,0,664,5370,2,4,1232671994,1,0,0->1,1232671936,1328
2425,0,664,5371,3,6,1232671995,1,0,0->1,1232671936,1328
2425,0,664,5372,4,3,1232671996,0,1,1->0,1232671936,1328
2425,0,664,5372,4,6,1232671996,1,0,0->1,1232671936,1328
2425,0,672,5383,7,1,1232672007,0,1,1->0,1232672000,1344
2425,0,672,5390,6,1,1232672014,0,1,1->0,1232672000,1344
2425,0,672,5391,7,4,1232672015,1,0,0->1,1232672000,1344
2425,0,672,5393,1,4,1232672017,1,0,0->1,1232672000,1344
2425,0,672,5394,2,4,1232672018,1,0,0->1,1232672000,1344
2425,0,672,5399,7,3,1232672023,0,1,1->0,1232672000,1344
2425,0,672,5405,5,1,1232672029,0,1,1->0,1232672000,1344
2425,0,672,5407,7,4,1232672031,1,0,0->1,1232672000,1344
2425,0,672,5410,2,1,1232672034,0,1,1->0,1232672000,1344
2425,0,672,5410,2,3,1232672034,0,1,1->0,1232672000,1344
2425,0,672,5411,3,4,1232672035,1,0,0->1,1232672000,1344
2425,0,672,5414,6,1,1232672038,0,1,1->0,1232672000,1344
2425,0,672,5415,7,4,1232672039,1,0,0->1,1232672000,1344
2425,0,672,5418,2,1,1232672042,0,1,1->0,1232672000,1344
2425,0,672,5420,4,3,1232672044,0,1,1->0,1232672000,1344
2425,0,672,5433,1,6,1232672057,1,0,0->1,1232672000,1344
2425,0,672,5436,4,3,1232672060,0,1,1->0,1232672000,1344
2425,0,672,5436,4,4,1232672060,1,0,0->1,1232672000,1344
2425,0,680,5449,1,3,1232672073,0,1,1->0,1232672064,1360
2425,0,680,5457,1,3,1232672081,0,1,1->0,1232672064,1360
2425,0,680,5464,0,1,1232672088,0,1,1->0,1232672064,1360
2425,0,680,5470,6,6,1232672094,1,0,0->1,1232672064,1360
2425,0,680,5476,4,3,1232672100,0,1,1->0,1232672064,1360
2425,0,680,5477,5,3,1232672101,0,1,1->0,1232672064,1360
2425,0,680,5479,7,4,1232672103,1,0,0->1,1232672064,1360
2425,0,680,5483,3,1,1232672107,0,1,1->0,1232672064,1360
2425,0,680,5485,5,3,1232672109,0,1,1->0,1232672064,1360
2425,0,680,5486,6,3,1232672110,0,1,1->0,1232672064,1360
2425,0,680,5489,1,1,1232672113,0,1,1->0,1232672064,1360
2425,0,680,5491,3,6,1232672115,1,0,0->1,1232672064,1360
2425,0,680,5495,7,1,1232672119,0,1,1->0,1232672064,1360
2425,0,680,5495,7,6,1232672119,1,0,0->1,1232672064,1360
2425,0,680,5496,0,1,1232672120,0,1,1->0,1232672064,1360
2425,0,680,5498,2,3,1232672122,0,1,1->0,1232672064,1360
2425,0,688,5508,4,6,1232672132,1,0,0->1,1232672128,1376
2425,0,688,5511,7,3,1232672135,0,1,1->0,1232672128,1376
2425,0,688,5516,4,3,1232672140,0,1,1->0,1232672128,1376
2425,0,688,5523,3,4,1232672147,1,0,0->1,1232672128,1376
2425,0,688,5526,6,6,1232672150,1,0,0->1,1232672128,1376
2425,0,688,5528,0,1,1232672152,0,1,1->0,1232672128,1376
2425,0,688,5529,1,4,1232672153,1,0,0->1,1232672128,1376
2425,0,688,5531,3,3,1232672155,0,1,1->0,1232672128,1376
2425,0,688,5532,4,6,1232672156,1,0,0->1,1232672128,1376
2425,0,688,5535,7,4,1232672159,1,0,0->1,1232672128,1376
2425,0,688,5548,4,1,1232672172,0,1,1->0,1232672128,1376
2425,0,688,5548,4,4,1232672172,1,0,0->1,1232672128,1376
2425,0,688,5554,2,1,1232672178,0,1,1->0,1232672128,1376
2425,0,688,5556,4,1,1232672180,0,1,1->0,1232672128,1376
2425,0,688,5558,6,3,1232672182,0,1,1->0,1232672128,1376
2425,0,688,5559,7,4,1232672183,1,0,0->1,1232672128,1376
2425,0,688,5561,1,6,1232672185,1,0,0->1,1232672128,1376
2425,0,688,5562,2,4,1232672186,1,0,0->1,1232672128,1376
2425,0,696,5570,2,1,1232672194,0,1,1->0,1232672192,1392
2425,0,696,5572,4,1,1232672196,0,1,1->0,1232672192,1392
2425,0,696,5574,6,6,1232672198,1,0,0->1,1232672192,1392
2425,0,696,5575,7,3,1232672199,0,1,1->0,1232672192,1392
2425,0,696,5576,0,6,1232672200,1,0,0->1,1232672192,1392
2425,0,696,5581,5,3,1232672205,0,1,1->0,1232672192,1392
2425,0,696,5583,7,3,1232672207,0,1,1->0,1232672192,1392
2425,0,696,5583,7,4,1232672207,1,0,0->1,1232672192,1392
2425,0,696,5586,2,1,1232672210,0,1,1->0,1232672192,1392
2425,0,696,5589,5,3,1232672213,0,1,1->0,1232672192,1392
2425,0,696,5592,0,3,1232672216,0,1,1->0,1232672192,1392
2425,0,696,5597,5,3,1232672221,0,1,1->0,1232672192,1392
2425,0,696,5597,5,4,1232672221,1,0,0->1,1232672192,1392
2425,0,696,5602,2,1,1232672226,0,1,1->0,1232672192,1392
2425,0,696,5605,5,3,1232672229,0,1,1->0,1232672192,1392
2425,0,696,5612,4,3,1232672236,0,1,1->0,1232672192,1392
2425,0,696,5613,5,3,1232672237,0,1,1->0,1232672192,1392
2425,0,696,5615,7,1,1232672239,0,1,1->0,1232672192,1392
2425,0,696,5615,7,4,1232672239,1,0,0->1,1232672192,1392
2425,0,696,5616,0,4,1232672240,1,0,0->1,1232672192,1392
2425,0,696,5617,1,6,1232672241,1,0,0->1,1232672192,1392
2425,0,696,5620,4,1,1232672244,0,1,1->0,1232672192,1392
2425,0,696,5621,5,1,1232672245,0,1,1->0,1232672192,1392
2425,0,696,5625,1,4,1232672249,1,0,0->1,1232672192,1392
2425,0,696,5626,2,4,1232672250,1,0,0->1,1232672192,1392
2425,0,696,5628,4,3,1232672252,0,1,1->0,1232672192,1392
2425,0,704,5635,3,1,1232672259,0,1,1->0,1232672256,1408
2425,0,704,5638,6,1,1232672262,0,1,1->0,1232672256,1408
2425,0,704,5639,7,6,1232672263,1,0,0->1,1232672256,1408
2425,0,704,5640,0,6,1232672264,1,0,0->1,1232672256,1408
2425,0,704,5642,2,1,1232672266,0,1,1->0,1232672256,1408
2425,0,704,5661,5,1,1232672285,0,1,1->0,1232672256,1408
2425,0,704,5662,6,1,1232672286,0,1,1->0,1232672256,1408
2425,0,704,5662,6,6,1232672286,1,0,0->1,1232672256,1408
2425,0,704,5664,0,6,1232672288,1,0,0->1,1232672256,1408
2425,0,704,5665,1,3,1232672289,0,1,1->0,1232672256,1408
2425,0,704,5666,2,4,1232672290,1,0,0->1,1232672256,1408
2425,0,712,5696,0,3,1232672320,0,1,1->0,1232672320,1424
2425,0,712,5701,5,1,1232672325,0,1,1->0,1232672320,1424
2425,0,712,5702,6,1,1232672326,0,1,1->0,1232672320,1424
2425,0,712,5706,2,3,1232672330,0,1,1->0,1232672320,1424
2425,0,712,5709,5,3,1232672333,0,1,1->0,1232672320,1424
2425,0,712,5715,3,6,1232672339,1,0,0->1,1232672320,1424
2425,0,712,5717,5,4,1232672341,1,0,0->1,1232672320,1424
2425,0,712,5719,7,3,1232672343,0,1,1->0,1232672320,1424
2425,0,712,5720,0,3,1232672344,0,1,1->0,1232672320,1424
2425,0,712,5727,7,1,1232672351,0,1,1->0,1232672320,1424
2425,0,712,5729,1,6,1232672353,1,0,0->1,1232672320,1424
2425,0,712,5740,4,3,1232672364,0,1,1->0,1232672320,1424
2425,0,712,5740,4,6,1232672364,1,0,0->1,1232672320,1424
2425,0,712,5751,7,1,1232672375,0,1,1->0,1232672320,1424
2425,0,712,5751,7,4,1232672375,1,0,0->1,1232672320,1424
2425,0,712,5752,0,1,1232672376,0,1,1->0,1232672320,1424
2425,0,712,5753,1,4,1232672377,1,0,0->1,1232672320,1424
2425,0,720,5767,7,1,1232672391,0,1,1->0,1232672384,1440
2425,0,720,5772,4,6,1232672396,1,0,0->1,1232672384,1440
2425,0,720,5773,5,1,1232672397,0,1,1->0,1232672384,1440
2425,0,720,5785,1,1,1232672409,0,1,1->0,1232672384,1440
2425,0,720,5785,1,6,1232672409,1,0,0->1,1232672384,1440
2425,0,720,5789,5,1,1232672413,0,1,1->0,1232672384,1440
2425,0,720,5793,1,6,1232672417,1,0,0->1,1232672384,1440
2425,0,720,5794,2,3,1232672418,0,1,1->0,1232672384,1440
2425,0,720,5795,3,1,1232672419,0,1,1->0,1232672384,1440
2425,0,720,5799,7,3,1232672423,0,1,1->0,1232672384,1440
2425,0,720,5802,2,1,1232672426,0,1,1->0,1232672384,1440
2425,0,720,5804,4,4,1232672428,1,0,0->1,1232672384,1440
2425,0,720,5808,0,3,1232672432,0,1,1->0,1232672384,1440
2425,0,720,5811,3,1,1232672435,0,1,1->0,1232672384,1440
2425,0,720,5821,5,6,1232672445,1,0,0->1,1232672384,1440
2425,0,720,5822,6,6,1232672446,1,0,0->1,1232672384,1440
2425,0,728,5827,3,4,1232672451,1,0,0->1,1232672448,1456
2425,0,728,5832,0,1,1232672456,0,1,1->0,1232672448,1456
2425,0,728,5834,2,3,1232672458,0,1,1->0,1232672448,1456
2425,0,728,5840,0,1,1232672464,0,1,1->0,1232672448,1456
2425,0,728,5843,3,6,1232672467,1,0,0->1,1232672448,1456
2425,0,728,5848,0,6,1232672472,1,0,0->1,1232672448,1456
2425,0,728,5851,3,6,1232672475,1,0,0->1,1232672448,1456
2425,0,728,5860,4,6,1232672484,1,0,0->1,1232672448,1456
2425,0,728,5861,5,1,1232672485,0,1,1->0,1232672448,1456
2425,0,728,5868,4,3,1232672492,0,1,1->0,1232672448,1456
2425,0,728,5870,6,3,1232672494,0,1,1->0,1232672448,1456
2425,0,728,5871,7,4,1232672495,1,0,0->1,1232672448,1456
2425,0,728,5872,0,1,1232672496,0,1,1->0,1232672448,1456
2425,0,728,5877,5,3,1232672501,0,1,1->0,1232672448,1456
2425,0,728,5883,3,3,1232672507,0,1,1->0,1232672448,1456
2425,0,728,5883,3,4,1232672507,1,0,0->1,1232672448,1456
2425,0,736,5901,5,6,1232672525,1,0,0->1,1232672512,1472
2425,0,736,5905,1,4,1232672529,1,0,0->1,1232672512,1472
2425,0,736,5906,2,4,1232672530,1,0,0->1,1232672512,1472
2425,0,736,5914,2,1,1232672538,0,1,1->0,1232672512,1472
2425,0,736,5915,3,6,1232672539,1,0,0->1,1232672512,1472
2425,0,736,5926,6,6,1232672550,1,0,0->1,1232672512,1472
2425,0,736,5930,2,3,1232672554,0,1,1->0,1232672512,1472
2425,0,736,5931,3,4,1232672555,1,0,0->1,1232672512,1472
2425,0,736,5941,5,3,1232672565,0,1,1->0,1232672512,1472
2425,0,736,5947,3,3,1232672571,0,1,1->0,1232672512,1472
2425,0,736,5950,6,4,1232672574,1,0,0->1,1232672512,1472
2425,0,744,5955,3,3,1232672579,0,1,1->0,1232672576,1488
2425,0,744,5965,5,1,1232672589,0,1,1->0,1232672576,1488
2425,0,744,5965,5,6,1232672589,1,0,0->1,1232672576,1488
2425,0,744,5971,3,4,1232672595,1,0,0->1,1232672576,1488
2425,0,744,5975,7,1,1232672599,0,1,1->0,1232672576,1488
2425,0,744,5975,7,6,1232672599,1,0,0->1,1232672576,1488
2425,0,744,5976,0,4,1232672600,1,0,0->1,1232672576,1488
2425,0,744,5977,1,3,1232672601,0,1,1->0,1232672576,1488
2425,0,744,5982,6,6,1232672606,1,0,0->1,1232672576,1488
2425,0,744,5986,2,1,1232672610,0,1,1->0,1232672576,1488
2425,0,744,5990,6,6,1232672614,1,0,0->1,1232672576,1488
2425,0,744,5998,6,3,1232672622,0,1,1->0,1232672576,1488
2425,0,744,6001,1,3,1232672625,0,1,1->0,1232672576,1488
2425,0,744,6002,2,6,1232672626,1,0,0->1,1232672576,1488
2425,0,744,6006,6,4,1232672630,1,0,0->1,1232672576,1488
2425,0,744,6007,7,6,1232672631,1,0,0->1,1232672576,1488
2425,0,744,6015,7,1,1232672639,0,1,1->0,1232672576,1488
2425,0,752,6019,3,4,1232672643,1,0,0->1,1232672640,1504
2425,0,752,6029,5,4,1232672653,1,0,0->1,1232672640,1504
2425,0,752,6030,6,3,1232672654,0,1,1->0,1232672640,1504
2425,0,752,6033,1,6,1232672657,1,0,0->1,1232672640,1504
2425,0,752,6041,1,4,1232672665,1,0,0->1,1232672640,1504
2425,0,752,6043,3,4,1232672667,1,0,0->1,1232672640,1504
2425,0,752,6045,5,4,1232672669,1,0,0->1,1232672640,1504
2425,0,752,6046,6,1,1232672670,0,1,1->0,1232672640,1504
2425,0,752,6046,6,3,1232672670,0,1,1->0,1232672640,1504
2425,0,752,6048,0,1,1232672672,0,1,1->0,1232672640,1504
2425,0,752,6060,4,3,1232672684,0,1,1->0,1232672640,1504
2425,0,752,6064,0,6,1232672688,1,0,0->1,1232672640,1504
2425,0,752,6066,2,3,1232672690,0,1,1->0,1232672640,1504
2425,0,752,6067,3,6,1232672691,1,0,0->1,1232672640,1504
2425,0,752,6070,6,1,1232672694,0,1,1->0,1232672640,1504
2425,0,752,6073,1,3,1232672697,0,1,1->0,1232672640,1504
2425,0,752,6078,6,3,1232672702,0,1,1->0,1232672640,1504
2425,0,760,6081,1,3,1232672705,0,1,1->0,1232672704,1520
2425,0,760,6083,3,6,1232672707,1,0,0->1,1232672704,1520
2425,0,760,6093,5,1,1232672717,0,1,1->0,1232672704,1520
2425,0,760,6093,5,6,1232672717,1,0,0->1,1232672704,1520
2425,0,760,6096,0,6,1232672720,1,0,0->1,1232672704,1520
2425,0,760,6098,2,6,1232672722,1,0,0->1,1232672704,1520
2425,0,760,6099,3,3,1232672723,0,1,1->0,1232672704,1520
2425,0,760,6101,5,1,1232672725,0,1,1->0,1232672704,1520
2425,0,760,6101,5,3,1232672725,0,1,1->0,1232672704,1520
2425,0,760,6104,0,3,1232672728,0,1,1->0,1232672704,1520
2425,0,760,6106,2,1,1232672730,0,1,1->0,1232672704,1520
2425,0,760,6112,0,1,1232672736,0,1,1->0,1232672704,1520
2425,0,760,6118,6,1,1232672742,0,1,1->0,1232672704,1520
2425,0,760,6119,7,3,1232672743,0,1,1->0,1232672704,1520
2425,0,760,6120,0,3,1232672744,0,1,1->0,1232672704,1520
2425,0,760,6135,7,4,1232672759,1,0,0->1,1232672704,1520
2425,0,760,6139,3,1,1232672763,0,1,1->0,1232672704,1520
2425,0,768,6149,5,3,1232672773,0,1,1->0,1232672768,1536
2425,0,768,6153,1,3,1232672777,0,1,1->0,1232672768,1536
2425,0,768,6156,4,3,1232672780,0,1,1->0,1232672768,1536
2425,0,768,6162,2,1,1232672786,0,1,1->0,1232672768,1536
2425,0,768,6162,2,6,1232672786,1,0,0->1,1232672768,1536
2425,0,768,6163,3,1,1232672787,0,1,1->0,1232672768,1536
2425,0,768,6172,4,4,1232672796,1,0,0->1,1232672768,1536
2425,0,768,6173,5,3,1232672797,0,1,1->0,1232672768,1536
2425,0,768,6176,0,1,1232672800,0,1,1->0,1232672768,1536
2425,0,768,6177,1,3,1232672801,0,1,1->0,1232672768,1536
2425,0,768,6178,2,6,1232672802,1,0,0->1,1232672768,1536
2425,0,768,6187,3,3,1232672811,0,1,1->0,1232672768,1536
2425,0,768,6190,6,3,1232672814,0,1,1->0,1232672768,1536
2425,0,768,6191,7,1,1232672815,0,1,1->0,1232672768,1536
2425,0,768,6197,5,4,1232672821,1,0,0->1,1232672768,1536
2425,0,768,6198,6,1,1232672822,0,1,1->0,1232672768,1536
2425,0,776,6209,1,4,1232672833,1,0,0->1,1232672832,1552
2425,0,776,6209,1,6,1232672833,1,0,0->1,1232672832,1552
2425,0,776,6211,3,3,1232672835,0,1,1->0,1232672832,1552
2425,0,776,6216,0,3,1232672840,0,1,1->0,1232672832,1552
2425,0,776,6218,2,4,1232672842,1,0,0->1,1232672832,1552
2425,0,776,6221,5,4,1232672845,1,0,0->1,1232672832,1552
2425,0,776,6228,4,3,1232672852,0,1,1->0,1232672832,1552
2425,0,776,6228,4,6,1232672852,1,0,0->1,1232672832,1552
2425,0,776,6230,6,1,1232672854,0,1,1->0,1232672832,1552
2425,0,776,6232,0,6,1232672856,1,0,0->1,1232672832,1552
2425,0,776,6233,1,6,1232672857,1,0,0->1,1232672832,1552
2425,0,776,6235,3,1,1232672859,0,1,1->0,1232672832,1552
2425,0,776,6238,6,6,1232672862,1,0,0->1,1232672832,1552
2425,0,776,6239,7,1,1232672863,0,1,1->0,1232672832,1552
2425,0,776,6244,4,1,1232672868,0,1,1->0,1232672832,1552
2425,0,776,6245,5,3,1232672869,0,1,1->0,1232672832,1552
2425,0,776,6245,5,6,1232672869,1,0,0->1,1232672832,1552
2425,0,776,6246,6,3,1232672870,0,1,1->0,1232672832,1552
2425,0,776,6247,7,1,1232672871,0,1,1->0,1232672832,1552
2425,0,776,6247,7,4,1232672871,1,0,0->1,1232672832,1552
2425,0,776,6249,1,3,1232672873,0,1,1->0,1232672832,1552
2425,0,776,6258,2,6,1232672882,1,0,0->1,1232672832,1552
2425,0,776,6261,5,6,1232672885,1,0,0->1,1232672832,1552
2425,0,776,6263,7,1,1232672887,0,1,1->0,1232672832,1552
2425,0,776,6263,7,4,1232672887,1,0,0->1,1232672832,1552
2425,0,776,6266,2,1,1232672890,0,1,1->0,1232672832,1552
2425,0,776,6267,3,4,1232672891,1,0,0->1,1232672832,1552
2425,0,776,6270,6,4,1232672894,1,0,0->1,1232672832,1552
2425,0,784,6272,0,6,1232672896,1,0,0->1,1232672896,1568
2425,0,784,6273,1,4,1232672897,1,0,0->1,1232672896,1568
2425,0,784,6278,6,3,1232672902,0,1,1->0,1232672896,1568
2425,0,784,6278,6,6,1232672902,1,0,0->1,1232672896,1568
2425,0,784,6279,7,3,1232672903,0,1,1->0,1232672896,1568
2425,0,784,6281,1,4,1232672905,1,0,0->1,1232672896,1568
2425,0,784,6284,4,1,1232672908,0,1,1->0,1232672896,1568
2425,0,784,6288,0,6,1232672912,1,0,0->1,1232672896,1568
2425,0,784,6291,3,4,1232672915,1,0,0->1,1232672896,1568
2425,0,784,6292,4,3,1232672916,0,1,1->0,1232672896,1568
2425,0,784,6293,5,1,1232672917,0,1,1->0,1232672896,1568
2425,0,784,6293,5,3,1232672917,0,1,1->0,1232672896,1568
2425,0,784,6293,5,6,1232672917,1,0,0->1,1232672896,1568
2425,0,784,6301,5,6,1232672925,1,0,0->1,1232672896,1568
2425,0,784,6304,0,3,1232672928,0,1,1->0,1232672896,1568
2425,0,784,6309,5,6,1232672933,1,0,0->1,1232672896,1568
2425,0,784,6311,7,6,1232672935,1,0,0->1,1232672896,1568
2425,0,784,6314,2,4,1232672938,1,0,0->1,1232672896,1568
2425,0,784,6317,5,3,1232672941,0,1,1->0,1232672896,1568
2425,0,784,6318,6,1,1232672942,0,1,1->0,1232672896,1568
2425,0,784,6320,0,6,1232672944,1,0,0->1,1232672896,1568
2425,0,784,6329,1,3,1232672953,0,1,1->0,1232672896,1568
2425,0,784,6330,2,6,1232672954,1,0,0->1,1232672896,1568
2425,0,792,6338,2,4,1232672962,1,0,0->1,1232672960,1584
2425,0,792,6345,1,4,1232672969,1,0,0->1,1232672960,1584
2425,0,792,6346,2,1,1232672970,0,1,1->0,1232672960,1584
2425,0,792,6347,3,4,1232672971,1,0,0->1,1232672960,1584
2425,0,792,6348,4,6,1232672972,1,0,0->1,1232672960,1584
2425,0,792,6349,5,1,1232672973,0,1,1->0,1232672960,1584
2425,0,792,6374,6,3,1232672998,0,1,1->0,1232672960,1584
2425,0,792,6375,7,4,1232672999,1,0,0->1,1232672960,1584
2425,0,792,6380,4,3,1232673004,0,1,1->0,1232672960,1584
2425,0,792,6380,4,6,1232673004,1,0,0->1,1232672960,1584
2425,0,792,6385,1,1,1232673009,0,1,1->0,1232672960,1584
2425,0,792,6388,4,6,1232673012,1,0,0->1,1232672960,1584
2425,0,792,6389,5,1,1232673013,0,1,1->0,1232672960,1584
2425,0,792,6398,6,3,1232673022,0,1,1->0,1232672960,1584
2425,0,800,6401,1,4,1232673025,1,0,0->1,1232673024,1600
2425,0,800,6407,7,3,1232673031,0,1,1->0,1232673024,1600
2425,0,800,6410,2,1,1232673034,0,1,1->0,1232673024,1600
2425,0,800,6411,3,1,1232673035,0,1,1->0,1232673024,1600
2425,0,800,6415,7,3,1232673039,0,1,1->0,1232673024,1600
2425,0,800,6416,0,3,1232673040,0,1,1->0,1232673024,1600
2425,0,800,6419,3,6,1232673043,1,0,0->1,1232673024,1600
2425,0,800,6422,6,1,1232673046,0,1,1->0,1232673024,1600
2425,0,800,6426,2,1,1232673050,0,1,1->0,1232673024,1600
2425,0,800,6428,4,6,1232673052,1,0,0->1,1232673024,1600
2425,0,800,6429,5,4,1232673053,1,0,0->1,1232673024,1600
2425,0,800,6429,5,6,1232673053,1,0,0->1,1232673024,1600
2425,0,800,6435,3,3,1232673059,0,1,1->0,1232673024,1600
2425,0,800,6436,4,6,1232673060,1,0,0->1,1232673024,1600
2425,0,800,6438,6,1,1232673062,0,1,1->0,1232673024,1600
2425,0,800,6442,2,3,1232673066,0,1,1->0,1232673024,1600
2425,0,800,6443,3,3,1232673067,0,1,1->0,1232673024,1600
2425,0,800,6446,6,6,1232673070,1,0,0->1,1232673024,1600
2425,0,800,6450,2,3,1232673074,0,1,1->0,1232673024,1600
2425,0,800,6452,4,6,1232673076,1,0,0->1,1232673024,1600
2425,0,800,6453,5,6,1232673077,1,0,0->1,1232673024,1600
2425,0,800,6463,7,1,1232673087,0,1,1->0,1232673024,1600
2425,0,808,6465,1,3,1232673089,0,1,1->0,1232673088,1616
2425,0,808,6466,2,3,1232673090,0,1,1->0,1232673088,1616
2425,0,808,6470,6,6,1232673094,1,0,0->1,1232673088,1616
2425,0,808,6475,3,6,1232673099,1,0,0->1,1232673088,1616
2425,0,808,6482,2,3,1232673106,0,1,1->0,1232673088,1616
2425,0,808,6501,5,4,1232673125,1,0,0->1,1232673088,1616
2425,0,808,6501,5,6,1232673125,1,0,0->1,1232673088,1616
2425,0,808,6504,0,4,1232673128,1,0,0->1,1232673088,1616
2425,0,808,6505,1,1,1232673129,0,1,1->0,1232673088,1616
2425,0,808,6507,3,1,1232673131,0,1,1->0,1232673088,1616
2425,0,808,6510,6,3,1232673134,0,1,1->0,1232673088,1616
2425,0,808,6510,6,6,1232673134,1,0,0->1,1232673088,1616
2425,0,808,6512,0,6,1232673136,1,0,0->1,1232673088,1616
2425,0,808,6513,1,6,1232673137,1,0,0->1,1232673088,1616
2425,0,808,6518,6,4,1232673142,1,0,0->1,1232673088,1616
2425,0,808,6521,1,3,1232673145,0,1,1->0,1232673088,1616
2425,0,808,6527,7,6,1232673151,1,0,0->1,1232673088,1616
2425,0,816,6529,1,1,1232673153,0,1,1->0,1232673152,1632
2425,0,816,6532,4,4,1232673156,1,0,0->1,1232673152,1632
2425,0,816,6542,6,3,1232673166,0,1,1->0,1232673152,1632
2425,0,816,6546,2,3,1232673170,0,1,1->0,1232673152,1632
2425,0,816,6549,5,3,1232673173,0,1,1->0,1232673152,1632
2425,0,816,6552,0,4,1232673176,1,0,0->1,1232673152,1632
2425,0,816,6554,2,6,1232673178,1,0,0->1,1232673152,1632
2425,0,816,6565,5,4,1232673189,1,0,0->1,1232673152,1632
2425,0,816,6573,5,1,1232673197,0,1,1->0,1232673152,1632
2425,0,816,6576,0,4,1232673200,1,0,0->1,1232673152,1632
2425,0,816,6579,3,1,1232673203,0,1,1->0,1232673152,1632
2425,0,816,6580,4,3,1232673204,0,1,1->0,1232673152,1632
2425,0,816,6585,1,1,1232673209,0,1,1->0,1232673152,1632
2425,0,816,6589,5,3,1232673213,0,1,1->0,1232673152,1632
2425,0,824,6599,7,4,1232673223,1,0,0->1,1232673216,1648
2425,0,824,6601,1,4,1232673225,1,0,0->1,1232673216,1648
2425,0,824,6607,7,3,1232673231,0,1,1->0,1232673216,1648
2425,0,824,6623,7,3,1232673247,0,1,1->0,1232673216,1648
2425,0,824,6624,0,3,1232673248,0,1,1->0,1232673216,1648
2425,0,824,6625,1,4,1232673249,1,0,0->1,1232673216,1648
2425,0,824,6627,3,4,1232673251,1,0,0->1,1232673216,1648
2425,0,824,6629,5,1,1232673253,0,1,1->0,1232673216,1648
2425,0,824,6632,0,3,1232673256,0,1,1->0,1232673216,1648
2425,0,824,6633,1,3,1232673257,0,1,1->0,1232673216,1648
2425,0,824,6634,2,4,1232673258,1,0,0->1,1232673216,1648
2425,0,824,6639,7,3,1232673263,0,1,1->0,1232673216,1648
2425,0,824,6639,7,4,1232673263,1,0,0->1,1232673216,1648
2425,0,824,6641,1,1,1232673265,0,1,1->0,1232673216,1648
2425,0,824,6642,2,1,1232673266,0,1,1->0,1232673216,1648
2425,0,824,6643,3,1,1232673267,0,1,1->0,1232673216,1648
2425,0,824,6646,6,6,1232673270,1,0,0->1,1232673216,1648
2425,0,824,6648,0,1,1232673272,0,1,1->0,1232673216,1648
2425,0,824,6654,6,3,1232673278,0,1,1->0,1232673216,1648
2425,0,832,6656,0,4,1232673280,1,0,0->1,1232673280,1664
2425,0,832,6659,3,1,1232673283,0,1,1->0,1232673280,1664
2425,0,832,6667,3,3,1232673291,0,1,1->0,1232673280,1664
2425,0,832,6672,0,1,1232673296,0,1,1->0,1232673280,1664
2425,0,832,6675,3,3,1232673299,0,1,1->0,1232673280,1664
2425,0,832,6678,6,4,1232673302,1,0,0->1,1232673280,1664
2425,0,832,6680,0,4,1232673304,1,0,0->1,1232673280,1664
2425,0,832,6681,1,1,1232673305,0,1,1->0,1232673280,1664
2425,0,832,6681,1,3,1232673305,0,1,1->0,1232673280,1664
2425,0,832,6681,1,6,1232673305,1,0,0->1,1232673280,1664
2425,0,832,6692,4,1,1232673316,0,1,1->0,1232673280,1664
2425,0,832,6692,4,4,1232673316,1,0,0->1,1232673280,1664
2425,0,832,6694,6,1,1232673318,0,1,1->0,1232673280,1664
2425,0,832,6695,7,1,1232673319,0,1,1->0,1232673280,1664
2425,0,832,6700,4,3,1232673324,0,1,1->0,1232673280,1664
2425,0,832,6703,7,6,1232673327,1,0,0->1,1232673280,1664
2425,0,832,6705,1,3,1232673329,0,1,1->0,1232673280,1664
2425,0,832,6706,2,6,1232673330,1,0,0->1,1232673280,1664
2425,0,832,6711,7,1,1232673335,0,1,1->0,1232673280,1664
2425,0,832,6713,1,1,1232673337,0,1,1->0,1232673280,1664
2425,0,832,6713,1,4,1232673337,1,0,0->1,1232673280,1664
2425,0,832,6717,5,1,1232673341,0,1,1->0,1232673280,1664
2425,0,840,6725,5,1,1232673349,0,1,1->0,1232673344,1680
2425,0,840,6731,3,3,1232673355,0,1,1->0,1232673344,1680
2425,0,840,6731,3,6,1232673355,1,0,0->1,1232673344,1680
2425,0,840,6739,3,1,1232673363,0,1,1->0,1232673344,1680
2425,0,840,6739,3,3,1232673363,0,1,1->0,1232673344,1680
2425,0,840,6743,7,1,1232673367,0,1,1->0,1232673344,1680
2425,0,840,6750,6,1,1232673374,0,1,1->0,1232673344,1680
2425,0,840,6751,7,4,1232673375,1,0,0->1,1232673344,1680
2425,0,840,6753,1,3,1232673377,0,1,1->0,1232673344,1680
2425,0,840,6754,2,3,1232673378,0,1,1->0,1232673344,1680
2425,0,840,6764,4,4,1232673388,1,0,0->1,1232673344,1680
2425,0,840,6770,2,1,1232673394,0,1,1->0,1232673344,1680
2425,0,840,6772,4,4,1232673396,1,0,0->1,1232673344,1680
2425,0,840,6773,5,4,1232673397,1,0,0->1,1232673344,1680
2425,0,840,6774,6,3,1232673398,0,1,1->0,1232673344,1680
2425,0,840,6778,2,1,1232673402,0,1,1->0,1232673344,1680
2425,0,840,6778,2,3,1232673402,0,1,1->0,1232673344,1680
2425,0,840,6779,3,3,1232673403,0,1,1->0,1232673344,1680
2425,0,848,6784,0,6,1232673408,1,0,0->1,1232673408,1696
2425,0,848,6787,3,3,1232673411,0,1,1->0,1232673408,1696
2425,0,848,6788,4,1,1232673412,0,1,1->0,1232673408,1696
2425,0,848,6789,5,1,1232673413,0,1,1->0,1232673408,1696
2425,0,848,6790,6,1,1232673414,0,1,1->0,1232673408,1696
2425,0,848,6790,6,3,1232673414,0,1,1->0,1232673408,1696
2425,0,848,6799,7,1,1232673423,0,1,1->0,1232673408,1696
2425,0,848,6801,1,3,1232673425,0,1,1->0,1232673408,1696
2425,0,848,6805,5,3,1232673429,0,1,1->0,1232673408,1696
2425,0,848,6808,0,4,1232673432,1,0,0->1,1232673408,1696
2425,0,848,6814,6,1,1232673438,0,1,1->0,1232673408,1696
2425,0,848,6815,7,1,1232673439,0,1,1->0,1232673408,1696
2425,0,848,6816,0,4,1232673440,1,0,0->1,1232673408,1696
2425,0,848,6823,7,4,1232673447,1,0,0->1,1232673408,1696
2425,0,848,6829,5,1,1232673453,0,1,1->0,1232673408,1696
2425,0,848,6830,6,3,1232673454,0,1,1->0,1232673408,1696
2425,0,848,6830,6,4,1232673454,1,0,0->1,1232673408,1696
2425,0,848,6830,6,6,1232673454,1,0,0->1,1232673408,1696
2425,0,848,6846,6,3,1232673470,0,1,1->0,1232673408,1696
2425,0,856,6853,5,3,1232673477,0,1,1->0,1232673472,1712
2425,0,856,6857,1,6,1232673481,1,0,0->1,1232673472,1712
2425,0,856,6860,4,1,1232673484,0,1,1->0,1232673472,1712
2425,0,856,6868,4,1,1232673492,0,1,1->0,1232673472,1712
2425,0,856,6869,5,4,1232673493,1,0,0->1,1232673472,1712
2425,0,856,6873,1,1,1232673497,0,1,1->0,1232673472,1712
2425,0,856,6878,6,3,1232673502,0,1,1->0,1232673472,1712
2425,0,856,6883,3,4,1232673507,1,0,0->1,1232673472,1712
2425,0,856,6885,5,3,1232673509,0,1,1->0,1232673472,1712
2425,0,856,6892,4,1,1232673516,0,1,1->0,1232673472,1712
2425,0,856,6901,5,1,1232673525,0,1,1->0,1232673472,1712
2425,0,856,6901,5,4,1232673525,1,0,0->1,1232673472,1712
2425,0,856,6903,7,3,1232673527,0,1,1->0,1232673472,1712
2425,0,856,6906,2,3,1232673530,0,1,1->0,1232673472,1712
2425,0,856,6907,3,3,1232673531,0,1,1->0,1232673472,1712
2425,0,856,6908,4,6,1232673532,1,0,0->1,1232673472,1712
2425,0,856,6911,7,6,1232673535,1,0,0->1,1232673472,1712
2425,0,864,6926,6,4,1232673550,1,0,0->1,1232673536,1728
2425,0,864,6927,7,3,1232673551,0,1,1->0,1232673536,1728
2425,0,864,6933,5,3,1232673557,0,1,1->0,1232673536,1728
2425,0,864,6933,5,6,1232673557,1,0,0->1,1232673536,1728
2425,0,864,6934,6,3,1232673558,0,1,1->0,1232673536,1728
2425,0,864,6937,1,3,1232673561,0,1,1->0,1232673536,1728
2425,0,864,6939,3,3,1232673563,0,1,1->0,1232673536,1728
2425,0,864,6939,3,6,1232673563,1,0,0->1,1232673536,1728
2425,0,864,6947,3,3,1232673571,0,1,1->0,1232673536,1728
2425,0,864,6950,6,4,1232673574,1,0,0->1,1232673536,1728
2425,0,864,6951,7,3,1232673575,0,1,1->0,1232673536,1728
2425,0,864,6955,3,1,1232673579,0,1,1->0,1232673536,1728
2425,0,864,6963,3,4,1232673587,1,0,0->1,1232673536,1728
2425,0,864,6967,7,1,1232673591,0,1,1->0,1232673536,1728
2425,0,864,6968,0,3,1232673592,0,1,1->0,1232673536,1728
2425,0,864,6970,2,6,1232673594,1,0,0->1,1232673536,1728
2425,0,864,6975,7,3,1232673599,0,1,1->0,1232673536,1728
2425,0,872,6976,0,4,1232673600,1,0,0->1,1232673600,1744
2425,0,872,6979,3,3,1232673603,0,1,1->0,1232673600,1744
2425,0,872,6981,5,3,1232673605,0,1,1->0,1232673600,1744
2425,0,872,6983,7,1,1232673607,0,1,1->0,1232673600,1744
2425,0,872,6986,2,1,1232673610,0,1,1->0,1232673600,1744
2425,0,872,6989,5,4,1232673613,1,0,0->1,1232673600,1744
2425,0,872,6991,7,1,1232673615,0,1,1->0,1232673600,1744
2425,0,872,6992,0,4,1232673616,1,0,0->1,1232673600,1744
2425,0,872,6993,1,4,1232673617,1,0,0->1,1232673600,1744
2425,0,872,6994,2,1,1232673618,0,1,1->0,1232673600,1744
2425,0,872,7010,2,1,1232673634,0,1,1->0,1232673600,1744
2425,0,872,7032,0,6,1232673656,1,0,0->1,1232673600,1744
2425,0,872,7033,1,3,1232673657,0,1,1->0,1232673600,1744
2425,0,872,7036,4,4,1232673660,1,0,0->1,1232673600,1744
2425,0,872,7039,7,1,1232673663,0,1,1->0,1232673600,1744
2425,0,880,7041,1,1,1232673665,0,1,1->0,1232673664,1760
2425,0,880,7049,1,1,1232673673,0,1,1->0,1232673664,1760
2425,0,880,7053,5,4,1232673677,1,0,0->1,1232673664,1760
2425,0,880,7058,2,1,1232673682,0,1,1->0,1232673664,1760
2425,0,880,7063,7,1,1232673687,0,1,1->0,1232673664,1760
2425,0,880,7065,1,1,1232673689,0,1,1->0,1232673664,1760
2425,0,880,7069,5,6,1232673693,1,0,0->1,1232673664,1760
2425,0,880,7080,0,1,1232673704,0,1,1->0,1232673664,1760
2425,0,880,7090,2,6,1232673714,1,0,0->1,1232673664,1760
2425,0,880,7093,5,1,1232673717,0,1,1->0,1232673664,1760
2425,0,880,7095,7,6,1232673719,1,0,0->1,1232673664,1760
2425,0,888,7107,3,1,1232673731,0,1,1->0,1232673728,1776
2425,0,888,7109,5,1,1232673733,0,1,1->0,1232673728,1776
2425,0,888,7113,1,3,1232673737,0,1,1->0,1232673728,1776
2425,0,888,7113,1,4,1232673737,1,0,0->1,1232673728,1776
2425,0,888,7114,2,1,1232673738,0,1,1->0,1232673728,1776
2425,0,888,7115,3,1,1232673739,0,1,1->0,1232673728,1776
2425,0,888,7115,3,4,1232673739,1,0,0->1,1232673728,1776
2425,0,888,7117,5,4,1232673741,1,0,0->1,1232673728,1776
2425,0,888,7118,6,3,1232673742,0,1,1->0,1232673728,1776
2425,0,888,7125,5,6,1232673749,1,0,0->1,1232673728,1776
2425,0,888,7138,2,3,1232673762,0,1,1->0,1232673728,1776
2425,0,888,7142,6,1,1232673766,0,1,1->0,1232673728,1776
2425,0,888,7146,2,6,1232673770,1,0,0->1,1232673728,1776
2425,0,888,7147,3,4,1232673771,1,0,0->1,1232673728,1776
2425,0,888,7167,7,4,1232673791,1,0,0->1,1232673728,1776
2425,0,896,7172,4,1,1232673796,0,1,1->0,1232673792,1792
2425,0,896,7173,5,4,1232673797,1,0,0->1,1232673792,1792
2425,0,896,7176,0,3,1232673800,0,1,1->0,1232673792,1792
2425,0,896,7180,4,6,1232673804,1,0,0->1,1232673792,1792
2425,0,896,7186,2,1,1232673810,0,1,1->0,1232673792,1792
2425,0,896,7187,3,1,1232673811,0,1,1->0,1232673792,1792
2425,0,896,7187,3,4,1232673811,1,0,0->1,1232673792,1792
2425,0,896,7188,4,3,1232673812,0,1,1->0,1232673792,1792
2425,0,896,7199,7,3,1232673823,0,1,1->0,1232673792,1792
2425,0,896,7202,2,3,1232673826,0,1,1->0,1232673792,1792
2425,0,896,7203,3,3,1232673827,0,1,1->0,1232673792,1792
2425,0,896,7204,4,3,1232673828,0,1,1->0,1232673792,1792
2425,0,896,7207,7,3,1232673831,0,1,1->0,1232673792,1792
2425,0,896,7209,1,1,1232673833,0,1,1->0,1232673792,1792
2425,0,896,7226,2,6,1232673850,1,0,0->1,1232673792,1792
2425,0,896,7228,4,6,1232673852,1,0,0->1,1232673792,1792
2425,0,904,7234,2,3,1232673858,0,1,1->0,1232673856,1808
2425,0,904,7236,4,1,1232673860,0,1,1->0,1232673856,1808
2425,0,904,7243,3,3,1232673867,0,1,1->0,1232673856,1808
2425,0,904,7247,7,3,1232673871,0,1,1->0,1232673856,1808
2425,0,904,7247,7,6,1232673871,1,0,0->1,1232673856,1808
2425,0,904,7251,3,1,1232673875,0,1,1->0,1232673856,1808
2425,0,904,7255,7,1,1232673879,0,1,1->0,1232673856,1808
2425,0,904,7259,3,1,1232673883,0,1,1->0,1232673856,1808
2425,0,904,7263,7,6,1232673887,1,0,0->1,1232673856,1808
2425,0,904,7269,5,6,1232673893,1,0,0->1,1232673856,1808
2425,0,904,7280,0,3,1232673904,0,1,1->0,1232673856,1808
2425,0,904,7287,7,1,1232673911,0,1,1->0,1232673856,1808
2425,0,904,7287,7,3,1232673911,0,1,1->0,1232673856,1808
2425,0,904,7287,7,4,1232673911,1,0,0->1,1232673856,1808
2425,0,912,7296,0,4,1232673920,1,0,0->1,1232673920,1824
2425,0,912,7301,5,6,1232673925,1,0,0->1,1232673920,1824
2425,0,912,7302,6,3,1232673926,0,1,1->0,1232673920,1824
2425,0,912,7303,7,6,1232673927,1,0,0->1,1232673920,1824
2425,0,912,7307,3,3,1232673931,0,1,1->0,1232673920,1824
2425,0,912,7311,7,6,1232673935,1,0,0->1,1232673920,1824
2425,0,912,7315,3,3,1232673939,0,1,1->0,1232673920,1824
2425,0,912,7316,4,3,1232673940,0,1,1->0,1232673920,1824
2425,0,912,7324,4,3,1232673948,0,1,1->0,1232673920,1824
2425,0,912,7324,4,4,1232673948,1,0,0->1,1232673920,1824
2425,0,912,7326,6,1,1232673950,0,1,1->0,1232673920,1824
2425,0,912,7345,1,1,1232673969,0,1,1->0,1232673920,1824
2425,0,912,7351,7,6,1232673975,1,0,0->1,1232673920,1824
2425,0,912,7352,0,1,1232673976,0,1,1->0,1232673920,1824
2425,0,912,7352,0,4,1232673976,1,0,0->1,1232673920,1824
2425,0,912,7352,0,6,1232673976,1,0,0->1,1232673920,1824
2425,0,920,7370,2,3,1232673994,0,1,1->0,1232673984,1840
2425,0,920,7382,6,3,1232674006,0,1,1->0,1232673984,1840
2425,0,920,7384,0,4,1232674008,1,0,0->1,1232673984,1840
2425,0,920,7398,6,1,1232674022,0,1,1->0,1232673984,1840
2425,0,920,7400,0,4,1232674024,1,0,0->1,1232673984,1840
2425,0,920,7408,0,1,1232674032,0,1,1->0,1232673984,1840
2425,0,920,7410,2,3,1232674034,0,1,1->0,1232673984,1840
2425,0,920,7410,2,4,1232674034,1,0,0->1,1232673984,1840
2425,0,920,7412,4,3,1232674036,0,1,1->0,1232673984,1840
2425,0,920,7413,5,3,1232674037,0,1,1->0,1232673984,1840
2425,0,920,7417,1,3,1232674041,0,1,1->0,1232673984,1840
2425,0,928,7424,0,1,1232674048,0,1,1->0,1232674048,1856
2425,0,928,7429,5,1,1232674053,0,1,1->0,1232674048,1856
2425,0,928,7429,5,6,1232674053,1,0,0->1,1232674048,1856
2425,0,928,7431,7,6,1232674055,1,0,0->1,1232674048,1856
2425,0,928,7432,0,4,1232674056,1,0,0->1,1232674048,1856
2425,0,928,7435,3,3,1232674059,0,1,1->0,1232674048,1856
2425,0,928,7437,5,4,1232674061,1,0,0->1,1232674048,1856
2425,0,928,7438,6,6,1232674062,1,0,0->1,1232674048,1856
2425,0,928,7447,7,1,1232674071,0,1,1->0,1232674048,1856
2425,0,928,7461,5,6,1232674085,1,0,0->1,1232674048,1856
2425,0,928,7469,5,1,1232674093,0,1,1->0,1232674048,1856
2425,0,928,7473,1,3,1232674097,0,1,1->0,1232674048,1856
2425,0,928,7476,4,3,1232674100,0,1,1->0,1232674048,1856
2425,0,928,7480,0,1,1232674104,0,1,1->0,1232674048,1856
2425,0,928,7483,3,4,1232674107,1,0,0->1,1232674048,1856
2425,0,928,7486,6,1,1232674110,0,1,1->0,1232674048,1856
2425,0,936,7495,7,1,1232674119,0,1,1->0,1232674112,1872
2425,0,936,7498,2,3,1232674122,0,1,1->0,1232674112,1872
2425,0,936,7500,4,6,1232674124,1,0,0->1,1232674112,1872
2425,0,936,7505,1,1,1232674129,0,1,1->0,1232674112,1872
2425,0,936,7510,6,4,1232674134,1,0,0->1,1232674112,1872
2425,0,936,7511,7,1,1232674135,0,1,1->0,1232674112,1872
2425,0,936,7513,1,6,1232674137,1,0,0->1,1232674112,1872
2425,0,936,7516,4,6,1232674140,1,0,0->1,1232674112,1872
2425,0,936,7521,1,1,1232674145,0,1,1->0,1232674112,1872
2425,0,936,7523,3,1,1232674147,0,1,1->0,1232674112,1872
2425,0,936,7524,4,4,1232674148,1,0,0->1,1232674112,1872
2425,0,936,7529,1,1,1232674153,0,1,1->0,1232674112,1872
2425,0,936,7535,7,4,1232674159,1,0,0->1,1232674112,1872
2425,0,936,7538,2,4,1232674162,1,0,0->1,1232674112,1872
2425,0,936,7548,4,3,1232674172,0,1,1->0,1232674112,1872
2425,0,944,7552,0,3,1232674176,0,1,1->0,1232674176,1888
2425,0,944,7556,4,3,1232674180,0,1,1->0,1232674176,1888
2425,0,944,7556,4,4,1232674180,1,0,0->1,1232674176,1888
2425,0,944,7562,2,1,1232674186,0,1,1->0,1232674176,1888
2425,0,944,7567,7,3,1232674191,0,1,1->0,1232674176,1888
2425,0,944,7570,2,4,1232674194,1,0,0->1,1232674176,1888
2425,0,944,7575,7,1,1232674199,0,1,1->0,1232674176,1888
2425,0,944,7578,2,4,1232674202,1,0,0->1,1232674176,1888
2425,0,944,7579,3,1,1232674203,0,1,1->0,1232674176,1888
2425,0,944,7581,5,4,1232674205,1,0,0->1,1232674176,1888
2425,0,944,7588,4,1,1232674212,0,1,1->0,1232674176,1888
2425,0,944,7593,1,4,1232674217,1,0,0->1,1232674176,1888
2425,0,944,7595,3,3,1232674219,0,1,1->0,1232674176,1888
2425,0,944,7600,0,4,1232674224,1,0,0->1,1232674176,1888
2425,0,944,7601,1,1,1232674225,0,1,1->0,1232674176,1888
2425,0,944,7612,4,3,1232674236,0,1,1->0,1232674176,1888
2425,0,944,7614,6,1,1232674238,0,1,1->0,1232674176,1888
2425,0,952,7616,0,4,1232674240,1,0,0->1,1232674240,1904
2425,0,952,7631,7,6,1232674255,1,0,0->1,1232674240,1904
2425,0,952,7633,1,3,1232674257,0,1,1->0,1232674240,1904
2425,0,952,7636,4,4,1232674260,1,0,0->1,1232674240,1904
2425,0,952,7644,4,3,1232674268,0,1,1->0,1232674240,1904
2425,0,952,7645,5,3,1232674269,0,1,1->0,1232674240,1904
2425,0,952,7649,1,3,1232674273,0,1,1->0,1232674240,1904
2425,0,952,7667,3,3,1232674291,0,1,1->0,1232674240,1904
2425,0,952,7671,7,4,1232674295,1,0,0->1,1232674240,1904
2425,0,952,7676,4,4,1232674300,1,0,0->1,1232674240,1904
2425,0,952,7677,5,6,1232674301,1,0,0->1,1232674240,1904
2425,0,952,7679,7,6,1232674303,1,0,0->1,1232674240,1904
2425,0,960,7681,1,4,1232674305,1,0,0->1,1232674304,1920
2425,0,960,7685,5,1,1232674309,0,1,1->0,1232674304,1920
2425,0,960,7689,1,4,1232674313,1,0,0->1,1232674304,1920
2425,0,960,7692,4,3,1232674316,0,1,1->0,1232674304,1920
2425,0,960,7692,4,4,1232674316,1,0,0->1,1232674304,1920
2425,0,960,7701,5,1,1232674325,0,1,1->0,1232674304,1920
2425,0,960,7714,2,1,1232674338,0,1,1->0,1232674304,1920
2425,0,960,7720,0,3,1232674344,0,1,1->0,1232674304,1920
2425,0,960,7729,1,6,1232674353,1,0,0->1,1232674304,1920
2425,0,960,7732,4,6,1232674356,1,0,0->1,1232674304,1920
2425,0,960,7736,0,1,1232674360,0,1,1->0,1232674304,1920
2425,0,960,7736,0,3,1232674360,0,1,1->0,1232674304,1920
2425,0,960,7738,2,3,1232674362,0,1,1->0,1232674304,1920
2425,0,960,7740,4,1,1232674364,0,1,1->0,1232674304,1920
2425,0,968,7744,0,3,1232674368,0,1,1->0,1232674368,1936
2425,0,968,7749,5,6,1232674373,1,0,0->1,1232674368,1936
2425,0,968,7759,7,1,1232674383,0,1,1->0,1232674368,1936
2425,0,968,7768,0,1,1232674392,0,1,1->0,1232674368,1936
2425,0,968,7768,0,3,1232674392,0,1,1->0,1232674368,1936
2425,0,968,7771,3,6,1232674395,1,0,0->1,1232674368,1936
2425,0,968,7775,7,1,1232674399,0,1,1->0,1232674368,1936
2425,0,968,7780,4,4,1232674404,1,0,0->1,1232674368,1936
2425,0,968,7783,7,1,1232674407,0,1,1->0,1232674368,1936
2425,0,968,7792,0,6,1232674416,1,0,0->1,1232674368,1936
2425,0,968,7801,1,3,1232674425,0,1,1->0,1232674368,1936
2425,0,968,7804,4,4,1232674428,1,0,0->1,1232674368,1936
2425,0,968,7806,6,3,1232674430,0,1,1->0,1232674368,1936
2425,0,968,7807,7,6,1232674431,1,0,0->1,1232674368,1936
2425,0,976,7819,3,6,1232674443,1,0,0->1,1232674432,1952
2425,0,976,7822,6,4,1232674446,1,0,0->1,1232674432,1952
2425,0,976,7825,1,3,1232674449,0,1,1->0,1232674432,1952
2425,0,976,7828,4,6,1232674452,1,0,0->1,1232674432,1952
2425,0,976,7838,6,6,1232674462,1,0,0->1,1232674432,1952
2425,0,976,7842,2,4,1232674466,1,0,0->1,1232674432,1952
2425,0,976,7843,3,3,1232674467,0,1,1->0,1232674432,1952
2425,0,976,7845,5,3,1232674469,0,1,1->0,1232674432,1952
2425,0,976,7855,7,3,1232674479,0,1,1->0,1232674432,1952
2425,0,976,7856,0,1,1232674480,0,1,1->0,1232674432,1952
2425,0,976,7857,1,1,1232674481,0,1,1->0,1232674432,1952
2425,0,976,7867,3,1,1232674491,0,1,1->0,1232674432,1952
2425,0,976,7867,3,4,1232674491,1,0,0->1,1232674432,1952
2425,0,984,7872,0,4,1232674496,1,0,0->1,1232674496,1968
2425,0,984,7873,1,3,1232674497,0,1,1->0,1232674496,1968
2425,0,984,7878,6,6,1232674502,1,0,0->1,1232674496,1968
2425,0,984,7879,7,3,1232674503,0,1,1->0,1232674496,1968
2425,0,984,7882,2,1,1232674506,0,1,1->0,1232674496,1968
2425,0,984,7896,0,3,1232674520,0,1,1->0,1232674496,1968
2425,0,984,7898,2,4,1232674522,1,0,0->1,1232674496,1968
2425,0,984,7901,5,6,1232674525,1,0,0->1,1232674496,1968
2425,0,984,7905,1,1,1232674529,0,1,1->0,1232674496,1968
2425,0,984,7909,5,4,1232674533,1,0,0->1,1232674496,1968
2425,0,984,7910,6,1,1232674534,0,1,1->0,1232674496,1968
2425,0,984,7919,7,1,1232674543,0,1,1->0,1232674496,1968
2425,0,984,7929,1,6,1232674553,1,0,0->1,1232674496,1968
2425,0,992,7942,6,6,1232674566,1,0,0->1,1232674560,1984
2425,0,992,7948,4,3,1232674572,0,1,1->0,1232674560,1984
2425,0,992,7949,5,3,1232674573,0,1,1->0,1232674560,1984
2425,0,992,7949,5,6,1232674573,1,0,0->1,1232674560,1984
2425,0,992,7950,6,6,1232674574,1,0,0->1,1232674560,1984
2425,0,992,7960,0,3,1232674584,0,1,1->0,1232674560,1984
2425,0,992,7962,2,1,1232674586,0,1,1->0,1232674560,1984
2425,0,992,7964,4,4,1232674588,1,0,0->1,1232674560,1984
2425,0,992,7967,7,6,1232674591,1,0,0->1,1232674560,1984
2425,0,992,7970,2,1,1232674594,0,1,1->0,1232674560,1984
2425,0,992,7972,4,1,1232674596,0,1,1->0,1232674560,1984
2425,0,992,7989,5,1,1232674613,0,1,1->0,1232674560,1984
2425,0,992,7989,5,4,1232674613,1,0,0->1,1232674560,1984
2425,0,992,7989,5,6,1232674613,1,0,0->1,1232674560,1984
2425,0,992,7990,6,4,1232674614,1,0,0->1,1232674560,1984
2425,0,992,7995,3,3,1232674619,0,1,1->0,1232674560,1984
2425,0,992,7998,6,1,1232674622,0,1,1->0,1232674560,1984
2425,0,1000,8000,0,1,1232674624,0,1,1->0,1232674624,2000
2425,0,1000,8003,3,4,1232674627,1,0,0->1,1232674624,2000
2425,0,1000,8003,3,6,1232674627,1,0,0->1,1232674624,2000
2425,0,1000,8006,6,1,1232674630,0,1,1->0,1232674624,2000
2425,0,1000,8006,6,3,1232674630,0,1,1->0,1232674624,2000
2425,0,1000,8011,3,3,1232674635,0,1,1->0,1232674624,2000
2425,0,1000,8011,3,4,1232674635,1,0,0->1,1232674624,2000
2425,0,1000,8013,5,3,1232674637,0,1,1->0,1232674624,2000
2425,0,1000,8016,0,3,1232674640,0,1,1->0,1232674624,2000
2425,0,1000,8017,1,1,1232674641,0,1,1->0,1232674624,2000
2425,0,1000,8024,0,4,1232674648,1,0,0->1,1232674624,2000
2425,0,1000,8029,5,1,1232674653,0,1,1->0,1232674624,2000
2425,0,1000,8029,5,6,1232674653,1,0,0->1,1232674624,2000
2425,0,1000,8030,6,6,1232674654,1,0,0->1,1232674624,2000
2425,0,1000,8032,0,6,1232674656,1,0,0->1,1232674624,2000
2425,0,1000,8033,1,4,1232674657,1,0,0->1,1232674624,2000
2425,0,1000,8039,7,1,1232674663,0,1,1->0,1232674624,2000
2425,0,1000,8044,4,6,1232674668,1,0,0->1,1232674624,2000
2425,0,1000,8049,1,6,1232674673,1,0,0->1,1232674624,2000
2425,0,1000,8054,6,6,1232674678,1,0,0->1,1232674624,2000
2425,0,1000,8062,6,4,1232674686,1,0,0->1,1232674624,2000
2425,0,1000,8063,7,1,1232674687,0,1,1->0,1232674624,2000
2425,0,1008,8064,0,1,1232674688,0,1,1->0,1232674688,2016
2425,0,1008,8073,1,4,1232674697,1,0,0->1,1232674688,2016
2425,0,1008,8081,1,3,1232674705,0,1,1->0,1232674688,2016
2425,0,1008,8083,3,3,1232674707,0,1,1->0,1232674688,2016
2425,0,1008,8085,5,1,1232674709,0,1,1->0,1232674688,2016
2425,0,1008,8091,3,3,1232674715,0,1,1->0,1232674688,2016
2425,0,1008,8091,3,6,1232674715,1,0,0->1,1232674688,2016
2425,0,1008,8095,7,6,1232674719,1,0,0->1,1232674688,2016
2425,0,1008,8097,1,3,1232674721,0,1,1->0,1232674688,2016
2425,0,1008,8112,0,1,1232674736,0,1,1->0,1232674688,2016
2425,0,1008,8118,6,1,1232674742,0,1,1->0,1232674688,2016
2425,0,1008,8124,4,1,1232674748,0,1,1->0,1232674688,2016
2425,0,1008,8127,7,1,1232674751,0,1,1->0,1232674688,2016
2425,0,1016,8132,4,3,1232674756,0,1,1->0,1232674752,2032
2425,0,1016,8135,7,1,1232674759,0,1,1->0,1232674752,2032
2425,0,1016,8135,7,3,1232674759,0,1,1->0,1232674752,2032
2425,0,1016,8138,2,3,1232674762,0,1,1->0,1232674752,2032
2425,0,1016,8140,4,1,1232674764,0,1,1->0,1232674752,2032
2425,0,1016,8142,6,3,1232674766,0,1,1->0,1232674752,2032
2425,0,1016,8143,7,3,1232674767,0,1,1->0,1232674752,2032
2425,0,1016,8147,3,4,1232674771,1,0,0->1,1232674752,2032
2425,0,1016,8150,6,3,1232674774,0,1,1->0,1232674752,2032
2425,0,1016,8160,0,1,1232674784,0,1,1->0,1232674752,2032
2425,0,1016,8162,2,1,1232674786,0,1,1->0,1232674752,2032
2425,0,1016,8163,3,3,1232674787,0,1,1->0,1232674752,2032
2425,0,1016,8167,7,6,1232674791,1,0,0->1,1232674752,2032
2425,0,1016,8172,4,4,1232674796,1,0,0->1,1232674752,2032
2425,0,1016,8177,1,1,1232674801,0,1,1->0,1232674752,2032
2425,0,1016,8179,3,3,1232674803,0,1,1->0,1232674752,2032
2425,0,1016,8182,6,3,1232674806,0,1,1->0,1232674752,2032
2425,0,1016,8185,1,1,1232674809,0,1,1->0,1232674752,2032
2425,0,1016,8191,7,4,1232674815,1,0,0->1,1232674752,2032
2631,2,152,17620,4,7,1246184660,0,1,1->0,1246184640,4400
3091,0,72,576,0,5,1276314176,0,1,1->0,1276314176,144
3146,0,488,3905,1,5,1279921985,0,1,1->0,1279921984,976
3174,4,912,40099,3,3,1281793187,0,1,1->0,1281793152,10016
3430,6,512,53303,7,5,1298583607,0,1,1->0,1298583552,13312
3442,0,440,3531,3,5,1299320267,0,1,1->0,1299320256,880
3761,3,352,27429,5,5,1320250149,0,1,1->0,1320250112,6848
3935,2,600,21232,0,7,1331647216,0,1,1->0,1331647168,5296
4244,5,208,42626,2,3,1351919234,0,1,1->0,1351919232,10656
4434,5,704,46621,5,3,1364375069,0,1,1->0,1364375040,11648
4479,3,272,26793,1,7,1367304361,0,1,1->0,1367304320,6688
4488,0,976,7830,6,5,1367875222,0,1,1->0,1367875200,1952
4693,1,840,14947,3,1,1381317219,0,1,1->0,1381317184,3728
5266,6,8,49275,3,7,1418903675,0,1,1->0,1418903616,12304
5345,2,312,18911,7,5,1424050655,0,1,1->0,1424050624,4720
5494,4,24,33001,1,5,1433829609,0,1,1->0,1433829568,8240
5697,6,1016,57292,4,1,1447157708,0,1,1->0,1447157696,14320
5712,6,800,55597,5,7,1448139053,0,1,1->0,1448139008,13888
5782,6,944,56755,3,5,1452727731,0,1,1->0,1452727680,14176
6054,1,8,8257,1,7,1470505025,0,1,1->0,1470505024,2064
6098,6,136,50251,3,5,1473430603,0,1,1->0,1473430592,12560
6322,2,160,17687,7,1,1488078103,0,1,1->0,1488078080,4416
6435,2,552,20828,4,3,1495486812,0,1,1->0,1495486784,5200
6443,4,208,34438,6,5,1496024710,0,1,1->0,1496024704,8608
6730,4,216,34539,3,5,1514833643,0,1,1->0,1514833600,8624
6892,2,320,18969,1,5,1525434905,0,1,1->0,1525434880,4736
7030,7,784,63653,5,5,1534523557,0,1,1->0,1534523520,15904
7143,4,696,38341,5,7,1541903813,0,1,1->0,1541903808,9584
7270,3,816,31112,0,5,1550219656,0,1,1->0,1550219648,7776
7365,1,752,14246,6,5,1556428710,0,1,1->0,1556428672,3552
7538,3,376,27635,3,7,1567779827,0,1,1->0,1567779776,6896
7969,7,120,58359,7,7,1596056567,0,1,1->0,1596056512,14576
8007,0,728,5874,2,7,1598494450,0,1,1->0,1598494400,1456
8282,3,296,26976,0,7,1616537952,0,1,1->0,1616537920,6736
8370,0,888,7149,5,7,1622285293,0,1,1->0,1622285248,1776
8713,1,680,13683,3,3,1644770675,0,1,1->0,1644770624,3408
9394,6,920,56533,5,5,1689443541,0,1,1->0,1689443520,14128
9583,5,192,42529,1,5,1701815841,0,1,1->0,1701815808,10624
9602,0,760,6105,1,7,1703024601,0,1,1->0,1703024576,1520
9692,6,240,51092,4,1,1708967828,0,1,1->0,1708967808,12768
9978,6,568,53709,5,7,1727713741,0,1,1->0,1727713728,13424
10042,7,336,60070,6,1,1731914406,0,1,1->0,1731914368,15008
10419,2,304,18879,7,5,1756580287,0,1,1->0,1756580224,4704
10615,4,592,37515,3,5,1769443979,0,1,1->0,1769443968,9376
10705,6,432,52652,4,7,1775357356,0,1,1->0,1775357312,13152
10766,0,400,3223,7,5,1779305623,0,1,1->0,1779305600,800
10769,0,104,845,5,7,1779499853,0,1,1->0,1779499840,208
10793,4,464,36499,3,5,1781108371,0,1,1->0,1781108352,9120
10848,2,408,19684,4,3,1784696036,0,1,1->0,1784696000,4912
10887,1,480,12054,6,5,1787244310,0,1,1->0,1787244288,3008
11024,4,448,36367,7,7,1796247055,0,1,1->0,1796247040,9088
11310,3,480,28445,5,3,1814982429,0,1,1->0,1814982400,7104
11376,7,824,63974,6,1,1819343334,0,1,1->0,1819343296,15984
11629,3,536,28898,2,5,1835888866,0,1,1->0,1835888832,7216
12025,7,456,61008,0,7,1861873232,0,1,1->0,1861873216,15248
12451,2,944,23947,3,7,1889754507,0,1,1->0,1889754496,5984
12533,5,864,47903,7,5,1895152415,0,1,1->0,1895152384,11968
13205,2,32,16645,5,1,1939161349,0,1,1->0,1939161344,4160
13443,4,392,35945,1,5,1954778217,0,1,1->0,1954778176,8976
15086,0,728,5865,1,7,2062423785,0,1,1->0,2062423744,1456
15363,4,256,34863,7,3,2080606255,0,1,1->0,2080606208,8704
15653,1,872,15183,7,3,2099592015,0,1,1->0,2099592000,3792
15843,4,16,32899,3,5,2112061571,0,1,1->0,2112061568,8224
16001,1,960,15911,7,5,2122399271,0,1,1->0,2122399232,3968
16211,5,648,46175,7,5,2136192095,0,1,1->0,2136192064,11536
