Using generated target files in: build/zcu104
Board info: Row Hammer Tester SoC on xczu7ev-ffvc1156-2-i, git: 2ab8a67fa2f2c588fdb05145d5d1a7ddbde4a412 2026-09-16 17:29:22

Preparing ...
WARNING: only single word patterns supported, using: 0xaaaaaaaa

Filling memory with data ...

Verifying written memory ...
OK

Running Rowhammer attacks ...
read_count: 100000
  Iter 1 / 1 Rows = (3, 5), Count =  0.00M /  0.10M  
  Iter 1 / 1 Rows = (3, 5), Count =  0.10M /  0.10M  

Verifying attacked memory ...
OK

Preparing ...
WARNING: only single word patterns supported, using: 0xaaaaaaaa

Filling memory with data ...

Verifying written memory ...
OK

Running Rowhammer attacks ...
read_count: 100000
  Iter 1 / 1 Rows = (4, 6), Count =  0.01M /  0.10M  
  Iter 1 / 1 Rows = (4, 6), Count =  0.10M /  0.10M  

Verifying attacked memory ...
OK

Preparing ...
WARNING: only single word patterns supported, using: 0xaaaaaaaa

Filling memory with data ...

Verifying written memory ...
OK

Running Rowhammer attacks ...
read_count: 100000
  Iter 1 / 1 Rows = (5, 7), Count =  0.01M /  0.10M  
  Iter 1 / 1 Rows = (5, 7), Count =  0.10M /  0.10M  

Verifying attacked memory ...
OK

Preparing ...
WARNING: only single word patterns supported, using: 0xaaaaaaaa

Filling memory with data ...

Verifying written memory ...
OK

Running Rowhammer attacks ...
read_count: 100000
  Iter 1 / 1 Rows = (6, 8), Count =  0.00M /  0.10M  
  Iter 1 / 1 Rows = (6, 8), Count =  0.10M /  0.10M  

Verifying attacked memory ...
OK

Preparing ...
WARNING: only single word patterns supported, using: 0xaaaaaaaa

Filling memory with data ...

Verifying written memory ...
OK

Running Rowhammer attacks ...
read_count: 100000
  Iter 1 / 1 Rows = (7, 9), Count =  0.00M /  0.10M  
  Iter 1 / 1 Rows = (7, 9), Count =  0.10M /  0.10M  

Verifying attacked memory ...
OK

Preparing ...
WARNING: only single word patterns supported, using: 0xaaaaaaaa

Filling memory with data ...

Verifying written memory ...
OK

Running Rowhammer attacks ...
read_count: 100000
  Iter 1 / 1 Rows = (8, 10), Count =  0.00M /  0.10M  
  Iter 1 / 1 Rows = (8, 10), Count =  0.10M /  0.10M  

Verifying attacked memory ...
OK

Preparing ...
WARNING: only single word patterns supported, using: 0xaaaaaaaa

Filling memory with data ...

Verifying written memory ...
OK

Running Rowhammer attacks ...
read_count: 100000
  Iter 1 / 1 Rows = (9, 11), Count =  0.00M /  0.10M  
  Iter 1 / 1 Rows = (9, 11), Count =  0.10M /  0.10M  

Verifying attacked memory ...
OK

Preparing ...
WARNING: only single word patterns supported, using: 0xaaaaaaaa

Filling memory with data ...

Verifying written memory ...
OK

Running Rowhammer attacks ...
read_count: 100000
  Iter 1 / 1 Rows = (10, 12), Count =  0.00M /  0.10M  
  Iter 1 / 1 Rows = (10, 12), Count =  0.10M /  0.10M  

Verifying attacked memory ...
OK

Preparing ...
WARNING: only single word patterns supported, using: 0xaaaaaaaa

Filling memory with data ...

Verifying written memory ...
OK

Running Rowhammer attacks ...
read_count: 100000
  Iter 1 / 1 Rows = (11, 13), Count =  0.00M /  0.10M  
  Iter 1 / 1 Rows = (11, 13), Count =  0.10M /  0.10M  

Verifying attacked memory ...
OK

Preparing ...
WARNING: only single word patterns supported, using: 0xaaaaaaaa

Filling memory with data ...

Verifying written memory ...
OK

Running Rowhammer attacks ...
read_count: 100000
  Iter 1 / 1 Rows = (12, 14), Count =  0.00M /  0.10M  
  Iter 1 / 1 Rows = (12, 14), Count =  0.10M /  0.10M  

Verifying attacked memory ...
OK

Preparing ...
WARNING: only single word patterns supported, using: 0xaaaaaaaa

Filling memory with data ...

Verifying written memory ...
OK

Running Rowhammer attacks ...
read_count: 100000
  Iter 1 / 1 Rows = (13, 15), Count =  0.00M /  0.10M  
  Iter 1 / 1 Rows = (13, 15), Count =  0.10M /  0.10M  

Verifying attacked memory ...
OK

Preparing ...
WARNING: only single word patterns supported, using: 0xaaaaaaaa

Filling memory with data ...

Verifying written memory ...
OK

Running Rowhammer attacks ...
read_count: 100000
  Iter 1 / 1 Rows = (14, 16), Count =  0.00M /  0.10M  
  Iter 1 / 1 Rows = (14, 16), Count =  0.10M /  0.10M  

Verifying attacked memory ...
OK

Preparing ...
WARNING: only single word patterns supported, using: 0xaaaaaaaa

Filling memory with data ...

Verifying written memory ...
OK

Running Rowhammer attacks ...
read_count: 100000
  Iter 1 / 1 Rows = (15, 17), Count =  0.00M /  0.10M  
  Iter 1 / 1 Rows = (15, 17), Count =  0.10M /  0.10M  

Verifying attacked memory ...
OK

Preparing ...
WARNING: only single word patterns supported, using: 0xaaaaaaaa

Filling memory with data ...

Verifying written memory ...
OK

Running Rowhammer attacks ...
read_count: 100000
  Iter 1 / 1 Rows = (16, 18), Count =  0.00M /  0.10M  
  Iter 1 / 1 Rows = (16, 18), Count =  0.10M /  0.10M  

Verifying attacked memory ...
OK

Preparing ...
WARNING: only single word patterns supported, using: 0xaaaaaaaa

Filling memory with data ...

Verifying written memory ...
OK

Running Rowhammer attacks ...
read_count: 100000
  Iter 1 / 1 Rows = (17, 19), Count =  0.00M /  0.10M  
  Iter 1 / 1 Rows = (17, 19), Count =  0.10M /  0.10M  

Verifying attacked memory ...
OK

Preparing ...
WARNING: only single word patterns supported, using: 0xaaaaaaaa

Filling memory with data ...

Verifying written memory ...
OK

Running Rowhammer attacks ...
read_count: 100000
  Iter 1 / 1 Rows = (18, 20), Count =  0.00M /  0.10M  
  Iter 1 / 1 Rows = (18, 20), Count =  0.10M /  0.10M  

Verifying attacked memory ...
OK

Preparing ...
WARNING: only single word patterns supported, using: 0xaaaaaaaa

Filling memory with data ...

Verifying written memory ...
OK

Running Rowhammer attacks ...
read_count: 100000
  Iter 1 / 1 Rows = (19, 21), Count =  0.00M /  0.10M  
  Iter 1 / 1 Rows = (19, 21), Count =  0.10M /  0.10M  

Verifying attacked memory ...
OK

Preparing ...
WARNING: only single word patterns supported, using: 0xaaaaaaaa

Filling memory with data ...

Verifying written memory ...
OK

Running Rowhammer attacks ...
read_count: 100000
  Iter 1 / 1 Rows = (20, 22), Count =  0.00M /  0.10M  
  Iter 1 / 1 Rows = (20, 22), Count =  0.10M /  0.10M  

Verifying attacked memory ...
OK

Preparing ...
WARNING: only single word patterns supported, using: 0xaaaaaaaa

Filling memory with data ...

Verifying written memory ...
OK

Running Rowhammer attacks ...
read_count: 100000
  Iter 1 / 1 Rows = (21, 23), Count =  0.00M /  0.10M  
  Iter 1 / 1 Rows = (21, 23), Count =  0.10M /  0.10M  

Verifying attacked memory ...
OK

Preparing ...
WARNING: only single word patterns supported, using: 0xaaaaaaaa

Filling memory with data ...

Verifying written memory ...
OK

Running Rowhammer attacks ...
read_count: 100000
  Iter 1 / 1 Rows = (22, 24), Count =  0.00M /  0.10M  
  Iter 1 / 1 Rows = (22, 24), Count =  0.10M /  0.10M  

Verifying attacked memory ...
OK

Preparing ...
WARNING: only single word patterns supported, using: 0xaaaaaaaa

Filling memory with data ...

Verifying written memory ...
OK

Running Rowhammer attacks ...
read_count: 100000
  Iter 1 / 1 Rows = (23, 25), Count =  0.00M /  0.10M  
  Iter 1 / 1 Rows = (23, 25), Count =  0.10M /  0.10M  

Verifying attacked memory ...
OK

Preparing ...
WARNING: only single word patterns supported, using: 0xaaaaaaaa

Filling memory with data ...

Verifying written memory ...
OK

Running Rowhammer attacks ...
read_count: 100000
  Iter 1 / 1 Rows = (24, 26), Count =  0.00M /  0.10M  
  Iter 1 / 1 Rows = (24, 26), Count =  0.10M /  0.10M  

Verifying attacked memory ...
OK

Preparing ...
WARNING: only single word patterns supported, using: 0xaaaaaaaa

Filling memory with data ...

Verifying written memory ...
OK

Running Rowhammer attacks ...
read_count: 100000
  Iter 1 / 1 Rows = (25, 27), Count =  0.00M /  0.10M  
  Iter 1 / 1 Rows = (25, 27), Count =  0.10M /  0.10M  

Verifying attacked memory ...
OK

Preparing ...
WARNING: only single word patterns supported, using: 0xaaaaaaaa

Filling memory with data ...

Verifying written memory ...
OK

Running Rowhammer attacks ...
read_count: 100000
  Iter 1 / 1 Rows = (26, 28), Count =  0.00M /  0.10M  
  Iter 1 / 1 Rows = (26, 28), Count =  0.10M /  0.10M  

Verifying attacked memory ...
OK

Preparing ...
WARNING: only single word patterns supported, using: 0xaaaaaaaa

Filling memory with data ...

Verifying written memory ...
OK

Running Rowhammer attacks ...
read_count: 100000
  Iter 1 / 1 Rows = (27, 29), Count =  0.00M /  0.10M  
  Iter 1 / 1 Rows = (27, 29), Count =  0.10M /  0.10M  

Verifying attacked memory ...
OK

Preparing ...
WARNING: only single word patterns supported, using: 0xaaaaaaaa

Filling memory with data ...

Verifying written memory ...
OK

Running Rowhammer attacks ...
read_count: 100000
  Iter 1 / 1 Rows = (28, 30), Count =  0.00M /  0.10M  
  Iter 1 / 1 Rows = (28, 30), Count =  0.10M /  0.10M  

Verifying attacked memory ...
OK

Preparing ...
WARNING: only single word patterns supported, using: 0xaaaaaaaa

Filling memory with data ...

Verifying written memory ...
OK

Running Rowhammer attacks ...
read_count: 100000
  Iter 1 / 1 Rows = (29, 31), Count =  0.00M /  0.10M  
  Iter 1 / 1 Rows = (29, 31), Count =  0.10M /  0.10M  

Verifying attacked memory ...
OK

Preparing ...
WARNING: only single word patterns supported, using: 0xaaaaaaaa

Filling memory with data ...

Verifying written memory ...
OK

Running Rowhammer attacks ...
read_count: 100000
  Iter 1 / 1 Rows = (30, 32), Count =  0.00M /  0.10M  
  Iter 1 / 1 Rows = (30, 32), Count =  0.10M /  0.10M  

Verifying attacked memory ...
OK

Preparing ...
WARNING: only single word patterns supported, using: 0xaaaaaaaa

Filling memory with data ...

Verifying written memory ...
OK

Running Rowhammer attacks ...
read_count: 100000
  Iter 1 / 1 Rows = (31, 33), Count =  0.00M /  0.10M  
  Iter 1 / 1 Rows = (31, 33), Count =  0.10M /  0.10M  

Verifying attacked memory ...
OK

Preparing ...
WARNING: only single word patterns supported, using: 0xaaaaaaaa

Filling memory with data ...

Verifying written memory ...
OK

Running Rowhammer attacks ...
read_count: 100000
  Iter 1 / 1 Rows = (32, 34), Count =  0.00M /  0.10M  
  Iter 1 / 1 Rows = (32, 34), Count =  0.10M /  0.10M  

Verifying attacked memory ...
OK

Preparing ...
WARNING: only single word patterns supported, using: 0xaaaaaaaa

Filling memory with data ...

Verifying written memory ...
OK

Running Rowhammer attacks ...
read_count: 100000
  Iter 1 / 1 Rows = (33, 35), Count =  0.00M /  0.10M  
  Iter 1 / 1 Rows = (33, 35), Count =  0.10M /  0.10M  

Verifying attacked memory ...
OK

Preparing ...
WARNING: only single word patterns supported, using: 0xaaaaaaaa

Filling memory with data ...

Verifying written memory ...
OK

Running Rowhammer attacks ...
read_count: 100000
  Iter 1 / 1 Rows = (34, 36), Count =  0.00M /  0.10M  
  Iter 1 / 1 Rows = (34, 36), Count =  0.10M /  0.10M  

Verifying attacked memory ...
OK

Preparing ...
WARNING: only single word patterns supported, using: 0xaaaaaaaa

Filling memory with data ...

Verifying written memory ...
OK

Running Rowhammer attacks ...
read_count: 100000
  Iter 1 / 1 Rows = (35, 37), Count =  0.00M /  0.10M  
  Iter 1 / 1 Rows = (35, 37), Count =  0.10M /  0.10M  

Verifying attacked memory ...
OK

Preparing ...
WARNING: only single word patterns supported, using: 0xaaaaaaaa

Filling memory with data ...

Verifying written memory ...
OK

Running Rowhammer attacks ...
read_count: 100000
  Iter 1 / 1 Rows = (36, 38), Count =  0.00M /  0.10M  
  Iter 1 / 1 Rows = (36, 38), Count =  0.10M /  0.10M  

Verifying attacked memory ...
OK

Preparing ...
WARNING: only single word patterns supported, using: 0xaaaaaaaa

Filling memory with data ...

Verifying written memory ...
OK

Running Rowhammer attacks ...
read_count: 100000
  Iter 1 / 1 Rows = (37, 39), Count =  0.00M /  0.10M  
  Iter 1 / 1 Rows = (37, 39), Count =  0.10M /  0.10M  

Verifying attacked memory ...
OK

Preparing ...
WARNING: only single word patterns supported, using: 0xaaaaaaaa

Filling memory with data ...

Verifying written memory ...
OK

Running Rowhammer attacks ...
read_count: 100000
  Iter 1 / 1 Rows = (38, 40), Count =  0.00M /  0.10M  
  Iter 1 / 1 Rows = (38, 40), Count =  0.10M /  0.10M  

Verifying attacked memory ...
OK

Preparing ...
WARNING: only single word patterns supported, using: 0xaaaaaaaa

Filling memory with data ...

Verifying written memory ...
OK

Running Rowhammer attacks ...
read_count: 100000
  Iter 1 / 1 Rows = (39, 41), Count =  0.00M /  0.10M  
  Iter 1 / 1 Rows = (39, 41), Count =  0.10M /  0.10M  

Verifying attacked memory ...
OK

Preparing ...
WARNING: only single word patterns supported, using: 0xaaaaaaaa

Filling memory with data ...

Verifying written memory ...
OK

Running Rowhammer attacks ...
read_count: 100000
  Iter 1 / 1 Rows = (40, 42), Count =  0.00M /  0.10M  
  Iter 1 / 1 Rows = (40, 42), Count =  0.10M /  0.10M  

Verifying attacked memory ...
OK

Preparing ...
WARNING: only single word patterns supported, using: 0xaaaaaaaa

Filling memory with data ...

Verifying written memory ...
OK

Running Rowhammer attacks ...
read_count: 100000
  Iter 1 / 1 Rows = (41, 43), Count =  0.00M /  0.10M  
  Iter 1 / 1 Rows = (41, 43), Count =  0.10M /  0.10M  

Verifying attacked memory ...
OK

Preparing ...
WARNING: only single word patterns supported, using: 0xaaaaaaaa

Filling memory with data ...

Verifying written memory ...
OK

Running Rowhammer attacks ...
read_count: 100000
  Iter 1 / 1 Rows = (42, 44), Count =  0.00M /  0.10M  
  Iter 1 / 1 Rows = (42, 44), Count =  0.10M /  0.10M  

Verifying attacked memory ...
OK

Preparing ...
WARNING: only single word patterns supported, using: 0xaaaaaaaa

Filling memory with data ...

Verifying written memory ...
OK

Running Rowhammer attacks ...
read_count: 100000
  Iter 1 / 1 Rows = (43, 45), Count =  0.00M /  0.10M  
  Iter 1 / 1 Rows = (43, 45), Count =  0.10M /  0.10M  

Verifying attacked memory ...
OK

Preparing ...
WARNING: only single word patterns supported, using: 0xaaaaaaaa

Filling memory with data ...

Verifying written memory ...
OK

Running Rowhammer attacks ...
read_count: 100000
  Iter 1 / 1 Rows = (44, 46), Count =  0.00M /  0.10M  
  Iter 1 / 1 Rows = (44, 46), Count =  0.10M /  0.10M  

Verifying attacked memory ...
OK

Preparing ...
WARNING: only single word patterns supported, using: 0xaaaaaaaa

Filling memory with data ...

Verifying written memory ...
OK

Running Rowhammer attacks ...
read_count: 100000
  Iter 1 / 1 Rows = (45, 47), Count =  0.00M /  0.10M  
  Iter 1 / 1 Rows = (45, 47), Count =  0.10M /  0.10M  

Verifying attacked memory ...
OK

Preparing ...
WARNING: only single word patterns supported, using: 0xaaaaaaaa

Filling memory with data ...

Verifying written memory ...
OK

Running Rowhammer attacks ...
read_count: 100000
  Iter 1 / 1 Rows = (46, 48), Count =  0.00M /  0.10M  
  Iter 1 / 1 Rows = (46, 48), Count =  0.10M /  0.10M  

Verifying attacked memory ...
OK

Preparing ...
WARNING: only single word patterns supported, using: 0xaaaaaaaa

Filling memory with data ...

Verifying written memory ...
OK

Running Rowhammer attacks ...
read_count: 100000
  Iter 1 / 1 Rows = (47, 49), Count =  0.00M /  0.10M  
  Iter 1 / 1 Rows = (47, 49), Count =  0.10M /  0.10M  

Verifying attacked memory ...
OK

Preparing ...
WARNING: only single word patterns supported, using: 0xaaaaaaaa

Filling memory with data ...

Verifying written memory ...
OK

Running Rowhammer attacks ...
read_count: 100000
  Iter 1 / 1 Rows = (48, 50), Count =  0.00M /  0.10M  
  Iter 1 / 1 Rows = (48, 50), Count =  0.10M /  0.10M  

Verifying attacked memory ...
OK

Preparing ...
WARNING: only single word patterns supported, using: 0xaaaaaaaa

Filling memory with data ...

Verifying written memory ...
OK

Running Rowhammer attacks ...
read_count: 100000
  Iter 1 / 1 Rows = (49, 51), Count =  0.00M /  0.10M  
  Iter 1 / 1 Rows = (49, 51), Count =  0.10M /  0.10M  

Verifying attacked memory ...
OK

Preparing ...
WARNING: only single word patterns supported, using: 0xaaaaaaaa

Filling memory with data ...

Verifying written memory ...
OK

Running Rowhammer attacks ...
read_count: 100000
  Iter 1 / 1 Rows = (50, 52), Count =  0.00M /  0.10M  
  Iter 1 / 1 Rows = (50, 52), Count =  0.10M /  0.10M  

Verifying attacked memory ...
OK

Preparing ...
WARNING: only single word patterns supported, using: 0xaaaaaaaa

Filling memory with data ...

Verifying written memory ...
OK

Running Rowhammer attacks ...
read_count: 100000
  Iter 1 / 1 Rows = (51, 53), Count =  0.00M /  0.10M  
  Iter 1 / 1 Rows = (51, 53), Count =  0.10M /  0.10M  

Verifying attacked memory ...
OK

Preparing ...
WARNING: only single word patterns supported, using: 0xaaaaaaaa

Filling memory with data ...

Verifying written memory ...
OK

Running Rowhammer attacks ...
read_count: 100000
  Iter 1 / 1 Rows = (52, 54), Count =  0.00M /  0.10M  
  Iter 1 / 1 Rows = (52, 54), Count =  0.10M /  0.10M  

Verifying attacked memory ...
OK

Preparing ...
WARNING: only single word patterns supported, using: 0xaaaaaaaa

Filling memory with data ...

Verifying written memory ...
OK

Running Rowhammer attacks ...
read_count: 100000
  Iter 1 / 1 Rows = (53, 55), Count =  0.00M /  0.10M  
  Iter 1 / 1 Rows = (53, 55), Count =  0.10M /  0.10M  

Verifying attacked memory ...
OK

Preparing ...
WARNING: only single word patterns supported, using: 0xaaaaaaaa

Filling memory with data ...

Verifying written memory ...
OK

Running Rowhammer attacks ...
read_count: 100000
  Iter 1 / 1 Rows = (54, 56), Count =  0.00M /  0.10M  
  Iter 1 / 1 Rows = (54, 56), Count =  0.10M /  0.10M  

Verifying attacked memory ...
OK

Preparing ...
WARNING: only single word patterns supported, using: 0xaaaaaaaa

Filling memory with data ...

Verifying written memory ...
OK

Running Rowhammer attacks ...
read_count: 100000
  Iter 1 / 1 Rows = (55, 57), Count =  0.00M /  0.10M  
  Iter 1 / 1 Rows = (55, 57), Count =  0.10M /  0.10M  

Verifying attacked memory ...
OK

Preparing ...
WARNING: only single word patterns supported, using: 0xaaaaaaaa

Filling memory with data ...

Verifying written memory ...
OK

Running Rowhammer attacks ...
read_count: 100000
  Iter 1 / 1 Rows = (56, 58), Count =  0.00M /  0.10M  
  Iter 1 / 1 Rows = (56, 58), Count =  0.10M /  0.10M  

Verifying attacked memory ...
OK

Preparing ...
WARNING: only single word patterns supported, using: 0xaaaaaaaa

Filling memory with data ...

Verifying written memory ...
OK

Running Rowhammer attacks ...
read_count: 100000
  Iter 1 / 1 Rows = (57, 59), Count =  0.00M /  0.10M  
  Iter 1 / 1 Rows = (57, 59), Count =  0.10M /  0.10M  

Verifying attacked memory ...
OK

Preparing ...
WARNING: only single word patterns supported, using: 0xaaaaaaaa

Filling memory with data ...

Verifying written memory ...
OK

Running Rowhammer attacks ...
read_count: 100000
  Iter 1 / 1 Rows = (58, 60), Count =  0.00M /  0.10M  
  Iter 1 / 1 Rows = (58, 60), Count =  0.10M /  0.10M  

Verifying attacked memory ...
OK

Preparing ...
WARNING: only single word patterns supported, using: 0xaaaaaaaa

Filling memory with data ...

Verifying written memory ...
OK

Running Rowhammer attacks ...
read_count: 100000
  Iter 1 / 1 Rows = (59, 61), Count =  0.00M /  0.10M  
  Iter 1 / 1 Rows = (59, 61), Count =  0.10M /  0.10M  

Verifying attacked memory ...
OK

Preparing ...
WARNING: only single word patterns supported, using: 0xaaaaaaaa

Filling memory with data ...

Verifying written memory ...
OK

Running Rowhammer attacks ...
read_count: 100000
  Iter 1 / 1 Rows = (60, 62), Count =  0.00M /  0.10M  
  Iter 1 / 1 Rows = (60, 62), Count =  0.10M /  0.10M  

Verifying attacked memory ...
OK

Preparing ...
WARNING: only single word patterns supported, using: 0xaaaaaaaa

Filling memory with data ...

Verifying written memory ...
OK

Running Rowhammer attacks ...
read_count: 100000
  Iter 1 / 1 Rows = (61, 63), Count =  0.00M /  0.10M  
  Iter 1 / 1 Rows = (61, 63), Count =  0.10M /  0.10M  

Verifying attacked memory ...
OK

Preparing ...
WARNING: only single word patterns supported, using: 0xaaaaaaaa

Filling memory with data ...

Verifying written memory ...
OK

Running Rowhammer attacks ...
read_count: 100000
  Iter 1 / 1 Rows = (62, 64), Count =  0.00M /  0.10M  
  Iter 1 / 1 Rows = (62, 64), Count =  0.10M /  0.10M  

Verifying attacked memory ...
OK

Preparing ...
WARNING: only single word patterns supported, using: 0xaaaaaaaa

Filling memory with data ...

Verifying written memory ...
OK

Running Rowhammer attacks ...
read_count: 100000
  Iter 1 / 1 Rows = (63, 65), Count =  0.00M /  0.10M  
  Iter 1 / 1 Rows = (63, 65), Count =  0.10M /  0.10M  

Verifying attacked memory ...
OK

Preparing ...
WARNING: only single word patterns supported, using: 0xaaaaaaaa

Filling memory with data ...

Verifying written memory ...
OK

Running Rowhammer attacks ...
read_count: 100000
  Iter 1 / 1 Rows = (64, 66), Count =  0.00M /  0.10M  
  Iter 1 / 1 Rows = (64, 66), Count =  0.10M /  0.10M  

Verifying attacked memory ...
OK

Preparing ...
WARNING: only single word patterns supported, using: 0xaaaaaaaa

Filling memory with data ...

Verifying written memory ...
OK

Running Rowhammer attacks ...
read_count: 100000
  Iter 1 / 1 Rows = (65, 67), Count =  0.00M /  0.10M  
  Iter 1 / 1 Rows = (65, 67), Count =  0.10M /  0.10M  

Verifying attacked memory ...
OK

Preparing ...
WARNING: only single word patterns supported, using: 0xaaaaaaaa

Filling memory with data ...

Verifying written memory ...
OK

Running Rowhammer attacks ...
read_count: 100000
  Iter 1 / 1 Rows = (66, 68), Count =  0.00M /  0.10M  
  Iter 1 / 1 Rows = (66, 68), Count =  0.10M /  0.10M  

Verifying attacked memory ...
OK

Preparing ...
WARNING: only single word patterns supported, using: 0xaaaaaaaa

Filling memory with data ...

Verifying written memory ...
OK

Running Rowhammer attacks ...
read_count: 100000
  Iter 1 / 1 Rows = (67, 69), Count =  0.00M /  0.10M  
  Iter 1 / 1 Rows = (67, 69), Count =  0.10M /  0.10M  

Verifying attacked memory ...
OK

Preparing ...
WARNING: only single word patterns supported, using: 0xaaaaaaaa

Filling memory with data ...

Verifying written memory ...
OK

Running Rowhammer attacks ...
read_count: 100000
  Iter 1 / 1 Rows = (68, 70), Count =  0.00M /  0.10M  
  Iter 1 / 1 Rows = (68, 70), Count =  0.10M /  0.10M  

Verifying attacked memory ...
OK

Preparing ...
WARNING: only single word patterns supported, using: 0xaaaaaaaa

Filling memory with data ...

Verifying written memory ...
OK

Running Rowhammer attacks ...
read_count: 100000
  Iter 1 / 1 Rows = (69, 71), Count =  0.00M /  0.10M  
  Iter 1 / 1 Rows = (69, 71), Count =  0.10M /  0.10M  

Verifying attacked memory ...
OK

Preparing ...
WARNING: only single word patterns supported, using: 0xaaaaaaaa

Filling memory with data ...

Verifying written memory ...
OK

Running Rowhammer attacks ...
read_count: 100000
  Iter 1 / 1 Rows = (70, 72), Count =  0.00M /  0.10M  
  Iter 1 / 1 Rows = (70, 72), Count =  0.10M /  0.10M  

Verifying attacked memory ...
OK

Preparing ...
WARNING: only single word patterns supported, using: 0xaaaaaaaa

Filling memory with data ...

Verifying written memory ...
OK

Running Rowhammer attacks ...
read_count: 100000
  Iter 1 / 1 Rows = (71, 73), Count =  0.00M /  0.10M  
  Iter 1 / 1 Rows = (71, 73), Count =  0.10M /  0.10M  

Verifying attacked memory ...
OK

Preparing ...
WARNING: only single word patterns supported, using: 0xaaaaaaaa

Filling memory with data ...

Verifying written memory ...
OK

Running Rowhammer attacks ...
read_count: 100000
  Iter 1 / 1 Rows = (72, 74), Count =  0.00M /  0.10M  
  Iter 1 / 1 Rows = (72, 74), Count =  0.10M /  0.10M  

Verifying attacked memory ...
OK

Preparing ...
WARNING: only single word patterns supported, using: 0xaaaaaaaa

Filling memory with data ...

Verifying written memory ...
OK

Running Rowhammer attacks ...
read_count: 100000
  Iter 1 / 1 Rows = (73, 75), Count =  0.00M /  0.10M  
  Iter 1 / 1 Rows = (73, 75), Count =  0.10M /  0.10M  

Verifying attacked memory ...
OK

Preparing ...
WARNING: only single word patterns supported, using: 0xaaaaaaaa

Filling memory with data ...

Verifying written memory ...
OK

Running Rowhammer attacks ...
read_count: 100000
  Iter 1 / 1 Rows = (74, 76), Count =  0.00M /  0.10M  
  Iter 1 / 1 Rows = (74, 76), Count =  0.10M /  0.10M  

Verifying attacked memory ...
OK

Preparing ...
WARNING: only single word patterns supported, using: 0xaaaaaaaa

Filling memory with data ...

Verifying written memory ...
OK

Running Rowhammer attacks ...
read_count: 100000
  Iter 1 / 1 Rows = (75, 77), Count =  0.00M /  0.10M  
  Iter 1 / 1 Rows = (75, 77), Count =  0.10M /  0.10M  

Verifying attacked memory ...
OK

Preparing ...
WARNING: only single word patterns supported, using: 0xaaaaaaaa

Filling memory with data ...

Verifying written memory ...
OK

Running Rowhammer attacks ...
read_count: 100000
  Iter 1 / 1 Rows = (76, 78), Count =  0.00M /  0.10M  
  Iter 1 / 1 Rows = (76, 78), Count =  0.10M /  0.10M  

Verifying attacked memory ...
OK

Preparing ...
WARNING: only single word patterns supported, using: 0xaaaaaaaa

Filling memory with data ...

Verifying written memory ...
OK

Running Rowhammer attacks ...
read_count: 100000
  Iter 1 / 1 Rows = (77, 79), Count =  0.00M /  0.10M  
  Iter 1 / 1 Rows = (77, 79), Count =  0.10M /  0.10M  

Verifying attacked memory ...
OK

Preparing ...
WARNING: only single word patterns supported, using: 0xaaaaaaaa

Filling memory with data ...

Verifying written memory ...
OK

Running Rowhammer attacks ...
read_count: 100000
  Iter 1 / 1 Rows = (78, 80), Count =  0.00M /  0.10M  
  Iter 1 / 1 Rows = (78, 80), Count =  0.10M /  0.10M  

Verifying attacked memory ...
OK

Preparing ...
WARNING: only single word patterns supported, using: 0xaaaaaaaa

Filling memory with data ...

Verifying written memory ...
OK

Running Rowhammer attacks ...
read_count: 100000
  Iter 1 / 1 Rows = (79, 81), Count =  0.00M /  0.10M  
  Iter 1 / 1 Rows = (79, 81), Count =  0.10M /  0.10M  

Verifying attacked memory ...
OK

Preparing ...
WARNING: only single word patterns supported, using: 0xaaaaaaaa

Filling memory with data ...

Verifying written memory ...
OK

Running Rowhammer attacks ...
read_count: 100000
  Iter 1 / 1 Rows = (80, 82), Count =  0.00M /  0.10M  
  Iter 1 / 1 Rows = (80, 82), Count =  0.10M /  0.10M  

Verifying attacked memory ...
OK

Preparing ...
WARNING: only single word patterns supported, using: 0xaaaaaaaa

Filling memory with data ...

Verifying written memory ...
OK

Running Rowhammer attacks ...
read_count: 100000
  Iter 1 / 1 Rows = (81, 83), Count =  0.00M /  0.10M  
  Iter 1 / 1 Rows = (81, 83), Count =  0.10M /  0.10M  

Verifying attacked memory ...
OK

Preparing ...
WARNING: only single word patterns supported, using: 0xaaaaaaaa

Filling memory with data ...

Verifying written memory ...
OK

Running Rowhammer attacks ...
read_count: 100000
  Iter 1 / 1 Rows = (82, 84), Count =  0.00M /  0.10M  
  Iter 1 / 1 Rows = (82, 84), Count =  0.10M /  0.10M  

Verifying attacked memory ...
OK

Preparing ...
WARNING: only single word patterns supported, using: 0xaaaaaaaa

Filling memory with data ...

Verifying written memory ...
OK

Running Rowhammer attacks ...
read_count: 100000
  Iter 1 / 1 Rows = (83, 85), Count =  0.00M /  0.10M  
  Iter 1 / 1 Rows = (83, 85), Count =  0.10M /  0.10M  

Verifying attacked memory ...
OK

Preparing ...
WARNING: only single word patterns supported, using: 0xaaaaaaaa

Filling memory with data ...

Verifying written memory ...
OK

Running Rowhammer attacks ...
read_count: 100000
  Iter 1 / 1 Rows = (84, 86), Count =  0.00M /  0.10M  
  Iter 1 / 1 Rows = (84, 86), Count =  0.10M /  0.10M  

Verifying attacked memory ...
OK

Preparing ...
WARNING: only single word patterns supported, using: 0xaaaaaaaa

Filling memory with data ...

Verifying written memory ...
OK

Running Rowhammer attacks ...
read_count: 100000
  Iter 1 / 1 Rows = (85, 87), Count =  0.00M /  0.10M  
  Iter 1 / 1 Rows = (85, 87), Count =  0.10M /  0.10M  

Verifying attacked memory ...
OK

Preparing ...
WARNING: only single word patterns supported, using: 0xaaaaaaaa

Filling memory with data ...

Verifying written memory ...
OK

Running Rowhammer attacks ...
read_count: 100000
  Iter 1 / 1 Rows = (86, 88), Count =  0.00M /  0.10M  
  Iter 1 / 1 Rows = (86, 88), Count =  0.10M /  0.10M  

Verifying attacked memory ...
OK

Preparing ...
WARNING: only single word patterns supported, using: 0xaaaaaaaa

Filling memory with data ...

Verifying written memory ...
OK

Running Rowhammer attacks ...
read_count: 100000
  Iter 1 / 1 Rows = (87, 89), Count =  0.00M /  0.10M  
  Iter 1 / 1 Rows = (87, 89), Count =  0.10M /  0.10M  

Verifying attacked memory ...
OK

Preparing ...
WARNING: only single word patterns supported, using: 0xaaaaaaaa

Filling memory with data ...

Verifying written memory ...
OK

Running Rowhammer attacks ...
read_count: 100000
  Iter 1 / 1 Rows = (88, 90), Count =  0.00M /  0.10M  
  Iter 1 / 1 Rows = (88, 90), Count =  0.10M /  0.10M  

Verifying attacked memory ...
OK

Preparing ...
WARNING: only single word patterns supported, using: 0xaaaaaaaa

Filling memory with data ...

Verifying written memory ...
OK

Running Rowhammer attacks ...
read_count: 100000
  Iter 1 / 1 Rows = (89, 91), Count =  0.00M /  0.10M  
  Iter 1 / 1 Rows = (89, 91), Count =  0.10M /  0.10M  

Verifying attacked memory ...
OK

Preparing ...
WARNING: only single word patterns supported, using: 0xaaaaaaaa

Filling memory with data ...

Verifying written memory ...
OK

Running Rowhammer attacks ...
read_count: 100000
  Iter 1 / 1 Rows = (90, 92), Count =  0.00M /  0.10M  
  Iter 1 / 1 Rows = (90, 92), Count =  0.10M /  0.10M  

Verifying attacked memory ...
OK

Preparing ...
WARNING: only single word patterns supported, using: 0xaaaaaaaa

Filling memory with data ...

Verifying written memory ...
OK

Running Rowhammer attacks ...
read_count: 100000
  Iter 1 / 1 Rows = (91, 93), Count =  0.00M /  0.10M  
  Iter 1 / 1 Rows = (91, 93), Count =  0.10M /  0.10M  

Verifying attacked memory ...
OK

Preparing ...
WARNING: only single word patterns supported, using: 0xaaaaaaaa

Filling memory with data ...

Verifying written memory ...
OK

Running Rowhammer attacks ...
read_count: 100000
  Iter 1 / 1 Rows = (92, 94), Count =  0.00M /  0.10M  
  Iter 1 / 1 Rows = (92, 94), Count =  0.10M /  0.10M  

Verifying attacked memory ...
OK

Preparing ...
WARNING: only single word patterns supported, using: 0xaaaaaaaa

Filling memory with data ...

Verifying written memory ...
OK

Running Rowhammer attacks ...
read_count: 100000
  Iter 1 / 1 Rows = (93, 95), Count =  0.00M /  0.10M  
  Iter 1 / 1 Rows = (93, 95), Count =  0.10M /  0.10M  

Verifying attacked memory ...
OK

Preparing ...
WARNING: only single word patterns supported, using: 0xaaaaaaaa

Filling memory with data ...

Verifying written memory ...
OK

Running Rowhammer attacks ...
read_count: 100000
  Iter 1 / 1 Rows = (94, 96), Count =  0.00M /  0.10M  
  Iter 1 / 1 Rows = (94, 96), Count =  0.10M /  0.10M  

Verifying attacked memory ...
OK

Preparing ...
WARNING: only single word patterns supported, using: 0xaaaaaaaa

Filling memory with data ...

Verifying written memory ...
OK

Running Rowhammer attacks ...
read_count: 100000
  Iter 1 / 1 Rows = (95, 97), Count =  0.00M /  0.10M  
  Iter 1 / 1 Rows = (95, 97), Count =  0.10M /  0.10M  

Verifying attacked memory ...
OK

Preparing ...
WARNING: only single word patterns supported, using: 0xaaaaaaaa

Filling memory with data ...

Verifying written memory ...
OK

Running Rowhammer attacks ...
read_count: 100000
  Iter 1 / 1 Rows = (96, 98), Count =  0.00M /  0.10M  
  Iter 1 / 1 Rows = (96, 98), Count =  0.10M /  0.10M  

Verifying attacked memory ...
OK

Preparing ...
WARNING: only single word patterns supported, using: 0xaaaaaaaa

Filling memory with data ...

Verifying written memory ...
OK

Running Rowhammer attacks ...
read_count: 100000
  Iter 1 / 1 Rows = (97, 99), Count =  0.00M /  0.10M  
  Iter 1 / 1 Rows = (97, 99), Count =  0.10M /  0.10M  

Verifying attacked memory ...
OK

Preparing ...
WARNING: only single word patterns supported, using: 0xaaaaaaaa

Filling memory with data ...

Verifying written memory ...
OK

Running Rowhammer attacks ...
read_count: 100000
  Iter 1 / 1 Rows = (98, 100), Count =  0.00M /  0.10M  
  Iter 1 / 1 Rows = (98, 100), Count =  0.10M /  0.10M  

Verifying attacked memory ...
OK

Preparing ...
WARNING: only single word patterns supported, using: 0xaaaaaaaa

Filling memory with data ...

Verifying written memory ...
OK

Running Rowhammer attacks ...
read_count: 100000
  Iter 1 / 1 Rows = (99, 101), Count =  0.00M /  0.10M  
  Iter 1 / 1 Rows = (99, 101), Count =  0.10M /  0.10M  

Verifying attacked memory ...
OK

Preparing ...
WARNING: only single word patterns supported, using: 0xaaaaaaaa

Filling memory with data ...

Verifying written memory ...
OK

Running Rowhammer attacks ...
read_count: 100000
  Iter 1 / 1 Rows = (100, 102), Count =  0.00M /  0.10M  
  Iter 1 / 1 Rows = (100, 102), Count =  0.10M /  0.10M  

Verifying attacked memory ...
OK

Preparing ...
WARNING: only single word patterns supported, using: 0xaaaaaaaa

Filling memory with data ...

Verifying written memory ...
OK

Running Rowhammer attacks ...
read_count: 100000
  Iter 1 / 1 Rows = (101, 103), Count =  0.00M /  0.10M  
  Iter 1 / 1 Rows = (101, 103), Count =  0.10M /  0.10M  

Verifying attacked memory ...
OK

Preparing ...
WARNING: only single word patterns supported, using: 0xaaaaaaaa

Filling memory with data ...

Verifying written memory ...
OK

Running Rowhammer attacks ...
read_count: 100000
  Iter 1 / 1 Rows = (102, 104), Count =  0.00M /  0.10M  
  Iter 1 / 1 Rows = (102, 104), Count =  0.10M /  0.10M  

Verifying attacked memory ...
OK

Preparing ...
WARNING: only single word patterns supported, using: 0xaaaaaaaa

Filling memory with data ...

Verifying written memory ...
OK

Running Rowhammer attacks ...
read_count: 100000
  Iter 1 / 1 Rows = (103, 105), Count =  0.00M /  0.10M  
  Iter 1 / 1 Rows = (103, 105), Count =  0.10M /  0.10M  

Verifying attacked memory ...
OK

Preparing ...
WARNING: only single word patterns supported, using: 0xaaaaaaaa

Filling memory with data ...

Verifying written memory ...
OK

Running Rowhammer attacks ...
read_count: 100000
  Iter 1 / 1 Rows = (104, 106), Count =  0.00M /  0.10M  
  Iter 1 / 1 Rows = (104, 106), Count =  0.10M /  0.10M  

Verifying attacked memory ...
OK

Preparing ...
WARNING: only single word patterns supported, using: 0xaaaaaaaa

Filling memory with data ...

Verifying written memory ...
OK

Running Rowhammer attacks ...
read_count: 100000
  Iter 1 / 1 Rows = (105, 107), Count =  0.00M /  0.10M  
  Iter 1 / 1 Rows = (105, 107), Count =  0.10M /  0.10M  

Verifying attacked memory ...
OK

Preparing ...
WARNING: only single word patterns supported, using: 0xaaaaaaaa

Filling memory with data ...

Verifying written memory ...
OK

Running Rowhammer attacks ...
read_count: 100000
  Iter 1 / 1 Rows = (106, 108), Count =  0.00M /  0.10M  
  Iter 1 / 1 Rows = (106, 108), Count =  0.10M /  0.10M  

Verifying attacked memory ...
OK

Preparing ...
WARNING: only single word patterns supported, using: 0xaaaaaaaa

Filling memory with data ...

Verifying written memory ...
OK

Running Rowhammer attacks ...
read_count: 100000
  Iter 1 / 1 Rows = (107, 109), Count =  0.00M /  0.10M  
  Iter 1 / 1 Rows = (107, 109), Count =  0.10M /  0.10M  

Verifying attacked memory ...
OK

Preparing ...
WARNING: only single word patterns supported, using: 0xaaaaaaaa

Filling memory with data ...

Verifying written memory ...
OK

Running Rowhammer attacks ...
read_count: 100000
  Iter 1 / 1 Rows = (108, 110), Count =  0.00M /  0.10M  
  Iter 1 / 1 Rows = (108, 110), Count =  0.10M /  0.10M  

Verifying attacked memory ...
OK

Preparing ...
WARNING: only single word patterns supported, using: 0xaaaaaaaa

Filling memory with data ...

Verifying written memory ...
OK

Running Rowhammer attacks ...
read_count: 100000
  Iter 1 / 1 Rows = (109, 111), Count =  0.00M /  0.10M  
  Iter 1 / 1 Rows = (109, 111), Count =  0.10M /  0.10M  

Verifying attacked memory ...
OK

Preparing ...
WARNING: only single word patterns supported, using: 0xaaaaaaaa

Filling memory with data ...

Verifying written memory ...
OK

Running Rowhammer attacks ...
read_count: 100000
  Iter 1 / 1 Rows = (110, 112), Count =  0.00M /  0.10M  
  Iter 1 / 1 Rows = (110, 112), Count =  0.10M /  0.10M  

Verifying attacked memory ...
OK

Preparing ...
WARNING: only single word patterns supported, using: 0xaaaaaaaa

Filling memory with data ...

Verifying written memory ...
OK

Running Rowhammer attacks ...
read_count: 100000
  Iter 1 / 1 Rows = (111, 113), Count =  0.00M /  0.10M  
  Iter 1 / 1 Rows = (111, 113), Count =  0.10M /  0.10M  

Verifying attacked memory ...
OK

Preparing ...
WARNING: only single word patterns supported, using: 0xaaaaaaaa

Filling memory with data ...

Verifying written memory ...
OK

Running Rowhammer attacks ...
read_count: 100000
  Iter 1 / 1 Rows = (112, 114), Count =  0.00M /  0.10M  
  Iter 1 / 1 Rows = (112, 114), Count =  0.10M /  0.10M  

Verifying attacked memory ...
OK

Preparing ...
WARNING: only single word patterns supported, using: 0xaaaaaaaa

Filling memory with data ...

Verifying written memory ...
OK

Running Rowhammer attacks ...
read_count: 100000
  Iter 1 / 1 Rows = (113, 115), Count =  0.00M /  0.10M  
  Iter 1 / 1 Rows = (113, 115), Count =  0.10M /  0.10M  

Verifying attacked memory ...
OK

Preparing ...
WARNING: only single word patterns supported, using: 0xaaaaaaaa

Filling memory with data ...

Verifying written memory ...
OK

Running Rowhammer attacks ...
read_count: 100000
  Iter 1 / 1 Rows = (114, 116), Count =  0.00M /  0.10M  
  Iter 1 / 1 Rows = (114, 116), Count =  0.10M /  0.10M  

Verifying attacked memory ...
OK

Preparing ...
WARNING: only single word patterns supported, using: 0xaaaaaaaa

Filling memory with data ...

Verifying written memory ...
OK

Running Rowhammer attacks ...
read_count: 100000
  Iter 1 / 1 Rows = (115, 117), Count =  0.00M /  0.10M  
  Iter 1 / 1 Rows = (115, 117), Count =  0.10M /  0.10M  

Verifying attacked memory ...
OK

Preparing ...
WARNING: only single word patterns supported, using: 0xaaaaaaaa

Filling memory with data ...

Verifying written memory ...
OK

Running Rowhammer attacks ...
read_count: 100000
  Iter 1 / 1 Rows = (116, 118), Count =  0.00M /  0.10M  
  Iter 1 / 1 Rows = (116, 118), Count =  0.10M /  0.10M  

Verifying attacked memory ...
OK

Preparing ...
WARNING: only single word patterns supported, using: 0xaaaaaaaa

Filling memory with data ...

Verifying written memory ...
OK

Running Rowhammer attacks ...
read_count: 100000
  Iter 1 / 1 Rows = (117, 119), Count =  0.00M /  0.10M  
  Iter 1 / 1 Rows = (117, 119), Count =  0.10M /  0.10M  

Verifying attacked memory ...
OK

Preparing ...
WARNING: only single word patterns supported, using: 0xaaaaaaaa

Filling memory with data ...

Verifying written memory ...
OK

Running Rowhammer attacks ...
read_count: 100000
  Iter 1 / 1 Rows = (118, 120), Count =  0.00M /  0.10M  
  Iter 1 / 1 Rows = (118, 120), Count =  0.10M /  0.10M  

Verifying attacked memory ...
OK

Preparing ...
WARNING: only single word patterns supported, using: 0xaaaaaaaa

Filling memory with data ...

Verifying written memory ...
OK

Running Rowhammer attacks ...
read_count: 100000
  Iter 1 / 1 Rows = (119, 121), Count =  0.00M /  0.10M  
  Iter 1 / 1 Rows = (119, 121), Count =  0.10M /  0.10M  

Verifying attacked memory ...
OK

Preparing ...
WARNING: only single word patterns supported, using: 0xaaaaaaaa

Filling memory with data ...

Verifying written memory ...
OK

Running Rowhammer attacks ...
read_count: 100000
  Iter 1 / 1 Rows = (120, 122), Count =  0.00M /  0.10M  
  Iter 1 / 1 Rows = (120, 122), Count =  0.10M /  0.10M  

Verifying attacked memory ...
OK

Preparing ...
WARNING: only single word patterns supported, using: 0xaaaaaaaa

Filling memory with data ...

Verifying written memory ...
OK

Running Rowhammer attacks ...
read_count: 100000
  Iter 1 / 1 Rows = (121, 123), Count =  0.00M /  0.10M  
  Iter 1 / 1 Rows = (121, 123), Count =  0.10M /  0.10M  

Verifying attacked memory ...
OK

Preparing ...
WARNING: only single word patterns supported, using: 0xaaaaaaaa

Filling memory with data ...

Verifying written memory ...
OK

Running Rowhammer attacks ...
read_count: 100000
  Iter 1 / 1 Rows = (122, 124), Count =  0.00M /  0.10M  
  Iter 1 / 1 Rows = (122, 124), Count =  0.10M /  0.10M  

Verifying attacked memory ...
OK

Preparing ...
WARNING: only single word patterns supported, using: 0xaaaaaaaa

Filling memory with data ...

Verifying written memory ...
OK

Running Rowhammer attacks ...
read_count: 100000
  Iter 1 / 1 Rows = (123, 125), Count =  0.00M /  0.10M  
  Iter 1 / 1 Rows = (123, 125), Count =  0.10M /  0.10M  

Verifying attacked memory ...
OK

Preparing ...
WARNING: only single word patterns supported, using: 0xaaaaaaaa

Filling memory with data ...

Verifying written memory ...
OK

Running Rowhammer attacks ...
read_count: 100000
  Iter 1 / 1 Rows = (124, 126), Count =  0.00M /  0.10M  
  Iter 1 / 1 Rows = (124, 126), Count =  0.10M /  0.10M  

Verifying attacked memory ...
OK

Preparing ...
WARNING: only single word patterns supported, using: 0xaaaaaaaa

Filling memory with data ...

Verifying written memory ...
OK

Running Rowhammer attacks ...
read_count: 100000
  Iter 1 / 1 Rows = (125, 127), Count =  0.00M /  0.10M  
  Iter 1 / 1 Rows = (125, 127), Count =  0.10M /  0.10M  

Verifying attacked memory ...
OK

Preparing ...
WARNING: only single word patterns supported, using: 0xaaaaaaaa

Filling memory with data ...

Verifying written memory ...
OK

Running Rowhammer attacks ...
read_count: 100000
  Iter 1 / 1 Rows = (126, 128), Count =  0.00M /  0.10M  
  Iter 1 / 1 Rows = (126, 128), Count =  0.10M /  0.10M  

Verifying attacked memory ...
OK

Preparing ...
WARNING: only single word patterns supported, using: 0xaaaaaaaa

Filling memory with data ...

Verifying written memory ...
OK

Running Rowhammer attacks ...
read_count: 100000
  Iter 1 / 1 Rows = (127, 129), Count =  0.00M /  0.10M  
  Iter 1 / 1 Rows = (127, 129), Count =  0.10M /  0.10M  

Verifying attacked memory ...
OK

Preparing ...
WARNING: only single word patterns supported, using: 0xaaaaaaaa

Filling memory with data ...

Verifying written memory ...
OK

Running Rowhammer attacks ...
read_count: 100000
  Iter 1 / 1 Rows = (128, 130), Count =  0.00M /  0.10M  
  Iter 1 / 1 Rows = (128, 130), Count =  0.10M /  0.10M  

Verifying attacked memory ...
OK

Preparing ...
WARNING: only single word patterns supported, using: 0xaaaaaaaa

Filling memory with data ...

Verifying written memory ...
OK

Running Rowhammer attacks ...
read_count: 100000
  Iter 1 / 1 Rows = (129, 131), Count =  0.00M /  0.10M  
  Iter 1 / 1 Rows = (129, 131), Count =  0.10M /  0.10M  

Verifying attacked memory ...
OK

Preparing ...
WARNING: only single word patterns supported, using: 0xaaaaaaaa

Filling memory with data ...

Verifying written memory ...
OK

Running Rowhammer attacks ...
read_count: 100000
  Iter 1 / 1 Rows = (130, 132), Count =  0.00M /  0.10M  
  Iter 1 / 1 Rows = (130, 132), Count =  0.10M /  0.10M  

Verifying attacked memory ...
OK

Preparing ...
WARNING: only single word patterns supported, using: 0xaaaaaaaa

Filling memory with data ...

Verifying written memory ...
OK

Running Rowhammer attacks ...
read_count: 100000
  Iter 1 / 1 Rows = (131, 133), Count =  0.00M /  0.10M  
  Iter 1 / 1 Rows = (131, 133), Count =  0.10M /  0.10M  

Verifying attacked memory ...
OK

Preparing ...
WARNING: only single word patterns supported, using: 0xaaaaaaaa

Filling memory with data ...

Verifying written memory ...
OK

Running Rowhammer attacks ...
read_count: 100000
  Iter 1 / 1 Rows = (132, 134), Count =  0.01M /  0.10M  
  Iter 1 / 1 Rows = (132, 134), Count =  0.10M /  0.10M  

Verifying attacked memory ...
OK

Preparing ...
WARNING: only single word patterns supported, using: 0xaaaaaaaa

Filling memory with data ...

Verifying written memory ...
OK

Running Rowhammer attacks ...
read_count: 100000
  Iter 1 / 1 Rows = (133, 135), Count =  0.00M /  0.10M  
  Iter 1 / 1 Rows = (133, 135), Count =  0.10M /  0.10M  

Verifying attacked memory ...
OK

Preparing ...
WARNING: only single word patterns supported, using: 0xaaaaaaaa

Filling memory with data ...

Verifying written memory ...
OK

Running Rowhammer attacks ...
read_count: 100000
  Iter 1 / 1 Rows = (134, 136), Count =  0.00M /  0.10M  
  Iter 1 / 1 Rows = (134, 136), Count =  0.10M /  0.10M  

Verifying attacked memory ...
OK

Preparing ...
WARNING: only single word patterns supported, using: 0xaaaaaaaa

Filling memory with data ...

Verifying written memory ...
OK

Running Rowhammer attacks ...
read_count: 100000
  Iter 1 / 1 Rows = (135, 137), Count =  0.00M /  0.10M  
  Iter 1 / 1 Rows = (135, 137), Count =  0.10M /  0.10M  

Verifying attacked memory ...
OK

Preparing ...
WARNING: only single word patterns supported, using: 0xaaaaaaaa

Filling memory with data ...

Verifying written memory ...
OK

Running Rowhammer attacks ...
read_count: 100000
  Iter 1 / 1 Rows = (136, 138), Count =  0.00M /  0.10M  
  Iter 1 / 1 Rows = (136, 138), Count =  0.10M /  0.10M  

Verifying attacked memory ...
OK

Preparing ...
WARNING: only single word patterns supported, using: 0xaaaaaaaa

Filling memory with data ...

Verifying written memory ...
OK

Running Rowhammer attacks ...
read_count: 100000
  Iter 1 / 1 Rows = (137, 139), Count =  0.00M /  0.10M  
  Iter 1 / 1 Rows = (137, 139), Count =  0.10M /  0.10M  

Verifying attacked memory ...
OK

Preparing ...
WARNING: only single word patterns supported, using: 0xaaaaaaaa

Filling memory with data ...

Verifying written memory ...
OK

Running Rowhammer attacks ...
read_count: 100000
  Iter 1 / 1 Rows = (138, 140), Count =  0.00M /  0.10M  
  Iter 1 / 1 Rows = (138, 140), Count =  0.10M /  0.10M  

Verifying attacked memory ...
OK

Preparing ...
WARNING: only single word patterns supported, using: 0xaaaaaaaa

Filling memory with data ...

Verifying written memory ...
OK

Running Rowhammer attacks ...
read_count: 100000
  Iter 1 / 1 Rows = (139, 141), Count =  0.00M /  0.10M  
  Iter 1 / 1 Rows = (139, 141), Count =  0.10M /  0.10M  

Verifying attacked memory ...
OK

Preparing ...
WARNING: only single word patterns supported, using: 0xaaaaaaaa

Filling memory with data ...

Verifying written memory ...
OK

Running Rowhammer attacks ...
read_count: 100000
  Iter 1 / 1 Rows = (140, 142), Count =  0.00M /  0.10M  
  Iter 1 / 1 Rows = (140, 142), Count =  0.10M /  0.10M  

Verifying attacked memory ...
OK

Preparing ...
WARNING: only single word patterns supported, using: 0xaaaaaaaa

Filling memory with data ...

Verifying written memory ...
OK

Running Rowhammer attacks ...
read_count: 100000
  Iter 1 / 1 Rows = (141, 143), Count =  0.00M /  0.10M  
  Iter 1 / 1 Rows = (141, 143), Count =  0.10M /  0.10M  

Verifying attacked memory ...
OK

Preparing ...
WARNING: only single word patterns supported, using: 0xaaaaaaaa

Filling memory with data ...

Verifying written memory ...
OK

Running Rowhammer attacks ...
read_count: 100000
  Iter 1 / 1 Rows = (142, 144), Count =  0.00M /  0.10M  
  Iter 1 / 1 Rows = (142, 144), Count =  0.10M /  0.10M  

Verifying attacked memory ...
OK

Preparing ...
WARNING: only single word patterns supported, using: 0xaaaaaaaa

Filling memory with data ...

Verifying written memory ...
OK

Running Rowhammer attacks ...
read_count: 100000
  Iter 1 / 1 Rows = (143, 145), Count =  0.01M /  0.10M  
  Iter 1 / 1 Rows = (143, 145), Count =  0.10M /  0.10M  

Verifying attacked memory ...
OK

Preparing ...
WARNING: only single word patterns supported, using: 0xaaaaaaaa

Filling memory with data ...

Verifying written memory ...
OK

Running Rowhammer attacks ...
read_count: 100000
  Iter 1 / 1 Rows = (144, 146), Count =  0.00M /  0.10M  
  Iter 1 / 1 Rows = (144, 146), Count =  0.10M /  0.10M  

Verifying attacked memory ...
OK

Preparing ...
WARNING: only single word patterns supported, using: 0xaaaaaaaa

Filling memory with data ...

Verifying written memory ...
OK

Running Rowhammer attacks ...
read_count: 100000
  Iter 1 / 1 Rows = (145, 147), Count =  0.00M /  0.10M  
  Iter 1 / 1 Rows = (145, 147), Count =  0.10M /  0.10M  

Verifying attacked memory ...
OK

Preparing ...
WARNING: only single word patterns supported, using: 0xaaaaaaaa

Filling memory with data ...

Verifying written memory ...
OK

Running Rowhammer attacks ...
read_count: 100000
  Iter 1 / 1 Rows = (146, 148), Count =  0.00M /  0.10M  
  Iter 1 / 1 Rows = (146, 148), Count =  0.10M /  0.10M  

Verifying attacked memory ...
OK

Preparing ...
WARNING: only single word patterns supported, using: 0xaaaaaaaa

Filling memory with data ...

Verifying written memory ...
OK

Running Rowhammer attacks ...
read_count: 100000
  Iter 1 / 1 Rows = (147, 149), Count =  0.00M /  0.10M  
  Iter 1 / 1 Rows = (147, 149), Count =  0.10M /  0.10M  

Verifying attacked memory ...
OK

Preparing ...
WARNING: only single word patterns supported, using: 0xaaaaaaaa

Filling memory with data ...

Verifying written memory ...
OK

Running Rowhammer attacks ...
read_count: 100000
  Iter 1 / 1 Rows = (148, 150), Count =  0.00M /  0.10M  
  Iter 1 / 1 Rows = (148, 150), Count =  0.10M /  0.10M  

Verifying attacked memory ...
OK

Preparing ...
WARNING: only single word patterns supported, using: 0xaaaaaaaa

Filling memory with data ...

Verifying written memory ...
OK

Running Rowhammer attacks ...
read_count: 100000
  Iter 1 / 1 Rows = (149, 151), Count =  0.00M /  0.10M  
  Iter 1 / 1 Rows = (149, 151), Count =  0.10M /  0.10M  

Verifying attacked memory ...
OK

Preparing ...
WARNING: only single word patterns supported, using: 0xaaaaaaaa

Filling memory with data ...

Verifying written memory ...
OK

Running Rowhammer attacks ...
read_count: 100000
  Iter 1 / 1 Rows = (150, 152), Count =  0.00M /  0.10M  
  Iter 1 / 1 Rows = (150, 152), Count =  0.10M /  0.10M  

Verifying attacked memory ...
OK

Preparing ...
WARNING: only single word patterns supported, using: 0xaaaaaaaa

Filling memory with data ...

Verifying written memory ...
OK

Running Rowhammer attacks ...
read_count: 100000
  Iter 1 / 1 Rows = (151, 153), Count =  0.00M /  0.10M  
  Iter 1 / 1 Rows = (151, 153), Count =  0.10M /  0.10M  

Verifying attacked memory ...
OK

Preparing ...
WARNING: only single word patterns supported, using: 0xaaaaaaaa

Filling memory with data ...

Verifying written memory ...
OK

Running Rowhammer attacks ...
read_count: 100000
  Iter 1 / 1 Rows = (152, 154), Count =  0.00M /  0.10M  
  Iter 1 / 1 Rows = (152, 154), Count =  0.10M /  0.10M  

Verifying attacked memory ...
OK

Preparing ...
WARNING: only single word patterns supported, using: 0xaaaaaaaa

Filling memory with data ...

Verifying written memory ...
OK

Running Rowhammer attacks ...
read_count: 100000
  Iter 1 / 1 Rows = (153, 155), Count =  0.00M /  0.10M  
  Iter 1 / 1 Rows = (153, 155), Count =  0.10M /  0.10M  

Verifying attacked memory ...
OK

Preparing ...
WARNING: only single word patterns supported, using: 0xaaaaaaaa

Filling memory with data ...

Verifying written memory ...
OK

Running Rowhammer attacks ...
read_count: 100000
  Iter 1 / 1 Rows = (154, 156), Count =  0.00M /  0.10M  
  Iter 1 / 1 Rows = (154, 156), Count =  0.10M /  0.10M  

Verifying attacked memory ...
OK

Preparing ...
WARNING: only single word patterns supported, using: 0xaaaaaaaa

Filling memory with data ...

Verifying written memory ...
OK

Running Rowhammer attacks ...
read_count: 100000
  Iter 1 / 1 Rows = (155, 157), Count =  0.00M /  0.10M  
  Iter 1 / 1 Rows = (155, 157), Count =  0.10M /  0.10M  

Verifying attacked memory ...
OK

Preparing ...
WARNING: only single word patterns supported, using: 0xaaaaaaaa

Filling memory with data ...

Verifying written memory ...
OK

Running Rowhammer attacks ...
read_count: 100000
  Iter 1 / 1 Rows = (156, 158), Count =  0.00M /  0.10M  
  Iter 1 / 1 Rows = (156, 158), Count =  0.10M /  0.10M  

Verifying attacked memory ...
OK

Preparing ...
WARNING: only single word patterns supported, using: 0xaaaaaaaa

Filling memory with data ...

Verifying written memory ...
OK

Running Rowhammer attacks ...
read_count: 100000
  Iter 1 / 1 Rows = (157, 159), Count =  0.00M /  0.10M  
  Iter 1 / 1 Rows = (157, 159), Count =  0.10M /  0.10M  

Verifying attacked memory ...
OK

Preparing ...
WARNING: only single word patterns supported, using: 0xaaaaaaaa

Filling memory with data ...

Verifying written memory ...
OK

Running Rowhammer attacks ...
read_count: 100000
  Iter 1 / 1 Rows = (158, 160), Count =  0.00M /  0.10M  
  Iter 1 / 1 Rows = (158, 160), Count =  0.10M /  0.10M  

Verifying attacked memory ...
OK

Preparing ...
WARNING: only single word patterns supported, using: 0xaaaaaaaa

Filling memory with data ...

Verifying written memory ...
OK

Running Rowhammer attacks ...
read_count: 100000
  Iter 1 / 1 Rows = (159, 161), Count =  0.00M /  0.10M  
  Iter 1 / 1 Rows = (159, 161), Count =  0.10M /  0.10M  

Verifying attacked memory ...
OK

Preparing ...
WARNING: only single word patterns supported, using: 0xaaaaaaaa

Filling memory with data ...

Verifying written memory ...
OK

Running Rowhammer attacks ...
read_count: 100000
  Iter 1 / 1 Rows = (160, 162), Count =  0.00M /  0.10M  
  Iter 1 / 1 Rows = (160, 162), Count =  0.10M /  0.10M  

Verifying attacked memory ...
OK

Preparing ...
WARNING: only single word patterns supported, using: 0xaaaaaaaa

Filling memory with data ...

Verifying written memory ...
OK

Running Rowhammer attacks ...
read_count: 100000
  Iter 1 / 1 Rows = (161, 163), Count =  0.00M /  0.10M  
  Iter 1 / 1 Rows = (161, 163), Count =  0.10M /  0.10M  

Verifying attacked memory ...
OK

Preparing ...
WARNING: only single word patterns supported, using: 0xaaaaaaaa

Filling memory with data ...

Verifying written memory ...
OK

Running Rowhammer attacks ...
read_count: 100000
  Iter 1 / 1 Rows = (162, 164), Count =  0.00M /  0.10M  
  Iter 1 / 1 Rows = (162, 164), Count =  0.10M /  0.10M  

Verifying attacked memory ...
OK

Preparing ...
WARNING: only single word patterns supported, using: 0xaaaaaaaa

Filling memory with data ...

Verifying written memory ...
OK

Running Rowhammer attacks ...
read_count: 100000
  Iter 1 / 1 Rows = (163, 165), Count =  0.00M /  0.10M  
  Iter 1 / 1 Rows = (163, 165), Count =  0.10M /  0.10M  

Verifying attacked memory ...
OK

Preparing ...
WARNING: only single word patterns supported, using: 0xaaaaaaaa

Filling memory with data ...

Verifying written memory ...
OK

Running Rowhammer attacks ...
read_count: 100000
  Iter 1 / 1 Rows = (164, 166), Count =  0.00M /  0.10M  
  Iter 1 / 1 Rows = (164, 166), Count =  0.10M /  0.10M  

Verifying attacked memory ...
OK

Preparing ...
WARNING: only single word patterns supported, using: 0xaaaaaaaa

Filling memory with data ...

Verifying written memory ...
OK

Running Rowhammer attacks ...
read_count: 100000
  Iter 1 / 1 Rows = (165, 167), Count =  0.00M /  0.10M  
  Iter 1 / 1 Rows = (165, 167), Count =  0.10M /  0.10M  

Verifying attacked memory ...
OK

Preparing ...
WARNING: only single word patterns supported, using: 0xaaaaaaaa

Filling memory with data ...

Verifying written memory ...
OK

Running Rowhammer attacks ...
read_count: 100000
  Iter 1 / 1 Rows = (166, 168), Count =  0.00M /  0.10M  
  Iter 1 / 1 Rows = (166, 168), Count =  0.10M /  0.10M  

Verifying attacked memory ...
OK

Preparing ...
WARNING: only single word patterns supported, using: 0xaaaaaaaa

Filling memory with data ...

Verifying written memory ...
OK

Running Rowhammer attacks ...
read_count: 100000
  Iter 1 / 1 Rows = (167, 169), Count =  0.00M /  0.10M  
  Iter 1 / 1 Rows = (167, 169), Count =  0.10M /  0.10M  

Verifying attacked memory ...
OK

Preparing ...
WARNING: only single word patterns supported, using: 0xaaaaaaaa

Filling memory with data ...

Verifying written memory ...
OK

Running Rowhammer attacks ...
read_count: 100000
  Iter 1 / 1 Rows = (168, 170), Count =  0.00M /  0.10M  
  Iter 1 / 1 Rows = (168, 170), Count =  0.10M /  0.10M  

Verifying attacked memory ...
OK

Preparing ...
WARNING: only single word patterns supported, using: 0xaaaaaaaa

Filling memory with data ...

Verifying written memory ...
OK

Running Rowhammer attacks ...
read_count: 100000
  Iter 1 / 1 Rows = (169, 171), Count =  0.00M /  0.10M  
  Iter 1 / 1 Rows = (169, 171), Count =  0.10M /  0.10M  

Verifying attacked memory ...
OK

Preparing ...
WARNING: only single word patterns supported, using: 0xaaaaaaaa

Filling memory with data ...

Verifying written memory ...
OK

Running Rowhammer attacks ...
read_count: 100000
  Iter 1 / 1 Rows = (170, 172), Count =  0.00M /  0.10M  
  Iter 1 / 1 Rows = (170, 172), Count =  0.10M /  0.10M  

Verifying attacked memory ...
OK

Preparing ...
WARNING: only single word patterns supported, using: 0xaaaaaaaa

Filling memory with data ...

Verifying written memory ...
OK

Running Rowhammer attacks ...
read_count: 100000
  Iter 1 / 1 Rows = (171, 173), Count =  0.00M /  0.10M  
  Iter 1 / 1 Rows = (171, 173), Count =  0.10M /  0.10M  

Verifying attacked memory ...
OK

Preparing ...
WARNING: only single word patterns supported, using: 0xaaaaaaaa

Filling memory with data ...

Verifying written memory ...
OK

Running Rowhammer attacks ...
read_count: 100000
  Iter 1 / 1 Rows = (172, 174), Count =  0.00M /  0.10M  
  Iter 1 / 1 Rows = (172, 174), Count =  0.10M /  0.10M  

Verifying attacked memory ...
OK

Preparing ...
WARNING: only single word patterns supported, using: 0xaaaaaaaa

Filling memory with data ...

Verifying written memory ...
OK

Running Rowhammer attacks ...
read_count: 100000
  Iter 1 / 1 Rows = (173, 175), Count =  0.00M /  0.10M  
  Iter 1 / 1 Rows = (173, 175), Count =  0.10M /  0.10M  

Verifying attacked memory ...
OK

Preparing ...
WARNING: only single word patterns supported, using: 0xaaaaaaaa

Filling memory with data ...

Verifying written memory ...
OK

Running Rowhammer attacks ...
read_count: 100000
  Iter 1 / 1 Rows = (174, 176), Count =  0.00M /  0.10M  
  Iter 1 / 1 Rows = (174, 176), Count =  0.10M /  0.10M  

Verifying attacked memory ...
OK

Preparing ...
WARNING: only single word patterns supported, using: 0xaaaaaaaa

Filling memory with data ...

Verifying written memory ...
OK

Running Rowhammer attacks ...
read_count: 100000
  Iter 1 / 1 Rows = (175, 177), Count =  0.00M /  0.10M  
  Iter 1 / 1 Rows = (175, 177), Count =  0.10M /  0.10M  

Verifying attacked memory ...
OK

Preparing ...
WARNING: only single word patterns supported, using: 0xaaaaaaaa

Filling memory with data ...

Verifying written memory ...
OK

Running Rowhammer attacks ...
read_count: 100000
  Iter 1 / 1 Rows = (176, 178), Count =  0.00M /  0.10M  
  Iter 1 / 1 Rows = (176, 178), Count =  0.10M /  0.10M  

Verifying attacked memory ...
OK

Preparing ...
WARNING: only single word patterns supported, using: 0xaaaaaaaa

Filling memory with data ...

Verifying written memory ...
OK

Running Rowhammer attacks ...
read_count: 100000
  Iter 1 / 1 Rows = (177, 179), Count =  0.00M /  0.10M  
  Iter 1 / 1 Rows = (177, 179), Count =  0.10M /  0.10M  

Verifying attacked memory ...
OK

Preparing ...
WARNING: only single word patterns supported, using: 0xaaaaaaaa

Filling memory with data ...

Verifying written memory ...
OK

Running Rowhammer attacks ...
read_count: 100000
  Iter 1 / 1 Rows = (178, 180), Count =  0.00M /  0.10M  
  Iter 1 / 1 Rows = (178, 180), Count =  0.10M /  0.10M  

Verifying attacked memory ...
OK

Preparing ...
WARNING: only single word patterns supported, using: 0xaaaaaaaa

Filling memory with data ...

Verifying written memory ...
OK

Running Rowhammer attacks ...
read_count: 100000
  Iter 1 / 1 Rows = (179, 181), Count =  0.00M /  0.10M  
  Iter 1 / 1 Rows = (179, 181), Count =  0.10M /  0.10M  

Verifying attacked memory ...
OK

Preparing ...
WARNING: only single word patterns supported, using: 0xaaaaaaaa

Filling memory with data ...

Verifying written memory ...
OK

Running Rowhammer attacks ...
read_count: 100000
  Iter 1 / 1 Rows = (180, 182), Count =  0.00M /  0.10M  
  Iter 1 / 1 Rows = (180, 182), Count =  0.10M /  0.10M  

Verifying attacked memory ...
OK

Preparing ...
WARNING: only single word patterns supported, using: 0xaaaaaaaa

Filling memory with data ...

Verifying written memory ...
OK

Running Rowhammer attacks ...
read_count: 100000
  Iter 1 / 1 Rows = (181, 183), Count =  0.00M /  0.10M  
  Iter 1 / 1 Rows = (181, 183), Count =  0.10M /  0.10M  

Verifying attacked memory ...
OK

Preparing ...
WARNING: only single word patterns supported, using: 0xaaaaaaaa

Filling memory with data ...

Verifying written memory ...
OK

Running Rowhammer attacks ...
read_count: 100000
  Iter 1 / 1 Rows = (182, 184), Count =  0.00M /  0.10M  
  Iter 1 / 1 Rows = (182, 184), Count =  0.10M /  0.10M  

Verifying attacked memory ...
OK

Preparing ...
WARNING: only single word patterns supported, using: 0xaaaaaaaa

Filling memory with data ...

Verifying written memory ...
OK

Running Rowhammer attacks ...
read_count: 100000
  Iter 1 / 1 Rows = (183, 185), Count =  0.00M /  0.10M  
  Iter 1 / 1 Rows = (183, 185), Count =  0.10M /  0.10M  

Verifying attacked memory ...
OK

Preparing ...
WARNING: only single word patterns supported, using: 0xaaaaaaaa

Filling memory with data ...

Verifying written memory ...
OK

Running Rowhammer attacks ...
read_count: 100000
  Iter 1 / 1 Rows = (184, 186), Count =  0.00M /  0.10M  
  Iter 1 / 1 Rows = (184, 186), Count =  0.10M /  0.10M  

Verifying attacked memory ...
OK

Preparing ...
WARNING: only single word patterns supported, using: 0xaaaaaaaa

Filling memory with data ...

Verifying written memory ...
OK

Running Rowhammer attacks ...
read_count: 100000
  Iter 1 / 1 Rows = (185, 187), Count =  0.00M /  0.10M  
  Iter 1 / 1 Rows = (185, 187), Count =  0.10M /  0.10M  

Verifying attacked memory ...
OK

Preparing ...
WARNING: only single word patterns supported, using: 0xaaaaaaaa

Filling memory with data ...

Verifying written memory ...
OK

Running Rowhammer attacks ...
read_count: 100000
  Iter 1 / 1 Rows = (186, 188), Count =  0.00M /  0.10M  
  Iter 1 / 1 Rows = (186, 188), Count =  0.10M /  0.10M  

Verifying attacked memory ...
OK

Preparing ...
WARNING: only single word patterns supported, using: 0xaaaaaaaa

Filling memory with data ...

Verifying written memory ...
OK

Running Rowhammer attacks ...
read_count: 100000
  Iter 1 / 1 Rows = (187, 189), Count =  0.00M /  0.10M  
  Iter 1 / 1 Rows = (187, 189), Count =  0.10M /  0.10M  

Verifying attacked memory ...
OK

Preparing ...
WARNING: only single word patterns supported, using: 0xaaaaaaaa

Filling memory with data ...

Verifying written memory ...
OK

Running Rowhammer attacks ...
read_count: 100000
  Iter 1 / 1 Rows = (188, 190), Count =  0.00M /  0.10M  
  Iter 1 / 1 Rows = (188, 190), Count =  0.10M /  0.10M  

Verifying attacked memory ...
OK

Preparing ...
WARNING: only single word patterns supported, using: 0xaaaaaaaa

Filling memory with data ...

Verifying written memory ...
OK

Running Rowhammer attacks ...
read_count: 100000
  Iter 1 / 1 Rows = (189, 191), Count =  0.00M /  0.10M  
  Iter 1 / 1 Rows = (189, 191), Count =  0.10M /  0.10M  

Verifying attacked memory ...
OK

Preparing ...
WARNING: only single word patterns supported, using: 0xaaaaaaaa

Filling memory with data ...

Verifying written memory ...
OK

Running Rowhammer attacks ...
read_count: 100000
  Iter 1 / 1 Rows = (190, 192), Count =  0.00M /  0.10M  
  Iter 1 / 1 Rows = (190, 192), Count =  0.10M /  0.10M  

Verifying attacked memory ...
OK

Preparing ...
WARNING: only single word patterns supported, using: 0xaaaaaaaa

Filling memory with data ...

Verifying written memory ...
OK

Running Rowhammer attacks ...
read_count: 100000
  Iter 1 / 1 Rows = (191, 193), Count =  0.00M /  0.10M  
  Iter 1 / 1 Rows = (191, 193), Count =  0.10M /  0.10M  

Verifying attacked memory ...
OK

Preparing ...
WARNING: only single word patterns supported, using: 0xaaaaaaaa

Filling memory with data ...

Verifying written memory ...
OK

Running Rowhammer attacks ...
read_count: 100000
  Iter 1 / 1 Rows = (192, 194), Count =  0.00M /  0.10M  
  Iter 1 / 1 Rows = (192, 194), Count =  0.10M /  0.10M  

Verifying attacked memory ...
OK

Preparing ...
WARNING: only single word patterns supported, using: 0xaaaaaaaa

Filling memory with data ...

Verifying written memory ...
OK

Running Rowhammer attacks ...
read_count: 100000
  Iter 1 / 1 Rows = (193, 195), Count =  0.00M /  0.10M  
  Iter 1 / 1 Rows = (193, 195), Count =  0.10M /  0.10M  

Verifying attacked memory ...
OK

Preparing ...
WARNING: only single word patterns supported, using: 0xaaaaaaaa

Filling memory with data ...

Verifying written memory ...
OK

Running Rowhammer attacks ...
read_count: 100000
  Iter 1 / 1 Rows = (194, 196), Count =  0.00M /  0.10M  
  Iter 1 / 1 Rows = (194, 196), Count =  0.10M /  0.10M  

Verifying attacked memory ...
OK

Preparing ...
WARNING: only single word patterns supported, using: 0xaaaaaaaa

Filling memory with data ...

Verifying written memory ...
OK

Running Rowhammer attacks ...
read_count: 100000
  Iter 1 / 1 Rows = (195, 197), Count =  0.00M /  0.10M  
  Iter 1 / 1 Rows = (195, 197), Count =  0.10M /  0.10M  

Verifying attacked memory ...
OK

Preparing ...
WARNING: only single word patterns supported, using: 0xaaaaaaaa

Filling memory with data ...

Verifying written memory ...
OK

Running Rowhammer attacks ...
read_count: 100000
  Iter 1 / 1 Rows = (196, 198), Count =  0.00M /  0.10M  
  Iter 1 / 1 Rows = (196, 198), Count =  0.10M /  0.10M  

Verifying attacked memory ...
OK

Preparing ...
WARNING: only single word patterns supported, using: 0xaaaaaaaa

Filling memory with data ...

Verifying written memory ...
OK

Running Rowhammer attacks ...
read_count: 100000
  Iter 1 / 1 Rows = (197, 199), Count =  0.00M /  0.10M  
  Iter 1 / 1 Rows = (197, 199), Count =  0.10M /  0.10M  

Verifying attacked memory ...
OK

Preparing ...
WARNING: only single word patterns supported, using: 0xaaaaaaaa

Filling memory with data ...

Verifying written memory ...
OK

Running Rowhammer attacks ...
read_count: 100000
  Iter 1 / 1 Rows = (198, 200), Count =  0.00M /  0.10M  
  Iter 1 / 1 Rows = (198, 200), Count =  0.10M /  0.10M  

Verifying attacked memory ...
OK

Preparing ...
WARNING: only single word patterns supported, using: 0xaaaaaaaa

Filling memory with data ...

Verifying written memory ...
OK

Running Rowhammer attacks ...
read_count: 100000
  Iter 1 / 1 Rows = (199, 201), Count =  0.00M /  0.10M  
  Iter 1 / 1 Rows = (199, 201), Count =  0.10M /  0.10M  

Verifying attacked memory ...
OK

Preparing ...
WARNING: only single word patterns supported, using: 0xaaaaaaaa

Filling memory with data ...

Verifying written memory ...
OK

Running Rowhammer attacks ...
read_count: 100000
  Iter 1 / 1 Rows = (200, 202), Count =  0.00M /  0.10M  
  Iter 1 / 1 Rows = (200, 202), Count =  0.10M /  0.10M  

Verifying attacked memory ...
OK

Preparing ...
WARNING: only single word patterns supported, using: 0xaaaaaaaa

Filling memory with data ...

Verifying written memory ...
OK

Running Rowhammer attacks ...
read_count: 100000
  Iter 1 / 1 Rows = (201, 203), Count =  0.00M /  0.10M  
  Iter 1 / 1 Rows = (201, 203), Count =  0.10M /  0.10M  

Verifying attacked memory ...
OK

Preparing ...
WARNING: only single word patterns supported, using: 0xaaaaaaaa

Filling memory with data ...

Verifying written memory ...
OK

Running Rowhammer attacks ...
read_count: 100000
  Iter 1 / 1 Rows = (202, 204), Count =  0.00M /  0.10M  
  Iter 1 / 1 Rows = (202, 204), Count =  0.10M /  0.10M  

Verifying attacked memory ...
OK

Preparing ...
WARNING: only single word patterns supported, using: 0xaaaaaaaa

Filling memory with data ...

Verifying written memory ...
OK

Running Rowhammer attacks ...
read_count: 100000
  Iter 1 / 1 Rows = (203, 205), Count =  0.00M /  0.10M  
  Iter 1 / 1 Rows = (203, 205), Count =  0.10M /  0.10M  

Verifying attacked memory ...
OK

Preparing ...
WARNING: only single word patterns supported, using: 0xaaaaaaaa

Filling memory with data ...

Verifying written memory ...
OK

Running Rowhammer attacks ...
read_count: 100000
  Iter 1 / 1 Rows = (204, 206), Count =  0.00M /  0.10M  
  Iter 1 / 1 Rows = (204, 206), Count =  0.10M /  0.10M  

Verifying attacked memory ...
OK

Preparing ...
WARNING: only single word patterns supported, using: 0xaaaaaaaa

Filling memory with data ...

Verifying written memory ...
OK

Running Rowhammer attacks ...
read_count: 100000
  Iter 1 / 1 Rows = (205, 207), Count =  0.00M /  0.10M  
  Iter 1 / 1 Rows = (205, 207), Count =  0.10M /  0.10M  

Verifying attacked memory ...
OK

Preparing ...
WARNING: only single word patterns supported, using: 0xaaaaaaaa

Filling memory with data ...

Verifying written memory ...
OK

Running Rowhammer attacks ...
read_count: 100000
  Iter 1 / 1 Rows = (206, 208), Count =  0.00M /  0.10M  
  Iter 1 / 1 Rows = (206, 208), Count =  0.10M /  0.10M  

Verifying attacked memory ...
OK

Preparing ...
WARNING: only single word patterns supported, using: 0xaaaaaaaa

Filling memory with data ...

Verifying written memory ...
OK

Running Rowhammer attacks ...
read_count: 100000
  Iter 1 / 1 Rows = (207, 209), Count =  0.00M /  0.10M  
  Iter 1 / 1 Rows = (207, 209), Count =  0.10M /  0.10M  

Verifying attacked memory ...
OK

Preparing ...
WARNING: only single word patterns supported, using: 0xaaaaaaaa

Filling memory with data ...

Verifying written memory ...
OK

Running Rowhammer attacks ...
read_count: 100000
  Iter 1 / 1 Rows = (208, 210), Count =  0.00M /  0.10M  
  Iter 1 / 1 Rows = (208, 210), Count =  0.10M /  0.10M  

Verifying attacked memory ...
OK

Preparing ...
WARNING: only single word patterns supported, using: 0xaaaaaaaa

Filling memory with data ...

Verifying written memory ...
OK

Running Rowhammer attacks ...
read_count: 100000
  Iter 1 / 1 Rows = (209, 211), Count =  0.00M /  0.10M  
  Iter 1 / 1 Rows = (209, 211), Count =  0.10M /  0.10M  

Verifying attacked memory ...
OK

Preparing ...
WARNING: only single word patterns supported, using: 0xaaaaaaaa

Filling memory with data ...

Verifying written memory ...
OK

Running Rowhammer attacks ...
read_count: 100000
  Iter 1 / 1 Rows = (210, 212), Count =  0.00M /  0.10M  
  Iter 1 / 1 Rows = (210, 212), Count =  0.10M /  0.10M  

Verifying attacked memory ...
OK

Preparing ...
WARNING: only single word patterns supported, using: 0xaaaaaaaa

Filling memory with data ...

Verifying written memory ...
OK

Running Rowhammer attacks ...
read_count: 100000
  Iter 1 / 1 Rows = (211, 213), Count =  0.00M /  0.10M  
  Iter 1 / 1 Rows = (211, 213), Count =  0.10M /  0.10M  

Verifying attacked memory ...
OK

Preparing ...
WARNING: only single word patterns supported, using: 0xaaaaaaaa

Filling memory with data ...

Verifying written memory ...
OK

Running Rowhammer attacks ...
read_count: 100000
  Iter 1 / 1 Rows = (212, 214), Count =  0.00M /  0.10M  
  Iter 1 / 1 Rows = (212, 214), Count =  0.10M /  0.10M  

Verifying attacked memory ...
OK

Preparing ...
WARNING: only single word patterns supported, using: 0xaaaaaaaa

Filling memory with data ...

Verifying written memory ...
OK

Running Rowhammer attacks ...
read_count: 100000
  Iter 1 / 1 Rows = (213, 215), Count =  0.00M /  0.10M  
  Iter 1 / 1 Rows = (213, 215), Count =  0.10M /  0.10M  

Verifying attacked memory ...
OK

Preparing ...
WARNING: only single word patterns supported, using: 0xaaaaaaaa

Filling memory with data ...

Verifying written memory ...
OK

Running Rowhammer attacks ...
read_count: 100000
  Iter 1 / 1 Rows = (214, 216), Count =  0.00M /  0.10M  
  Iter 1 / 1 Rows = (214, 216), Count =  0.10M /  0.10M  

Verifying attacked memory ...
OK

Preparing ...
WARNING: only single word patterns supported, using: 0xaaaaaaaa

Filling memory with data ...

Verifying written memory ...
OK

Running Rowhammer attacks ...
read_count: 100000
  Iter 1 / 1 Rows = (215, 217), Count =  0.00M /  0.10M  
  Iter 1 / 1 Rows = (215, 217), Count =  0.10M /  0.10M  

Verifying attacked memory ...
OK

Preparing ...
WARNING: only single word patterns supported, using: 0xaaaaaaaa

Filling memory with data ...

Verifying written memory ...
OK

Running Rowhammer attacks ...
read_count: 100000
  Iter 1 / 1 Rows = (216, 218), Count =  0.00M /  0.10M  
  Iter 1 / 1 Rows = (216, 218), Count =  0.10M /  0.10M  

Verifying attacked memory ...
OK

Preparing ...
WARNING: only single word patterns supported, using: 0xaaaaaaaa

Filling memory with data ...

Verifying written memory ...
OK

Running Rowhammer attacks ...
read_count: 100000
  Iter 1 / 1 Rows = (217, 219), Count =  0.00M /  0.10M  
  Iter 1 / 1 Rows = (217, 219), Count =  0.10M /  0.10M  

Verifying attacked memory ...
OK

Preparing ...
WARNING: only single word patterns supported, using: 0xaaaaaaaa

Filling memory with data ...

Verifying written memory ...
OK

Running Rowhammer attacks ...
read_count: 100000
  Iter 1 / 1 Rows = (218, 220), Count =  0.00M /  0.10M  
  Iter 1 / 1 Rows = (218, 220), Count =  0.10M /  0.10M  

Verifying attacked memory ...
OK

Preparing ...
WARNING: only single word patterns supported, using: 0xaaaaaaaa

Filling memory with data ...

Verifying written memory ...
OK

Running Rowhammer attacks ...
read_count: 100000
  Iter 1 / 1 Rows = (219, 221), Count =  0.00M /  0.10M  
  Iter 1 / 1 Rows = (219, 221), Count =  0.10M /  0.10M  

Verifying attacked memory ...
OK

Preparing ...
WARNING: only single word patterns supported, using: 0xaaaaaaaa

Filling memory with data ...

Verifying written memory ...
OK

Running Rowhammer attacks ...
read_count: 100000
  Iter 1 / 1 Rows = (220, 222), Count =  0.00M /  0.10M  
  Iter 1 / 1 Rows = (220, 222), Count =  0.10M /  0.10M  

Verifying attacked memory ...
OK

Preparing ...
WARNING: only single word patterns supported, using: 0xaaaaaaaa

Filling memory with data ...

Verifying written memory ...
OK

Running Rowhammer attacks ...
read_count: 100000
  Iter 1 / 1 Rows = (221, 223), Count =  0.00M /  0.10M  
  Iter 1 / 1 Rows = (221, 223), Count =  0.10M /  0.10M  

Verifying attacked memory ...
OK

Preparing ...
WARNING: only single word patterns supported, using: 0xaaaaaaaa

Filling memory with data ...

Verifying written memory ...
OK

Running Rowhammer attacks ...
read_count: 100000
  Iter 1 / 1 Rows = (222, 224), Count =  0.00M /  0.10M  
  Iter 1 / 1 Rows = (222, 224), Count =  0.10M /  0.10M  

Verifying attacked memory ...
OK

Preparing ...
WARNING: only single word patterns supported, using: 0xaaaaaaaa

Filling memory with data ...

Verifying written memory ...
OK

Running Rowhammer attacks ...
read_count: 100000
  Iter 1 / 1 Rows = (223, 225), Count =  0.00M /  0.10M  
  Iter 1 / 1 Rows = (223, 225), Count =  0.10M /  0.10M  

Verifying attacked memory ...
OK

Preparing ...
WARNING: only single word patterns supported, using: 0xaaaaaaaa

Filling memory with data ...

Verifying written memory ...
OK

Running Rowhammer attacks ...
read_count: 100000
  Iter 1 / 1 Rows = (224, 226), Count =  0.00M /  0.10M  
  Iter 1 / 1 Rows = (224, 226), Count =  0.10M /  0.10M  

Verifying attacked memory ...
OK

Preparing ...
WARNING: only single word patterns supported, using: 0xaaaaaaaa

Filling memory with data ...

Verifying written memory ...
OK

Running Rowhammer attacks ...
read_count: 100000
  Iter 1 / 1 Rows = (225, 227), Count =  0.00M /  0.10M  
  Iter 1 / 1 Rows = (225, 227), Count =  0.10M /  0.10M  

Verifying attacked memory ...
OK

Preparing ...
WARNING: only single word patterns supported, using: 0xaaaaaaaa

Filling memory with data ...

Verifying written memory ...
OK

Running Rowhammer attacks ...
read_count: 100000
  Iter 1 / 1 Rows = (226, 228), Count =  0.00M /  0.10M  
  Iter 1 / 1 Rows = (226, 228), Count =  0.10M /  0.10M  

Verifying attacked memory ...
OK

Preparing ...
WARNING: only single word patterns supported, using: 0xaaaaaaaa

Filling memory with data ...

Verifying written memory ...
OK

Running Rowhammer attacks ...
read_count: 100000
  Iter 1 / 1 Rows = (227, 229), Count =  0.00M /  0.10M  
  Iter 1 / 1 Rows = (227, 229), Count =  0.10M /  0.10M  

Verifying attacked memory ...
OK

Preparing ...
WARNING: only single word patterns supported, using: 0xaaaaaaaa

Filling memory with data ...

Verifying written memory ...
OK

Running Rowhammer attacks ...
read_count: 100000
  Iter 1 / 1 Rows = (228, 230), Count =  0.00M /  0.10M  
  Iter 1 / 1 Rows = (228, 230), Count =  0.10M /  0.10M  

Verifying attacked memory ...
OK

Preparing ...
WARNING: only single word patterns supported, using: 0xaaaaaaaa

Filling memory with data ...

Verifying written memory ...
OK

Running Rowhammer attacks ...
read_count: 100000
  Iter 1 / 1 Rows = (229, 231), Count =  0.00M /  0.10M  
  Iter 1 / 1 Rows = (229, 231), Count =  0.10M /  0.10M  

Verifying attacked memory ...
OK

Preparing ...
WARNING: only single word patterns supported, using: 0xaaaaaaaa

Filling memory with data ...

Verifying written memory ...
OK

Running Rowhammer attacks ...
read_count: 100000
  Iter 1 / 1 Rows = (230, 232), Count =  0.00M /  0.10M  
  Iter 1 / 1 Rows = (230, 232), Count =  0.10M /  0.10M  

Verifying attacked memory ...
OK

Preparing ...
WARNING: only single word patterns supported, using: 0xaaaaaaaa

Filling memory with data ...

Verifying written memory ...
OK

Running Rowhammer attacks ...
read_count: 100000
  Iter 1 / 1 Rows = (231, 233), Count =  0.00M /  0.10M  
  Iter 1 / 1 Rows = (231, 233), Count =  0.10M /  0.10M  

Verifying attacked memory ...
OK

Preparing ...
WARNING: only single word patterns supported, using: 0xaaaaaaaa

Filling memory with data ...

Verifying written memory ...
OK

Running Rowhammer attacks ...
read_count: 100000
  Iter 1 / 1 Rows = (232, 234), Count =  0.00M /  0.10M  
  Iter 1 / 1 Rows = (232, 234), Count =  0.10M /  0.10M  

Verifying attacked memory ...
OK

Preparing ...
WARNING: only single word patterns supported, using: 0xaaaaaaaa

Filling memory with data ...

Verifying written memory ...
OK

Running Rowhammer attacks ...
read_count: 100000
  Iter 1 / 1 Rows = (233, 235), Count =  0.00M /  0.10M  
  Iter 1 / 1 Rows = (233, 235), Count =  0.10M /  0.10M  

Verifying attacked memory ...
OK

Preparing ...
WARNING: only single word patterns supported, using: 0xaaaaaaaa

Filling memory with data ...

Verifying written memory ...
OK

Running Rowhammer attacks ...
read_count: 100000
  Iter 1 / 1 Rows = (234, 236), Count =  0.00M /  0.10M  
  Iter 1 / 1 Rows = (234, 236), Count =  0.10M /  0.10M  

Verifying attacked memory ...
OK

Preparing ...
WARNING: only single word patterns supported, using: 0xaaaaaaaa

Filling memory with data ...

Verifying written memory ...
OK

Running Rowhammer attacks ...
read_count: 100000
  Iter 1 / 1 Rows = (235, 237), Count =  0.00M /  0.10M  
  Iter 1 / 1 Rows = (235, 237), Count =  0.10M /  0.10M  

Verifying attacked memory ...
OK

Preparing ...
WARNING: only single word patterns supported, using: 0xaaaaaaaa

Filling memory with data ...

Verifying written memory ...
OK

Running Rowhammer attacks ...
read_count: 100000
  Iter 1 / 1 Rows = (236, 238), Count =  0.00M /  0.10M  
  Iter 1 / 1 Rows = (236, 238), Count =  0.10M /  0.10M  

Verifying attacked memory ...
OK

Preparing ...
WARNING: only single word patterns supported, using: 0xaaaaaaaa

Filling memory with data ...

Verifying written memory ...
OK

Running Rowhammer attacks ...
read_count: 100000
  Iter 1 / 1 Rows = (237, 239), Count =  0.00M /  0.10M  
  Iter 1 / 1 Rows = (237, 239), Count =  0.10M /  0.10M  

Verifying attacked memory ...
OK

Preparing ...
WARNING: only single word patterns supported, using: 0xaaaaaaaa

Filling memory with data ...

Verifying written memory ...
OK

Running Rowhammer attacks ...
read_count: 100000
  Iter 1 / 1 Rows = (238, 240), Count =  0.00M /  0.10M  
  Iter 1 / 1 Rows = (238, 240), Count =  0.10M /  0.10M  

Verifying attacked memory ...
OK

Preparing ...
WARNING: only single word patterns supported, using: 0xaaaaaaaa

Filling memory with data ...

Verifying written memory ...
OK

Running Rowhammer attacks ...
read_count: 100000
  Iter 1 / 1 Rows = (239, 241), Count =  0.00M /  0.10M  
  Iter 1 / 1 Rows = (239, 241), Count =  0.10M /  0.10M  

Verifying attacked memory ...
OK

Preparing ...
WARNING: only single word patterns supported, using: 0xaaaaaaaa

Filling memory with data ...

Verifying written memory ...
OK

Running Rowhammer attacks ...
read_count: 100000
  Iter 1 / 1 Rows = (240, 242), Count =  0.00M /  0.10M  
  Iter 1 / 1 Rows = (240, 242), Count =  0.10M /  0.10M  

Verifying attacked memory ...
OK

Preparing ...
WARNING: only single word patterns supported, using: 0xaaaaaaaa

Filling memory with data ...

Verifying written memory ...
OK

Running Rowhammer attacks ...
read_count: 100000
  Iter 1 / 1 Rows = (241, 243), Count =  0.00M /  0.10M  
  Iter 1 / 1 Rows = (241, 243), Count =  0.10M /  0.10M  

Verifying attacked memory ...
OK

Preparing ...
WARNING: only single word patterns supported, using: 0xaaaaaaaa

Filling memory with data ...

Verifying written memory ...
OK

Running Rowhammer attacks ...
read_count: 100000
  Iter 1 / 1 Rows = (242, 244), Count =  0.00M /  0.10M  
  Iter 1 / 1 Rows = (242, 244), Count =  0.10M /  0.10M  

Verifying attacked memory ...
OK

Preparing ...
WARNING: only single word patterns supported, using: 0xaaaaaaaa

Filling memory with data ...

Verifying written memory ...
OK

Running Rowhammer attacks ...
read_count: 100000
  Iter 1 / 1 Rows = (243, 245), Count =  0.00M /  0.10M  
  Iter 1 / 1 Rows = (243, 245), Count =  0.10M /  0.10M  

Verifying attacked memory ...
OK

Preparing ...
WARNING: only single word patterns supported, using: 0xaaaaaaaa

Filling memory with data ...

Verifying written memory ...
OK

Running Rowhammer attacks ...
read_count: 100000
  Iter 1 / 1 Rows = (244, 246), Count =  0.00M /  0.10M  
  Iter 1 / 1 Rows = (244, 246), Count =  0.10M /  0.10M  

Verifying attacked memory ...
OK

Preparing ...
WARNING: only single word patterns supported, using: 0xaaaaaaaa

Filling memory with data ...

Verifying written memory ...
OK

Running Rowhammer attacks ...
read_count: 100000
  Iter 1 / 1 Rows = (245, 247), Count =  0.00M /  0.10M  
  Iter 1 / 1 Rows = (245, 247), Count =  0.10M /  0.10M  

Verifying attacked memory ...
OK

Preparing ...
WARNING: only single word patterns supported, using: 0xaaaaaaaa

Filling memory with data ...

Verifying written memory ...
OK

Running Rowhammer attacks ...
read_count: 100000
  Iter 1 / 1 Rows = (246, 248), Count =  0.00M /  0.10M  
  Iter 1 / 1 Rows = (246, 248), Count =  0.10M /  0.10M  

Verifying attacked memory ...
OK

Preparing ...
WARNING: only single word patterns supported, using: 0xaaaaaaaa

Filling memory with data ...

Verifying written memory ...
OK

Running Rowhammer attacks ...
read_count: 100000
  Iter 1 / 1 Rows = (247, 249), Count =  0.00M /  0.10M  
  Iter 1 / 1 Rows = (247, 249), Count =  0.10M /  0.10M  

Verifying attacked memory ...
OK

Preparing ...
WARNING: only single word patterns supported, using: 0xaaaaaaaa

Filling memory with data ...

Verifying written memory ...
OK

Running Rowhammer attacks ...
read_count: 100000
  Iter 1 / 1 Rows = (248, 250), Count =  0.00M /  0.10M  
  Iter 1 / 1 Rows = (248, 250), Count =  0.10M /  0.10M  

Verifying attacked memory ...
OK

Preparing ...
WARNING: only single word patterns supported, using: 0xaaaaaaaa

Filling memory with data ...

Verifying written memory ...
OK

Running Rowhammer attacks ...
read_count: 100000
  Iter 1 / 1 Rows = (249, 251), Count =  0.00M /  0.10M  
  Iter 1 / 1 Rows = (249, 251), Count =  0.10M /  0.10M  

Verifying attacked memory ...
OK

Preparing ...
WARNING: only single word patterns supported, using: 0xaaaaaaaa

Filling memory with data ...

Verifying written memory ...
OK

Running Rowhammer attacks ...
read_count: 100000
  Iter 1 / 1 Rows = (250, 252), Count =  0.00M /  0.10M  
  Iter 1 / 1 Rows = (250, 252), Count =  0.10M /  0.10M  

Verifying attacked memory ...
OK

Preparing ...
WARNING: only single word patterns supported, using: 0xaaaaaaaa

Filling memory with data ...

Verifying written memory ...
OK

Running Rowhammer attacks ...
read_count: 100000
  Iter 1 / 1 Rows = (251, 253), Count =  0.00M /  0.10M  
  Iter 1 / 1 Rows = (251, 253), Count =  0.10M /  0.10M  

Verifying attacked memory ...
OK

Preparing ...
WARNING: only single word patterns supported, using: 0xaaaaaaaa

Filling memory with data ...

Verifying written memory ...
OK

Running Rowhammer attacks ...
read_count: 100000
  Iter 1 / 1 Rows = (252, 254), Count =  0.00M /  0.10M  
  Iter 1 / 1 Rows = (252, 254), Count =  0.10M /  0.10M  

Verifying attacked memory ...
OK

Preparing ...
WARNING: only single word patterns supported, using: 0xaaaaaaaa

Filling memory with data ...

Verifying written memory ...
OK

Running Rowhammer attacks ...
read_count: 100000
  Iter 1 / 1 Rows = (253, 255), Count =  0.00M /  0.10M  
  Iter 1 / 1 Rows = (253, 255), Count =  0.10M /  0.10M  

Verifying attacked memory ...
OK

Preparing ...
WARNING: only single word patterns supported, using: 0xaaaaaaaa

Filling memory with data ...

Verifying written memory ...
OK

Running Rowhammer attacks ...
read_count: 100000
  Iter 1 / 1 Rows = (254, 256), Count =  0.00M /  0.10M  
  Iter 1 / 1 Rows = (254, 256), Count =  0.10M /  0.10M  

Verifying attacked memory ...
OK

Preparing ...
WARNING: only single word patterns supported, using: 0xaaaaaaaa

Filling memory with data ...

Verifying written memory ...
OK

Running Rowhammer attacks ...
read_count: 100000
  Iter 1 / 1 Rows = (255, 257), Count =  0.00M /  0.10M  
  Iter 1 / 1 Rows = (255, 257), Count =  0.10M /  0.10M  

Verifying attacked memory ...
OK

Preparing ...
WARNING: only single word patterns supported, using: 0xaaaaaaaa

Filling memory with data ...

Verifying written memory ...
OK

Running Rowhammer attacks ...
read_count: 100000
  Iter 1 / 1 Rows = (256, 258), Count =  0.00M /  0.10M  
  Iter 1 / 1 Rows = (256, 258), Count =  0.10M /  0.10M  

Verifying attacked memory ...
OK

Preparing ...
WARNING: only single word patterns supported, using: 0xaaaaaaaa

Filling memory with data ...

Verifying written memory ...
OK

Running Rowhammer attacks ...
read_count: 100000
  Iter 1 / 1 Rows = (257, 259), Count =  0.00M /  0.10M  
  Iter 1 / 1 Rows = (257, 259), Count =  0.10M /  0.10M  

Verifying attacked memory ...
OK

Preparing ...
WARNING: only single word patterns supported, using: 0xaaaaaaaa

Filling memory with data ...

Verifying written memory ...
OK

Running Rowhammer attacks ...
read_count: 100000
  Iter 1 / 1 Rows = (258, 260), Count =  0.00M /  0.10M  
  Iter 1 / 1 Rows = (258, 260), Count =  0.10M /  0.10M  

Verifying attacked memory ...
OK

Preparing ...
WARNING: only single word patterns supported, using: 0xaaaaaaaa

Filling memory with data ...

Verifying written memory ...
OK

Running Rowhammer attacks ...
read_count: 100000
  Iter 1 / 1 Rows = (259, 261), Count =  0.00M /  0.10M  
  Iter 1 / 1 Rows = (259, 261), Count =  0.10M /  0.10M  

Verifying attacked memory ...
OK

Preparing ...
WARNING: only single word patterns supported, using: 0xaaaaaaaa

Filling memory with data ...

Verifying written memory ...
OK

Running Rowhammer attacks ...
read_count: 100000
  Iter 1 / 1 Rows = (260, 262), Count =  0.00M /  0.10M  
  Iter 1 / 1 Rows = (260, 262), Count =  0.10M /  0.10M  

Verifying attacked memory ...
OK

Preparing ...
WARNING: only single word patterns supported, using: 0xaaaaaaaa

Filling memory with data ...

Verifying written memory ...
OK

Running Rowhammer attacks ...
read_count: 100000
  Iter 1 / 1 Rows = (261, 263), Count =  0.00M /  0.10M  
  Iter 1 / 1 Rows = (261, 263), Count =  0.10M /  0.10M  

Verifying attacked memory ...
OK

Preparing ...
WARNING: only single word patterns supported, using: 0xaaaaaaaa

Filling memory with data ...

Verifying written memory ...
OK

Running Rowhammer attacks ...
read_count: 100000
  Iter 1 / 1 Rows = (262, 264), Count =  0.00M /  0.10M  
  Iter 1 / 1 Rows = (262, 264), Count =  0.10M /  0.10M  

Verifying attacked memory ...
OK

Preparing ...
WARNING: only single word patterns supported, using: 0xaaaaaaaa

Filling memory with data ...

Verifying written memory ...
OK

Running Rowhammer attacks ...
read_count: 100000
  Iter 1 / 1 Rows = (263, 265), Count =  0.00M /  0.10M  
  Iter 1 / 1 Rows = (263, 265), Count =  0.10M /  0.10M  

Verifying attacked memory ...
OK

Preparing ...
WARNING: only single word patterns supported, using: 0xaaaaaaaa

Filling memory with data ...

Verifying written memory ...
OK

Running Rowhammer attacks ...
read_count: 100000
  Iter 1 / 1 Rows = (264, 266), Count =  0.01M /  0.10M  
  Iter 1 / 1 Rows = (264, 266), Count =  0.10M /  0.10M  

Verifying attacked memory ...
OK

Preparing ...
WARNING: only single word patterns supported, using: 0xaaaaaaaa

Filling memory with data ...

Verifying written memory ...
OK

Running Rowhammer attacks ...
read_count: 100000
  Iter 1 / 1 Rows = (265, 267), Count =  0.00M /  0.10M  
  Iter 1 / 1 Rows = (265, 267), Count =  0.10M /  0.10M  

Verifying attacked memory ...
OK

Preparing ...
WARNING: only single word patterns supported, using: 0xaaaaaaaa

Filling memory with data ...

Verifying written memory ...
OK

Running Rowhammer attacks ...
read_count: 100000
  Iter 1 / 1 Rows = (266, 268), Count =  0.00M /  0.10M  
  Iter 1 / 1 Rows = (266, 268), Count =  0.10M /  0.10M  

Verifying attacked memory ...
OK

Preparing ...
WARNING: only single word patterns supported, using: 0xaaaaaaaa

Filling memory with data ...

Verifying written memory ...
OK

Running Rowhammer attacks ...
read_count: 100000
  Iter 1 / 1 Rows = (267, 269), Count =  0.00M /  0.10M  
  Iter 1 / 1 Rows = (267, 269), Count =  0.10M /  0.10M  

Verifying attacked memory ...
OK

Preparing ...
WARNING: only single word patterns supported, using: 0xaaaaaaaa

Filling memory with data ...

Verifying written memory ...
OK

Running Rowhammer attacks ...
read_count: 100000
  Iter 1 / 1 Rows = (268, 270), Count =  0.00M /  0.10M  
  Iter 1 / 1 Rows = (268, 270), Count =  0.10M /  0.10M  

Verifying attacked memory ...
OK

Preparing ...
WARNING: only single word patterns supported, using: 0xaaaaaaaa

Filling memory with data ...

Verifying written memory ...
OK

Running Rowhammer attacks ...
read_count: 100000
  Iter 1 / 1 Rows = (269, 271), Count =  0.00M /  0.10M  
  Iter 1 / 1 Rows = (269, 271), Count =  0.10M /  0.10M  

Verifying attacked memory ...
OK

Preparing ...
WARNING: only single word patterns supported, using: 0xaaaaaaaa

Filling memory with data ...

Verifying written memory ...
OK

Running Rowhammer attacks ...
read_count: 100000
  Iter 1 / 1 Rows = (270, 272), Count =  0.00M /  0.10M  
  Iter 1 / 1 Rows = (270, 272), Count =  0.10M /  0.10M  

Verifying attacked memory ...
OK

Preparing ...
WARNING: only single word patterns supported, using: 0xaaaaaaaa

Filling memory with data ...

Verifying written memory ...
OK

Running Rowhammer attacks ...
read_count: 100000
  Iter 1 / 1 Rows = (271, 273), Count =  0.00M /  0.10M  
  Iter 1 / 1 Rows = (271, 273), Count =  0.10M /  0.10M  

Verifying attacked memory ...
OK

Preparing ...
WARNING: only single word patterns supported, using: 0xaaaaaaaa

Filling memory with data ...

Verifying written memory ...
OK

Running Rowhammer attacks ...
read_count: 100000
  Iter 1 / 1 Rows = (272, 274), Count =  0.00M /  0.10M  
  Iter 1 / 1 Rows = (272, 274), Count =  0.10M /  0.10M  

Verifying attacked memory ...
OK

Preparing ...
WARNING: only single word patterns supported, using: 0xaaaaaaaa

Filling memory with data ...

Verifying written memory ...
OK

Running Rowhammer attacks ...
read_count: 100000
  Iter 1 / 1 Rows = (273, 275), Count =  0.00M /  0.10M  
  Iter 1 / 1 Rows = (273, 275), Count =  0.10M /  0.10M  

Verifying attacked memory ...
OK

Preparing ...
WARNING: only single word patterns supported, using: 0xaaaaaaaa

Filling memory with data ...

Verifying written memory ...
OK

Running Rowhammer attacks ...
read_count: 100000
  Iter 1 / 1 Rows = (274, 276), Count =  0.00M /  0.10M  
  Iter 1 / 1 Rows = (274, 276), Count =  0.10M /  0.10M  

Verifying attacked memory ...
OK

Preparing ...
WARNING: only single word patterns supported, using: 0xaaaaaaaa

Filling memory with data ...

Verifying written memory ...
OK

Running Rowhammer attacks ...
read_count: 100000
  Iter 1 / 1 Rows = (275, 277), Count =  0.00M /  0.10M  
  Iter 1 / 1 Rows = (275, 277), Count =  0.10M /  0.10M  

Verifying attacked memory ...
OK

Preparing ...
WARNING: only single word patterns supported, using: 0xaaaaaaaa

Filling memory with data ...

Verifying written memory ...
OK

Running Rowhammer attacks ...
read_count: 100000
  Iter 1 / 1 Rows = (276, 278), Count =  0.00M /  0.10M  
  Iter 1 / 1 Rows = (276, 278), Count =  0.10M /  0.10M  

Verifying attacked memory ...
OK

Preparing ...
WARNING: only single word patterns supported, using: 0xaaaaaaaa

Filling memory with data ...

Verifying written memory ...
OK

Running Rowhammer attacks ...
read_count: 100000
  Iter 1 / 1 Rows = (277, 279), Count =  0.00M /  0.10M  
  Iter 1 / 1 Rows = (277, 279), Count =  0.10M /  0.10M  

Verifying attacked memory ...
OK

Preparing ...
WARNING: only single word patterns supported, using: 0xaaaaaaaa

Filling memory with data ...

Verifying written memory ...
OK

Running Rowhammer attacks ...
read_count: 100000
  Iter 1 / 1 Rows = (278, 280), Count =  0.00M /  0.10M  
  Iter 1 / 1 Rows = (278, 280), Count =  0.10M /  0.10M  

Verifying attacked memory ...
OK

Preparing ...
WARNING: only single word patterns supported, using: 0xaaaaaaaa

Filling memory with data ...

Verifying written memory ...
OK

Running Rowhammer attacks ...
read_count: 100000
  Iter 1 / 1 Rows = (279, 281), Count =  0.00M /  0.10M  
  Iter 1 / 1 Rows = (279, 281), Count =  0.10M /  0.10M  

Verifying attacked memory ...
OK

Preparing ...
WARNING: only single word patterns supported, using: 0xaaaaaaaa

Filling memory with data ...

Verifying written memory ...
OK

Running Rowhammer attacks ...
read_count: 100000
  Iter 1 / 1 Rows = (280, 282), Count =  0.00M /  0.10M  
  Iter 1 / 1 Rows = (280, 282), Count =  0.10M /  0.10M  

Verifying attacked memory ...
OK

Preparing ...
WARNING: only single word patterns supported, using: 0xaaaaaaaa

Filling memory with data ...

Verifying written memory ...
OK

Running Rowhammer attacks ...
read_count: 100000
  Iter 1 / 1 Rows = (281, 283), Count =  0.00M /  0.10M  
  Iter 1 / 1 Rows = (281, 283), Count =  0.10M /  0.10M  

Verifying attacked memory ...
OK

Preparing ...
WARNING: only single word patterns supported, using: 0xaaaaaaaa

Filling memory with data ...

Verifying written memory ...
OK

Running Rowhammer attacks ...
read_count: 100000
  Iter 1 / 1 Rows = (282, 284), Count =  0.00M /  0.10M  
  Iter 1 / 1 Rows = (282, 284), Count =  0.10M /  0.10M  

Verifying attacked memory ...
OK

Preparing ...
WARNING: only single word patterns supported, using: 0xaaaaaaaa

Filling memory with data ...

Verifying written memory ...
OK

Running Rowhammer attacks ...
read_count: 100000
  Iter 1 / 1 Rows = (283, 285), Count =  0.00M /  0.10M  
  Iter 1 / 1 Rows = (283, 285), Count =  0.10M /  0.10M  

Verifying attacked memory ...
OK

Preparing ...
WARNING: only single word patterns supported, using: 0xaaaaaaaa

Filling memory with data ...

Verifying written memory ...
OK

Running Rowhammer attacks ...
read_count: 100000
  Iter 1 / 1 Rows = (284, 286), Count =  0.00M /  0.10M  
  Iter 1 / 1 Rows = (284, 286), Count =  0.10M /  0.10M  

Verifying attacked memory ...
OK

Preparing ...
WARNING: only single word patterns supported, using: 0xaaaaaaaa

Filling memory with data ...

Verifying written memory ...
OK

Running Rowhammer attacks ...
read_count: 100000
  Iter 1 / 1 Rows = (285, 287), Count =  0.00M /  0.10M  
  Iter 1 / 1 Rows = (285, 287), Count =  0.10M /  0.10M  

Verifying attacked memory ...
OK

Preparing ...
WARNING: only single word patterns supported, using: 0xaaaaaaaa

Filling memory with data ...

Verifying written memory ...
OK

Running Rowhammer attacks ...
read_count: 100000
  Iter 1 / 1 Rows = (286, 288), Count =  0.00M /  0.10M  
  Iter 1 / 1 Rows = (286, 288), Count =  0.10M /  0.10M  

Verifying attacked memory ...
OK

Preparing ...
WARNING: only single word patterns supported, using: 0xaaaaaaaa

Filling memory with data ...

Verifying written memory ...
OK

Running Rowhammer attacks ...
read_count: 100000
  Iter 1 / 1 Rows = (287, 289), Count =  0.00M /  0.10M  
  Iter 1 / 1 Rows = (287, 289), Count =  0.10M /  0.10M  

Verifying attacked memory ...
OK

Preparing ...
WARNING: only single word patterns supported, using: 0xaaaaaaaa

Filling memory with data ...

Verifying written memory ...
OK

Running Rowhammer attacks ...
read_count: 100000
  Iter 1 / 1 Rows = (288, 290), Count =  0.00M /  0.10M  
  Iter 1 / 1 Rows = (288, 290), Count =  0.10M /  0.10M  

Verifying attacked memory ...
OK

Preparing ...
WARNING: only single word patterns supported, using: 0xaaaaaaaa

Filling memory with data ...

Verifying written memory ...
OK

Running Rowhammer attacks ...
read_count: 100000
  Iter 1 / 1 Rows = (289, 291), Count =  0.00M /  0.10M  
  Iter 1 / 1 Rows = (289, 291), Count =  0.10M /  0.10M  

Verifying attacked memory ...
OK

Preparing ...
WARNING: only single word patterns supported, using: 0xaaaaaaaa

Filling memory with data ...

Verifying written memory ...
OK

Running Rowhammer attacks ...
read_count: 100000
  Iter 1 / 1 Rows = (290, 292), Count =  0.00M /  0.10M  
  Iter 1 / 1 Rows = (290, 292), Count =  0.10M /  0.10M  

Verifying attacked memory ...
OK

Preparing ...
WARNING: only single word patterns supported, using: 0xaaaaaaaa

Filling memory with data ...

Verifying written memory ...
OK

Running Rowhammer attacks ...
read_count: 100000
  Iter 1 / 1 Rows = (291, 293), Count =  0.00M /  0.10M  
  Iter 1 / 1 Rows = (291, 293), Count =  0.10M /  0.10M  

Verifying attacked memory ...
OK

Preparing ...
WARNING: only single word patterns supported, using: 0xaaaaaaaa

Filling memory with data ...

Verifying written memory ...
OK

Running Rowhammer attacks ...
read_count: 100000
  Iter 1 / 1 Rows = (292, 294), Count =  0.00M /  0.10M  
  Iter 1 / 1 Rows = (292, 294), Count =  0.10M /  0.10M  

Verifying attacked memory ...
OK

Preparing ...
WARNING: only single word patterns supported, using: 0xaaaaaaaa

Filling memory with data ...

Verifying written memory ...
OK

Running Rowhammer attacks ...
read_count: 100000
  Iter 1 / 1 Rows = (293, 295), Count =  0.00M /  0.10M  
  Iter 1 / 1 Rows = (293, 295), Count =  0.10M /  0.10M  

Verifying attacked memory ...
OK

Preparing ...
WARNING: only single word patterns supported, using: 0xaaaaaaaa

Filling memory with data ...

Verifying written memory ...
OK

Running Rowhammer attacks ...
read_count: 100000
  Iter 1 / 1 Rows = (294, 296), Count =  0.00M /  0.10M  
  Iter 1 / 1 Rows = (294, 296), Count =  0.10M /  0.10M  

Verifying attacked memory ...
OK

Preparing ...
WARNING: only single word patterns supported, using: 0xaaaaaaaa

Filling memory with data ...

Verifying written memory ...
OK

Running Rowhammer attacks ...
read_count: 100000
  Iter 1 / 1 Rows = (295, 297), Count =  0.00M /  0.10M  
  Iter 1 / 1 Rows = (295, 297), Count =  0.10M /  0.10M  

Verifying attacked memory ...
OK

Preparing ...
WARNING: only single word patterns supported, using: 0xaaaaaaaa

Filling memory with data ...

Verifying written memory ...
OK

Running Rowhammer attacks ...
read_count: 100000
  Iter 1 / 1 Rows = (296, 298), Count =  0.00M /  0.10M  
  Iter 1 / 1 Rows = (296, 298), Count =  0.10M /  0.10M  

Verifying attacked memory ...
OK

Preparing ...
WARNING: only single word patterns supported, using: 0xaaaaaaaa

Filling memory with data ...

Verifying written memory ...
OK

Running Rowhammer attacks ...
read_count: 100000
  Iter 1 / 1 Rows = (297, 299), Count =  0.00M /  0.10M  
  Iter 1 / 1 Rows = (297, 299), Count =  0.10M /  0.10M  

Verifying attacked memory ...
OK

Preparing ...
WARNING: only single word patterns supported, using: 0xaaaaaaaa

Filling memory with data ...

Verifying written memory ...
OK

Running Rowhammer attacks ...
read_count: 100000
  Iter 1 / 1 Rows = (298, 300), Count =  0.00M /  0.10M  
  Iter 1 / 1 Rows = (298, 300), Count =  0.10M /  0.10M  

Verifying attacked memory ...
OK

Preparing ...
WARNING: only single word patterns supported, using: 0xaaaaaaaa

Filling memory with data ...

Verifying written memory ...
OK

Running Rowhammer attacks ...
read_count: 100000
  Iter 1 / 1 Rows = (299, 301), Count =  0.00M /  0.10M  
  Iter 1 / 1 Rows = (299, 301), Count =  0.10M /  0.10M  

Verifying attacked memory ...
OK

Preparing ...
WARNING: only single word patterns supported, using: 0xaaaaaaaa

Filling memory with data ...

Verifying written memory ...
OK

Running Rowhammer attacks ...
read_count: 100000
  Iter 1 / 1 Rows = (300, 302), Count =  0.00M /  0.10M  
  Iter 1 / 1 Rows = (300, 302), Count =  0.10M /  0.10M  

Verifying attacked memory ...
OK

Preparing ...
WARNING: only single word patterns supported, using: 0xaaaaaaaa

Filling memory with data ...

Verifying written memory ...
OK

Running Rowhammer attacks ...
read_count: 100000
  Iter 1 / 1 Rows = (301, 303), Count =  0.00M /  0.10M  
  Iter 1 / 1 Rows = (301, 303), Count =  0.10M /  0.10M  

Verifying attacked memory ...
OK

Preparing ...
WARNING: only single word patterns supported, using: 0xaaaaaaaa

Filling memory with data ...

Verifying written memory ...
OK

Running Rowhammer attacks ...
read_count: 100000
  Iter 1 / 1 Rows = (302, 304), Count =  0.00M /  0.10M  
  Iter 1 / 1 Rows = (302, 304), Count =  0.10M /  0.10M  

Verifying attacked memory ...
OK

Preparing ...
WARNING: only single word patterns supported, using: 0xaaaaaaaa

Filling memory with data ...

Verifying written memory ...
OK

Running Rowhammer attacks ...
read_count: 100000
  Iter 1 / 1 Rows = (303, 305), Count =  0.00M /  0.10M  
  Iter 1 / 1 Rows = (303, 305), Count =  0.10M /  0.10M  

Verifying attacked memory ...
OK

Preparing ...
WARNING: only single word patterns supported, using: 0xaaaaaaaa

Filling memory with data ...

Verifying written memory ...
OK

Running Rowhammer attacks ...
read_count: 100000
  Iter 1 / 1 Rows = (304, 306), Count =  0.00M /  0.10M  
  Iter 1 / 1 Rows = (304, 306), Count =  0.10M /  0.10M  

Verifying attacked memory ...
OK

Preparing ...
WARNING: only single word patterns supported, using: 0xaaaaaaaa

Filling memory with data ...

Verifying written memory ...
OK

Running Rowhammer attacks ...
read_count: 100000
  Iter 1 / 1 Rows = (305, 307), Count =  0.00M /  0.10M  
  Iter 1 / 1 Rows = (305, 307), Count =  0.10M /  0.10M  

Verifying attacked memory ...
OK

Preparing ...
WARNING: only single word patterns supported, using: 0xaaaaaaaa

Filling memory with data ...

Verifying written memory ...
OK

Running Rowhammer attacks ...
read_count: 100000
  Iter 1 / 1 Rows = (306, 308), Count =  0.00M /  0.10M  
  Iter 1 / 1 Rows = (306, 308), Count =  0.10M /  0.10M  

Verifying attacked memory ...
OK

Preparing ...
WARNING: only single word patterns supported, using: 0xaaaaaaaa

Filling memory with data ...

Verifying written memory ...
OK

Running Rowhammer attacks ...
read_count: 100000
  Iter 1 / 1 Rows = (307, 309), Count =  0.00M /  0.10M  
  Iter 1 / 1 Rows = (307, 309), Count =  0.10M /  0.10M  

Verifying attacked memory ...
OK

Preparing ...
WARNING: only single word patterns supported, using: 0xaaaaaaaa

Filling memory with data ...

Verifying written memory ...
OK

Running Rowhammer attacks ...
read_count: 100000
  Iter 1 / 1 Rows = (308, 310), Count =  0.00M /  0.10M  
  Iter 1 / 1 Rows = (308, 310), Count =  0.10M /  0.10M  

Verifying attacked memory ...
OK

Preparing ...
WARNING: only single word patterns supported, using: 0xaaaaaaaa

Filling memory with data ...

Verifying written memory ...
OK

Running Rowhammer attacks ...
read_count: 100000
  Iter 1 / 1 Rows = (309, 311), Count =  0.00M /  0.10M  
  Iter 1 / 1 Rows = (309, 311), Count =  0.10M /  0.10M  

Verifying attacked memory ...
OK

Preparing ...
WARNING: only single word patterns supported, using: 0xaaaaaaaa

Filling memory with data ...

Verifying written memory ...
OK

Running Rowhammer attacks ...
read_count: 100000
  Iter 1 / 1 Rows = (310, 312), Count =  0.00M /  0.10M  
  Iter 1 / 1 Rows = (310, 312), Count =  0.10M /  0.10M  

Verifying attacked memory ...
OK

Preparing ...
WARNING: only single word patterns supported, using: 0xaaaaaaaa

Filling memory with data ...

Verifying written memory ...
OK

Running Rowhammer attacks ...
read_count: 100000
  Iter 1 / 1 Rows = (311, 313), Count =  0.00M /  0.10M  
  Iter 1 / 1 Rows = (311, 313), Count =  0.10M /  0.10M  

Verifying attacked memory ...
OK

Preparing ...
WARNING: only single word patterns supported, using: 0xaaaaaaaa

Filling memory with data ...

Verifying written memory ...
OK

Running Rowhammer attacks ...
read_count: 100000
  Iter 1 / 1 Rows = (312, 314), Count =  0.00M /  0.10M  
  Iter 1 / 1 Rows = (312, 314), Count =  0.10M /  0.10M  

Verifying attacked memory ...
OK

Preparing ...
WARNING: only single word patterns supported, using: 0xaaaaaaaa

Filling memory with data ...

Verifying written memory ...
OK

Running Rowhammer attacks ...
read_count: 100000
  Iter 1 / 1 Rows = (313, 315), Count =  0.00M /  0.10M  
  Iter 1 / 1 Rows = (313, 315), Count =  0.10M /  0.10M  

Verifying attacked memory ...
OK

Preparing ...
WARNING: only single word patterns supported, using: 0xaaaaaaaa

Filling memory with data ...

Verifying written memory ...
OK

Running Rowhammer attacks ...
read_count: 100000
  Iter 1 / 1 Rows = (314, 316), Count =  0.00M /  0.10M  
  Iter 1 / 1 Rows = (314, 316), Count =  0.10M /  0.10M  

Verifying attacked memory ...
OK

Preparing ...
WARNING: only single word patterns supported, using: 0xaaaaaaaa

Filling memory with data ...

Verifying written memory ...
OK

Running Rowhammer attacks ...
read_count: 100000
  Iter 1 / 1 Rows = (315, 317), Count =  0.00M /  0.10M  
  Iter 1 / 1 Rows = (315, 317), Count =  0.10M /  0.10M  

Verifying attacked memory ...
OK

Preparing ...
WARNING: only single word patterns supported, using: 0xaaaaaaaa

Filling memory with data ...

Verifying written memory ...
OK

Running Rowhammer attacks ...
read_count: 100000
  Iter 1 / 1 Rows = (316, 318), Count =  0.00M /  0.10M  
  Iter 1 / 1 Rows = (316, 318), Count =  0.10M /  0.10M  

Verifying attacked memory ...
OK

Preparing ...
WARNING: only single word patterns supported, using: 0xaaaaaaaa

Filling memory with data ...

Verifying written memory ...
OK

Running Rowhammer attacks ...
read_count: 100000
  Iter 1 / 1 Rows = (317, 319), Count =  0.00M /  0.10M  
  Iter 1 / 1 Rows = (317, 319), Count =  0.10M /  0.10M  

Verifying attacked memory ...
OK

Preparing ...
WARNING: only single word patterns supported, using: 0xaaaaaaaa

Filling memory with data ...

Verifying written memory ...
OK

Running Rowhammer attacks ...
read_count: 100000
  Iter 1 / 1 Rows = (318, 320), Count =  0.00M /  0.10M  
  Iter 1 / 1 Rows = (318, 320), Count =  0.10M /  0.10M  

Verifying attacked memory ...
OK

Preparing ...
WARNING: only single word patterns supported, using: 0xaaaaaaaa

Filling memory with data ...

Verifying written memory ...
OK

Running Rowhammer attacks ...
read_count: 100000
  Iter 1 / 1 Rows = (319, 321), Count =  0.00M /  0.10M  
  Iter 1 / 1 Rows = (319, 321), Count =  0.10M /  0.10M  

Verifying attacked memory ...
OK

Preparing ...
WARNING: only single word patterns supported, using: 0xaaaaaaaa

Filling memory with data ...

Verifying written memory ...
OK

Running Rowhammer attacks ...
read_count: 100000
  Iter 1 / 1 Rows = (320, 322), Count =  0.00M /  0.10M  
  Iter 1 / 1 Rows = (320, 322), Count =  0.10M /  0.10M  

Verifying attacked memory ...
OK

Preparing ...
WARNING: only single word patterns supported, using: 0xaaaaaaaa

Filling memory with data ...

Verifying written memory ...
OK

Running Rowhammer attacks ...
read_count: 100000
  Iter 1 / 1 Rows = (321, 323), Count =  0.00M /  0.10M  
  Iter 1 / 1 Rows = (321, 323), Count =  0.10M /  0.10M  

Verifying attacked memory ...
OK

Preparing ...
WARNING: only single word patterns supported, using: 0xaaaaaaaa

Filling memory with data ...

Verifying written memory ...
OK

Running Rowhammer attacks ...
read_count: 100000
  Iter 1 / 1 Rows = (322, 324), Count =  0.00M /  0.10M  
  Iter 1 / 1 Rows = (322, 324), Count =  0.10M /  0.10M  

Verifying attacked memory ...
OK

Preparing ...
WARNING: only single word patterns supported, using: 0xaaaaaaaa

Filling memory with data ...

Verifying written memory ...
OK

Running Rowhammer attacks ...
read_count: 100000
  Iter 1 / 1 Rows = (323, 325), Count =  0.00M /  0.10M  
  Iter 1 / 1 Rows = (323, 325), Count =  0.10M /  0.10M  

Verifying attacked memory ...
OK

Preparing ...
WARNING: only single word patterns supported, using: 0xaaaaaaaa

Filling memory with data ...

Verifying written memory ...
OK

Running Rowhammer attacks ...
read_count: 100000
  Iter 1 / 1 Rows = (324, 326), Count =  0.00M /  0.10M  
  Iter 1 / 1 Rows = (324, 326), Count =  0.10M /  0.10M  

Verifying attacked memory ...
OK

Preparing ...
WARNING: only single word patterns supported, using: 0xaaaaaaaa

Filling memory with data ...

Verifying written memory ...
OK

Running Rowhammer attacks ...
read_count: 100000
  Iter 1 / 1 Rows = (325, 327), Count =  0.00M /  0.10M  
  Iter 1 / 1 Rows = (325, 327), Count =  0.10M /  0.10M  

Verifying attacked memory ...
OK

Preparing ...
WARNING: only single word patterns supported, using: 0xaaaaaaaa

Filling memory with data ...

Verifying written memory ...
OK

Running Rowhammer attacks ...
read_count: 100000
  Iter 1 / 1 Rows = (326, 328), Count =  0.00M /  0.10M  
  Iter 1 / 1 Rows = (326, 328), Count =  0.10M /  0.10M  

Verifying attacked memory ...
OK

Preparing ...
WARNING: only single word patterns supported, using: 0xaaaaaaaa

Filling memory with data ...

Verifying written memory ...
OK

Running Rowhammer attacks ...
read_count: 100000
  Iter 1 / 1 Rows = (327, 329), Count =  0.00M /  0.10M  
  Iter 1 / 1 Rows = (327, 329), Count =  0.10M /  0.10M  

Verifying attacked memory ...
OK

Preparing ...
WARNING: only single word patterns supported, using: 0xaaaaaaaa

Filling memory with data ...

Verifying written memory ...
OK

Running Rowhammer attacks ...
read_count: 100000
  Iter 1 / 1 Rows = (328, 330), Count =  0.00M /  0.10M  
  Iter 1 / 1 Rows = (328, 330), Count =  0.10M /  0.10M  

Verifying attacked memory ...
OK

Preparing ...
WARNING: only single word patterns supported, using: 0xaaaaaaaa

Filling memory with data ...

Verifying written memory ...
OK

Running Rowhammer attacks ...
read_count: 100000
  Iter 1 / 1 Rows = (329, 331), Count =  0.00M /  0.10M  
  Iter 1 / 1 Rows = (329, 331), Count =  0.10M /  0.10M  

Verifying attacked memory ...
OK

Preparing ...
WARNING: only single word patterns supported, using: 0xaaaaaaaa

Filling memory with data ...

Verifying written memory ...
OK

Running Rowhammer attacks ...
read_count: 100000
  Iter 1 / 1 Rows = (330, 332), Count =  0.00M /  0.10M  
  Iter 1 / 1 Rows = (330, 332), Count =  0.10M /  0.10M  

Verifying attacked memory ...
OK

Preparing ...
WARNING: only single word patterns supported, using: 0xaaaaaaaa

Filling memory with data ...

Verifying written memory ...
OK

Running Rowhammer attacks ...
read_count: 100000
  Iter 1 / 1 Rows = (331, 333), Count =  0.00M /  0.10M  
  Iter 1 / 1 Rows = (331, 333), Count =  0.10M /  0.10M  

Verifying attacked memory ...
OK

Preparing ...
WARNING: only single word patterns supported, using: 0xaaaaaaaa

Filling memory with data ...

Verifying written memory ...
OK

Running Rowhammer attacks ...
read_count: 100000
  Iter 1 / 1 Rows = (332, 334), Count =  0.00M /  0.10M  
  Iter 1 / 1 Rows = (332, 334), Count =  0.10M /  0.10M  

Verifying attacked memory ...
OK

Preparing ...
WARNING: only single word patterns supported, using: 0xaaaaaaaa

Filling memory with data ...

Verifying written memory ...
OK

Running Rowhammer attacks ...
read_count: 100000
  Iter 1 / 1 Rows = (333, 335), Count =  0.00M /  0.10M  
  Iter 1 / 1 Rows = (333, 335), Count =  0.10M /  0.10M  

Verifying attacked memory ...
OK

Preparing ...
WARNING: only single word patterns supported, using: 0xaaaaaaaa

Filling memory with data ...

Verifying written memory ...
OK

Running Rowhammer attacks ...
read_count: 100000
  Iter 1 / 1 Rows = (334, 336), Count =  0.00M /  0.10M  
  Iter 1 / 1 Rows = (334, 336), Count =  0.10M /  0.10M  

Verifying attacked memory ...
OK

Preparing ...
WARNING: only single word patterns supported, using: 0xaaaaaaaa

Filling memory with data ...

Verifying written memory ...
OK

Running Rowhammer attacks ...
read_count: 100000
  Iter 1 / 1 Rows = (335, 337), Count =  0.00M /  0.10M  
  Iter 1 / 1 Rows = (335, 337), Count =  0.10M /  0.10M  

Verifying attacked memory ...
OK

Preparing ...
WARNING: only single word patterns supported, using: 0xaaaaaaaa

Filling memory with data ...

Verifying written memory ...
OK

Running Rowhammer attacks ...
read_count: 100000
  Iter 1 / 1 Rows = (336, 338), Count =  0.00M /  0.10M  
  Iter 1 / 1 Rows = (336, 338), Count =  0.10M /  0.10M  

Verifying attacked memory ...
OK

Preparing ...
WARNING: only single word patterns supported, using: 0xaaaaaaaa

Filling memory with data ...

Verifying written memory ...
OK

Running Rowhammer attacks ...
read_count: 100000
  Iter 1 / 1 Rows = (337, 339), Count =  0.00M /  0.10M  
  Iter 1 / 1 Rows = (337, 339), Count =  0.10M /  0.10M  

Verifying attacked memory ...
OK

Preparing ...
WARNING: only single word patterns supported, using: 0xaaaaaaaa

Filling memory with data ...

Verifying written memory ...
OK

Running Rowhammer attacks ...
read_count: 100000
  Iter 1 / 1 Rows = (338, 340), Count =  0.00M /  0.10M  
  Iter 1 / 1 Rows = (338, 340), Count =  0.10M /  0.10M  

Verifying attacked memory ...
OK

Preparing ...
WARNING: only single word patterns supported, using: 0xaaaaaaaa

Filling memory with data ...

Verifying written memory ...
OK

Running Rowhammer attacks ...
read_count: 100000
  Iter 1 / 1 Rows = (339, 341), Count =  0.00M /  0.10M  
  Iter 1 / 1 Rows = (339, 341), Count =  0.10M /  0.10M  

Verifying attacked memory ...
OK

Preparing ...
WARNING: only single word patterns supported, using: 0xaaaaaaaa

Filling memory with data ...

Verifying written memory ...
OK

Running Rowhammer attacks ...
read_count: 100000
  Iter 1 / 1 Rows = (340, 342), Count =  0.00M /  0.10M  
  Iter 1 / 1 Rows = (340, 342), Count =  0.10M /  0.10M  

Verifying attacked memory ...
OK

Preparing ...
WARNING: only single word patterns supported, using: 0xaaaaaaaa

Filling memory with data ...

Verifying written memory ...
OK

Running Rowhammer attacks ...
read_count: 100000
  Iter 1 / 1 Rows = (341, 343), Count =  0.00M /  0.10M  
  Iter 1 / 1 Rows = (341, 343), Count =  0.10M /  0.10M  

Verifying attacked memory ...
OK

Preparing ...
WARNING: only single word patterns supported, using: 0xaaaaaaaa

Filling memory with data ...

Verifying written memory ...
OK

Running Rowhammer attacks ...
read_count: 100000
  Iter 1 / 1 Rows = (342, 344), Count =  0.00M /  0.10M  
  Iter 1 / 1 Rows = (342, 344), Count =  0.10M /  0.10M  

Verifying attacked memory ...
OK

Preparing ...
WARNING: only single word patterns supported, using: 0xaaaaaaaa

Filling memory with data ...

Verifying written memory ...
OK

Running Rowhammer attacks ...
read_count: 100000
  Iter 1 / 1 Rows = (343, 345), Count =  0.00M /  0.10M  
  Iter 1 / 1 Rows = (343, 345), Count =  0.10M /  0.10M  

Verifying attacked memory ...
OK

Preparing ...
WARNING: only single word patterns supported, using: 0xaaaaaaaa

Filling memory with data ...

Verifying written memory ...
OK

Running Rowhammer attacks ...
read_count: 100000
  Iter 1 / 1 Rows = (344, 346), Count =  0.00M /  0.10M  
  Iter 1 / 1 Rows = (344, 346), Count =  0.10M /  0.10M  

Verifying attacked memory ...
OK

Preparing ...
WARNING: only single word patterns supported, using: 0xaaaaaaaa

Filling memory with data ...

Verifying written memory ...
OK

Running Rowhammer attacks ...
read_count: 100000
  Iter 1 / 1 Rows = (345, 347), Count =  0.00M /  0.10M  
  Iter 1 / 1 Rows = (345, 347), Count =  0.10M /  0.10M  

Verifying attacked memory ...
OK

Preparing ...
WARNING: only single word patterns supported, using: 0xaaaaaaaa

Filling memory with data ...

Verifying written memory ...
OK

Running Rowhammer attacks ...
read_count: 100000
  Iter 1 / 1 Rows = (346, 348), Count =  0.00M /  0.10M  
  Iter 1 / 1 Rows = (346, 348), Count =  0.10M /  0.10M  

Verifying attacked memory ...
OK

Preparing ...
WARNING: only single word patterns supported, using: 0xaaaaaaaa

Filling memory with data ...

Verifying written memory ...
OK

Running Rowhammer attacks ...
read_count: 100000
  Iter 1 / 1 Rows = (347, 349), Count =  0.00M /  0.10M  
  Iter 1 / 1 Rows = (347, 349), Count =  0.10M /  0.10M  

Verifying attacked memory ...
OK

Preparing ...
WARNING: only single word patterns supported, using: 0xaaaaaaaa

Filling memory with data ...

Verifying written memory ...
OK

Running Rowhammer attacks ...
read_count: 100000
  Iter 1 / 1 Rows = (348, 350), Count =  0.00M /  0.10M  
  Iter 1 / 1 Rows = (348, 350), Count =  0.10M /  0.10M  

Verifying attacked memory ...
OK

Preparing ...
WARNING: only single word patterns supported, using: 0xaaaaaaaa

Filling memory with data ...

Verifying written memory ...
OK

Running Rowhammer attacks ...
read_count: 100000
  Iter 1 / 1 Rows = (349, 351), Count =  0.00M /  0.10M  
  Iter 1 / 1 Rows = (349, 351), Count =  0.10M /  0.10M  

Verifying attacked memory ...
OK

Preparing ...
WARNING: only single word patterns supported, using: 0xaaaaaaaa

Filling memory with data ...

Verifying written memory ...
OK

Running Rowhammer attacks ...
read_count: 100000
  Iter 1 / 1 Rows = (350, 352), Count =  0.00M /  0.10M  
  Iter 1 / 1 Rows = (350, 352), Count =  0.10M /  0.10M  

Verifying attacked memory ...
OK

Preparing ...
WARNING: only single word patterns supported, using: 0xaaaaaaaa

Filling memory with data ...

Verifying written memory ...
OK

Running Rowhammer attacks ...
read_count: 100000
  Iter 1 / 1 Rows = (351, 353), Count =  0.00M /  0.10M  
  Iter 1 / 1 Rows = (351, 353), Count =  0.10M /  0.10M  

Verifying attacked memory ...
OK

Preparing ...
WARNING: only single word patterns supported, using: 0xaaaaaaaa

Filling memory with data ...

Verifying written memory ...
OK

Running Rowhammer attacks ...
read_count: 100000
  Iter 1 / 1 Rows = (352, 354), Count =  0.00M /  0.10M  
  Iter 1 / 1 Rows = (352, 354), Count =  0.10M /  0.10M  

Verifying attacked memory ...
OK

Preparing ...
WARNING: only single word patterns supported, using: 0xaaaaaaaa

Filling memory with data ...

Verifying written memory ...
OK

Running Rowhammer attacks ...
read_count: 100000
  Iter 1 / 1 Rows = (353, 355), Count =  0.00M /  0.10M  
  Iter 1 / 1 Rows = (353, 355), Count =  0.10M /  0.10M  

Verifying attacked memory ...
OK

Preparing ...
WARNING: only single word patterns supported, using: 0xaaaaaaaa

Filling memory with data ...

Verifying written memory ...
OK

Running Rowhammer attacks ...
read_count: 100000
  Iter 1 / 1 Rows = (354, 356), Count =  0.00M /  0.10M  
  Iter 1 / 1 Rows = (354, 356), Count =  0.10M /  0.10M  

Verifying attacked memory ...
OK

Preparing ...
WARNING: only single word patterns supported, using: 0xaaaaaaaa

Filling memory with data ...

Verifying written memory ...
OK

Running Rowhammer attacks ...
read_count: 100000
  Iter 1 / 1 Rows = (355, 357), Count =  0.00M /  0.10M  
  Iter 1 / 1 Rows = (355, 357), Count =  0.10M /  0.10M  

Verifying attacked memory ...
OK

Preparing ...
WARNING: only single word patterns supported, using: 0xaaaaaaaa

Filling memory with data ...

Verifying written memory ...
OK

Running Rowhammer attacks ...
read_count: 100000
  Iter 1 / 1 Rows = (356, 358), Count =  0.00M /  0.10M  
  Iter 1 / 1 Rows = (356, 358), Count =  0.10M /  0.10M  

Verifying attacked memory ...
OK

Preparing ...
WARNING: only single word patterns supported, using: 0xaaaaaaaa

Filling memory with data ...

Verifying written memory ...
OK

Running Rowhammer attacks ...
read_count: 100000
  Iter 1 / 1 Rows = (357, 359), Count =  0.00M /  0.10M  
  Iter 1 / 1 Rows = (357, 359), Count =  0.10M /  0.10M  

Verifying attacked memory ...
OK

Preparing ...
WARNING: only single word patterns supported, using: 0xaaaaaaaa

Filling memory with data ...

Verifying written memory ...
OK

Running Rowhammer attacks ...
read_count: 100000
  Iter 1 / 1 Rows = (358, 360), Count =  0.00M /  0.10M  
  Iter 1 / 1 Rows = (358, 360), Count =  0.10M /  0.10M  

Verifying attacked memory ...
OK

Preparing ...
WARNING: only single word patterns supported, using: 0xaaaaaaaa

Filling memory with data ...

Verifying written memory ...
OK

Running Rowhammer attacks ...
read_count: 100000
  Iter 1 / 1 Rows = (359, 361), Count =  0.00M /  0.10M  
  Iter 1 / 1 Rows = (359, 361), Count =  0.10M /  0.10M  

Verifying attacked memory ...
OK

Preparing ...
WARNING: only single word patterns supported, using: 0xaaaaaaaa

Filling memory with data ...

Verifying written memory ...
OK

Running Rowhammer attacks ...
read_count: 100000
  Iter 1 / 1 Rows = (360, 362), Count =  0.00M /  0.10M  
  Iter 1 / 1 Rows = (360, 362), Count =  0.10M /  0.10M  

Verifying attacked memory ...
OK

Preparing ...
WARNING: only single word patterns supported, using: 0xaaaaaaaa

Filling memory with data ...

Verifying written memory ...
OK

Running Rowhammer attacks ...
read_count: 100000
  Iter 1 / 1 Rows = (361, 363), Count =  0.00M /  0.10M  
  Iter 1 / 1 Rows = (361, 363), Count =  0.10M /  0.10M  

Verifying attacked memory ...
OK

Preparing ...
WARNING: only single word patterns supported, using: 0xaaaaaaaa

Filling memory with data ...

Verifying written memory ...
OK

Running Rowhammer attacks ...
read_count: 100000
  Iter 1 / 1 Rows = (362, 364), Count =  0.00M /  0.10M  
  Iter 1 / 1 Rows = (362, 364), Count =  0.10M /  0.10M  

Verifying attacked memory ...
OK

Preparing ...
WARNING: only single word patterns supported, using: 0xaaaaaaaa

Filling memory with data ...

Verifying written memory ...
OK

Running Rowhammer attacks ...
read_count: 100000
  Iter 1 / 1 Rows = (363, 365), Count =  0.00M /  0.10M  
  Iter 1 / 1 Rows = (363, 365), Count =  0.10M /  0.10M  

Verifying attacked memory ...
OK

Preparing ...
WARNING: only single word patterns supported, using: 0xaaaaaaaa

Filling memory with data ...

Verifying written memory ...
OK

Running Rowhammer attacks ...
read_count: 100000
  Iter 1 / 1 Rows = (364, 366), Count =  0.00M /  0.10M  
  Iter 1 / 1 Rows = (364, 366), Count =  0.10M /  0.10M  

Verifying attacked memory ...
OK

Preparing ...
WARNING: only single word patterns supported, using: 0xaaaaaaaa

Filling memory with data ...

Verifying written memory ...
OK

Running Rowhammer attacks ...
read_count: 100000
  Iter 1 / 1 Rows = (365, 367), Count =  0.00M /  0.10M  
  Iter 1 / 1 Rows = (365, 367), Count =  0.10M /  0.10M  

Verifying attacked memory ...
OK

Preparing ...
WARNING: only single word patterns supported, using: 0xaaaaaaaa

Filling memory with data ...

Verifying written memory ...
OK

Running Rowhammer attacks ...
read_count: 100000
  Iter 1 / 1 Rows = (366, 368), Count =  0.00M /  0.10M  
  Iter 1 / 1 Rows = (366, 368), Count =  0.10M /  0.10M  

Verifying attacked memory ...
OK

Preparing ...
WARNING: only single word patterns supported, using: 0xaaaaaaaa

Filling memory with data ...

Verifying written memory ...
OK

Running Rowhammer attacks ...
read_count: 100000
  Iter 1 / 1 Rows = (367, 369), Count =  0.00M /  0.10M  
  Iter 1 / 1 Rows = (367, 369), Count =  0.10M /  0.10M  

Verifying attacked memory ...
OK

Preparing ...
WARNING: only single word patterns supported, using: 0xaaaaaaaa

Filling memory with data ...

Verifying written memory ...
OK

Running Rowhammer attacks ...
read_count: 100000
  Iter 1 / 1 Rows = (368, 370), Count =  0.00M /  0.10M  
  Iter 1 / 1 Rows = (368, 370), Count =  0.10M /  0.10M  

Verifying attacked memory ...
OK

Preparing ...
WARNING: only single word patterns supported, using: 0xaaaaaaaa

Filling memory with data ...

Verifying written memory ...
OK

Running Rowhammer attacks ...
read_count: 100000
  Iter 1 / 1 Rows = (369, 371), Count =  0.00M /  0.10M  
  Iter 1 / 1 Rows = (369, 371), Count =  0.10M /  0.10M  

Verifying attacked memory ...
OK

Preparing ...
WARNING: only single word patterns supported, using: 0xaaaaaaaa

Filling memory with data ...

Verifying written memory ...
OK

Running Rowhammer attacks ...
read_count: 100000
  Iter 1 / 1 Rows = (370, 372), Count =  0.00M /  0.10M  
  Iter 1 / 1 Rows = (370, 372), Count =  0.10M /  0.10M  

Verifying attacked memory ...
OK

Preparing ...
WARNING: only single word patterns supported, using: 0xaaaaaaaa

Filling memory with data ...

Verifying written memory ...
OK

Running Rowhammer attacks ...
read_count: 100000
  Iter 1 / 1 Rows = (371, 373), Count =  0.00M /  0.10M  
  Iter 1 / 1 Rows = (371, 373), Count =  0.10M /  0.10M  

Verifying attacked memory ...
OK

Preparing ...
WARNING: only single word patterns supported, using: 0xaaaaaaaa

Filling memory with data ...

Verifying written memory ...
OK

Running Rowhammer attacks ...
read_count: 100000
  Iter 1 / 1 Rows = (372, 374), Count =  0.00M /  0.10M  
  Iter 1 / 1 Rows = (372, 374), Count =  0.10M /  0.10M  

Verifying attacked memory ...
OK

Preparing ...
WARNING: only single word patterns supported, using: 0xaaaaaaaa

Filling memory with data ...

Verifying written memory ...
OK

Running Rowhammer attacks ...
read_count: 100000
  Iter 1 / 1 Rows = (373, 375), Count =  0.00M /  0.10M  
  Iter 1 / 1 Rows = (373, 375), Count =  0.10M /  0.10M  

Verifying attacked memory ...
OK

Preparing ...
WARNING: only single word patterns supported, using: 0xaaaaaaaa

Filling memory with data ...

Verifying written memory ...
OK

Running Rowhammer attacks ...
read_count: 100000
  Iter 1 / 1 Rows = (374, 376), Count =  0.00M /  0.10M  
  Iter 1 / 1 Rows = (374, 376), Count =  0.10M /  0.10M  

Verifying attacked memory ...
OK

Preparing ...
WARNING: only single word patterns supported, using: 0xaaaaaaaa

Filling memory with data ...

Verifying written memory ...
OK

Running Rowhammer attacks ...
read_count: 100000
  Iter 1 / 1 Rows = (375, 377), Count =  0.00M /  0.10M  
  Iter 1 / 1 Rows = (375, 377), Count =  0.10M /  0.10M  

Verifying attacked memory ...
OK

Preparing ...
WARNING: only single word patterns supported, using: 0xaaaaaaaa

Filling memory with data ...

Verifying written memory ...
OK

Running Rowhammer attacks ...
read_count: 100000
  Iter 1 / 1 Rows = (376, 378), Count =  0.00M /  0.10M  
  Iter 1 / 1 Rows = (376, 378), Count =  0.10M /  0.10M  

Verifying attacked memory ...
OK

Preparing ...
WARNING: only single word patterns supported, using: 0xaaaaaaaa

Filling memory with data ...

Verifying written memory ...
OK

Running Rowhammer attacks ...
read_count: 100000
  Iter 1 / 1 Rows = (377, 379), Count =  0.00M /  0.10M  
  Iter 1 / 1 Rows = (377, 379), Count =  0.10M /  0.10M  

Verifying attacked memory ...
OK

Preparing ...
WARNING: only single word patterns supported, using: 0xaaaaaaaa

Filling memory with data ...

Verifying written memory ...
OK

Running Rowhammer attacks ...
read_count: 100000
  Iter 1 / 1 Rows = (378, 380), Count =  0.00M /  0.10M  
  Iter 1 / 1 Rows = (378, 380), Count =  0.10M /  0.10M  

Verifying attacked memory ...
OK

Preparing ...
WARNING: only single word patterns supported, using: 0xaaaaaaaa

Filling memory with data ...

Verifying written memory ...
OK

Running Rowhammer attacks ...
read_count: 100000
  Iter 1 / 1 Rows = (379, 381), Count =  0.00M /  0.10M  
  Iter 1 / 1 Rows = (379, 381), Count =  0.10M /  0.10M  

Verifying attacked memory ...
OK

Preparing ...
WARNING: only single word patterns supported, using: 0xaaaaaaaa

Filling memory with data ...

Verifying written memory ...
OK

Running Rowhammer attacks ...
read_count: 100000
  Iter 1 / 1 Rows = (380, 382), Count =  0.00M /  0.10M  
  Iter 1 / 1 Rows = (380, 382), Count =  0.10M /  0.10M  

Verifying attacked memory ...
OK

Preparing ...
WARNING: only single word patterns supported, using: 0xaaaaaaaa

Filling memory with data ...

Verifying written memory ...
OK

Running Rowhammer attacks ...
read_count: 100000
  Iter 1 / 1 Rows = (381, 383), Count =  0.00M /  0.10M  
  Iter 1 / 1 Rows = (381, 383), Count =  0.10M /  0.10M  

Verifying attacked memory ...
OK

Preparing ...
WARNING: only single word patterns supported, using: 0xaaaaaaaa

Filling memory with data ...

Verifying written memory ...
OK

Running Rowhammer attacks ...
read_count: 100000
  Iter 1 / 1 Rows = (382, 384), Count =  0.00M /  0.10M  
  Iter 1 / 1 Rows = (382, 384), Count =  0.10M /  0.10M  

Verifying attacked memory ...
OK

Preparing ...
WARNING: only single word patterns supported, using: 0xaaaaaaaa

Filling memory with data ...

Verifying written memory ...
OK

Running Rowhammer attacks ...
read_count: 100000
  Iter 1 / 1 Rows = (383, 385), Count =  0.00M /  0.10M  
  Iter 1 / 1 Rows = (383, 385), Count =  0.10M /  0.10M  

Verifying attacked memory ...
OK

Preparing ...
WARNING: only single word patterns supported, using: 0xaaaaaaaa

Filling memory with data ...

Verifying written memory ...
OK

Running Rowhammer attacks ...
read_count: 100000
  Iter 1 / 1 Rows = (384, 386), Count =  0.00M /  0.10M  
  Iter 1 / 1 Rows = (384, 386), Count =  0.10M /  0.10M  

Verifying attacked memory ...
OK

Preparing ...
WARNING: only single word patterns supported, using: 0xaaaaaaaa

Filling memory with data ...

Verifying written memory ...
OK

Running Rowhammer attacks ...
read_count: 100000
  Iter 1 / 1 Rows = (385, 387), Count =  0.00M /  0.10M  
  Iter 1 / 1 Rows = (385, 387), Count =  0.10M /  0.10M  

Verifying attacked memory ...
OK

Preparing ...
WARNING: only single word patterns supported, using: 0xaaaaaaaa

Filling memory with data ...

Verifying written memory ...
OK

Running Rowhammer attacks ...
read_count: 100000
  Iter 1 / 1 Rows = (386, 388), Count =  0.00M /  0.10M  
  Iter 1 / 1 Rows = (386, 388), Count =  0.10M /  0.10M  

Verifying attacked memory ...
OK

Preparing ...
WARNING: only single word patterns supported, using: 0xaaaaaaaa

Filling memory with data ...

Verifying written memory ...
OK

Running Rowhammer attacks ...
read_count: 100000
  Iter 1 / 1 Rows = (387, 389), Count =  0.00M /  0.10M  
  Iter 1 / 1 Rows = (387, 389), Count =  0.10M /  0.10M  

Verifying attacked memory ...
OK

Preparing ...
WARNING: only single word patterns supported, using: 0xaaaaaaaa

Filling memory with data ...

Verifying written memory ...
OK

Running Rowhammer attacks ...
read_count: 100000
  Iter 1 / 1 Rows = (388, 390), Count =  0.00M /  0.10M  
  Iter 1 / 1 Rows = (388, 390), Count =  0.10M /  0.10M  

Verifying attacked memory ...
OK

Preparing ...
WARNING: only single word patterns supported, using: 0xaaaaaaaa

Filling memory with data ...

Verifying written memory ...
OK

Running Rowhammer attacks ...
read_count: 100000
  Iter 1 / 1 Rows = (389, 391), Count =  0.00M /  0.10M  
  Iter 1 / 1 Rows = (389, 391), Count =  0.10M /  0.10M  

Verifying attacked memory ...
OK

Preparing ...
WARNING: only single word patterns supported, using: 0xaaaaaaaa

Filling memory with data ...

Verifying written memory ...
OK

Running Rowhammer attacks ...
read_count: 100000
  Iter 1 / 1 Rows = (390, 392), Count =  0.00M /  0.10M  
  Iter 1 / 1 Rows = (390, 392), Count =  0.10M /  0.10M  

Verifying attacked memory ...
OK

Preparing ...
WARNING: only single word patterns supported, using: 0xaaaaaaaa

Filling memory with data ...

Verifying written memory ...
OK

Running Rowhammer attacks ...
read_count: 100000
  Iter 1 / 1 Rows = (391, 393), Count =  0.00M /  0.10M  
  Iter 1 / 1 Rows = (391, 393), Count =  0.10M /  0.10M  

Verifying attacked memory ...
OK

Preparing ...
WARNING: only single word patterns supported, using: 0xaaaaaaaa

Filling memory with data ...

Verifying written memory ...
OK

Running Rowhammer attacks ...
read_count: 100000
  Iter 1 / 1 Rows = (392, 394), Count =  0.00M /  0.10M  
  Iter 1 / 1 Rows = (392, 394), Count =  0.10M /  0.10M  

Verifying attacked memory ...
OK

Preparing ...
WARNING: only single word patterns supported, using: 0xaaaaaaaa

Filling memory with data ...

Verifying written memory ...
OK

Running Rowhammer attacks ...
read_count: 100000
  Iter 1 / 1 Rows = (393, 395), Count =  0.00M /  0.10M  
  Iter 1 / 1 Rows = (393, 395), Count =  0.10M /  0.10M  

Verifying attacked memory ...
OK

Preparing ...
WARNING: only single word patterns supported, using: 0xaaaaaaaa

Filling memory with data ...

Verifying written memory ...
OK

Running Rowhammer attacks ...
read_count: 100000
  Iter 1 / 1 Rows = (394, 396), Count =  0.00M /  0.10M  
  Iter 1 / 1 Rows = (394, 396), Count =  0.10M /  0.10M  

Verifying attacked memory ...
OK

Preparing ...
WARNING: only single word patterns supported, using: 0xaaaaaaaa

Filling memory with data ...

Verifying written memory ...
OK

Running Rowhammer attacks ...
read_count: 100000
  Iter 1 / 1 Rows = (395, 397), Count =  0.00M /  0.10M  
  Iter 1 / 1 Rows = (395, 397), Count =  0.10M /  0.10M  

Verifying attacked memory ...
OK

Preparing ...
WARNING: only single word patterns supported, using: 0xaaaaaaaa

Filling memory with data ...

Verifying written memory ...
OK

Running Rowhammer attacks ...
read_count: 100000
  Iter 1 / 1 Rows = (396, 398), Count =  0.00M /  0.10M  
  Iter 1 / 1 Rows = (396, 398), Count =  0.10M /  0.10M  

Verifying attacked memory ...
OK

Preparing ...
WARNING: only single word patterns supported, using: 0xaaaaaaaa

Filling memory with data ...

Verifying written memory ...
OK

Running Rowhammer attacks ...
read_count: 100000
  Iter 1 / 1 Rows = (397, 399), Count =  0.00M /  0.10M  
  Iter 1 / 1 Rows = (397, 399), Count =  0.10M /  0.10M  

Verifying attacked memory ...
OK

Preparing ...
WARNING: only single word patterns supported, using: 0xaaaaaaaa

Filling memory with data ...

Verifying written memory ...
OK

Running Rowhammer attacks ...
read_count: 100000
  Iter 1 / 1 Rows = (398, 400), Count =  0.00M /  0.10M  
  Iter 1 / 1 Rows = (398, 400), Count =  0.10M /  0.10M  

Verifying attacked memory ...
OK

Preparing ...
WARNING: only single word patterns supported, using: 0xaaaaaaaa

Filling memory with data ...

Verifying written memory ...
OK

Running Rowhammer attacks ...
read_count: 100000
  Iter 1 / 1 Rows = (399, 401), Count =  0.00M /  0.10M  
  Iter 1 / 1 Rows = (399, 401), Count =  0.10M /  0.10M  

Verifying attacked memory ...
OK

Preparing ...
WARNING: only single word patterns supported, using: 0xaaaaaaaa

Filling memory with data ...

Verifying written memory ...
OK

Running Rowhammer attacks ...
read_count: 100000
  Iter 1 / 1 Rows = (400, 402), Count =  0.00M /  0.10M  
  Iter 1 / 1 Rows = (400, 402), Count =  0.10M /  0.10M  

Verifying attacked memory ...
OK

Preparing ...
WARNING: only single word patterns supported, using: 0xaaaaaaaa

Filling memory with data ...

Verifying written memory ...
OK

Running Rowhammer attacks ...
read_count: 100000
  Iter 1 / 1 Rows = (401, 403), Count =  0.00M /  0.10M  
  Iter 1 / 1 Rows = (401, 403), Count =  0.10M /  0.10M  

Verifying attacked memory ...
OK

Preparing ...
WARNING: only single word patterns supported, using: 0xaaaaaaaa

Filling memory with data ...

Verifying written memory ...
OK

Running Rowhammer attacks ...
read_count: 100000
  Iter 1 / 1 Rows = (402, 404), Count =  0.00M /  0.10M  
  Iter 1 / 1 Rows = (402, 404), Count =  0.10M /  0.10M  

Verifying attacked memory ...
OK

Preparing ...
WARNING: only single word patterns supported, using: 0xaaaaaaaa

Filling memory with data ...

Verifying written memory ...
OK

Running Rowhammer attacks ...
read_count: 100000
  Iter 1 / 1 Rows = (403, 405), Count =  0.00M /  0.10M  
  Iter 1 / 1 Rows = (403, 405), Count =  0.10M /  0.10M  

Verifying attacked memory ...
OK

Preparing ...
WARNING: only single word patterns supported, using: 0xaaaaaaaa

Filling memory with data ...

Verifying written memory ...
OK

Running Rowhammer attacks ...
read_count: 100000
  Iter 1 / 1 Rows = (404, 406), Count =  0.00M /  0.10M  
  Iter 1 / 1 Rows = (404, 406), Count =  0.10M /  0.10M  

Verifying attacked memory ...
OK

Preparing ...
WARNING: only single word patterns supported, using: 0xaaaaaaaa

Filling memory with data ...

Verifying written memory ...
OK

Running Rowhammer attacks ...
read_count: 100000
  Iter 1 / 1 Rows = (405, 407), Count =  0.00M /  0.10M  
  Iter 1 / 1 Rows = (405, 407), Count =  0.10M /  0.10M  

Verifying attacked memory ...
OK

Preparing ...
WARNING: only single word patterns supported, using: 0xaaaaaaaa

Filling memory with data ...

Verifying written memory ...
OK

Running Rowhammer attacks ...
read_count: 100000
  Iter 1 / 1 Rows = (406, 408), Count =  0.00M /  0.10M  
  Iter 1 / 1 Rows = (406, 408), Count =  0.10M /  0.10M  

Verifying attacked memory ...
OK

Preparing ...
WARNING: only single word patterns supported, using: 0xaaaaaaaa

Filling memory with data ...

Verifying written memory ...
OK

Running Rowhammer attacks ...
read_count: 100000
  Iter 1 / 1 Rows = (407, 409), Count =  0.00M /  0.10M  
  Iter 1 / 1 Rows = (407, 409), Count =  0.10M /  0.10M  

Verifying attacked memory ...
OK

Preparing ...
WARNING: only single word patterns supported, using: 0xaaaaaaaa

Filling memory with data ...

Verifying written memory ...
OK

Running Rowhammer attacks ...
read_count: 100000
  Iter 1 / 1 Rows = (408, 410), Count =  0.00M /  0.10M  
  Iter 1 / 1 Rows = (408, 410), Count =  0.10M /  0.10M  

Verifying attacked memory ...
OK

Preparing ...
WARNING: only single word patterns supported, using: 0xaaaaaaaa

Filling memory with data ...

Verifying written memory ...
OK

Running Rowhammer attacks ...
read_count: 100000
  Iter 1 / 1 Rows = (409, 411), Count =  0.00M /  0.10M  
  Iter 1 / 1 Rows = (409, 411), Count =  0.10M /  0.10M  

Verifying attacked memory ...
OK

Preparing ...
WARNING: only single word patterns supported, using: 0xaaaaaaaa

Filling memory with data ...

Verifying written memory ...
OK

Running Rowhammer attacks ...
read_count: 100000
  Iter 1 / 1 Rows = (410, 412), Count =  0.00M /  0.10M  
  Iter 1 / 1 Rows = (410, 412), Count =  0.10M /  0.10M  

Verifying attacked memory ...
OK

Preparing ...
WARNING: only single word patterns supported, using: 0xaaaaaaaa

Filling memory with data ...

Verifying written memory ...
OK

Running Rowhammer attacks ...
read_count: 100000
  Iter 1 / 1 Rows = (411, 413), Count =  0.00M /  0.10M  
  Iter 1 / 1 Rows = (411, 413), Count =  0.10M /  0.10M  

Verifying attacked memory ...
OK

Preparing ...
WARNING: only single word patterns supported, using: 0xaaaaaaaa

Filling memory with data ...

Verifying written memory ...
OK

Running Rowhammer attacks ...
read_count: 100000
  Iter 1 / 1 Rows = (412, 414), Count =  0.00M /  0.10M  
  Iter 1 / 1 Rows = (412, 414), Count =  0.10M /  0.10M  

Verifying attacked memory ...
OK

Preparing ...
WARNING: only single word patterns supported, using: 0xaaaaaaaa

Filling memory with data ...

Verifying written memory ...
OK

Running Rowhammer attacks ...
read_count: 100000
  Iter 1 / 1 Rows = (413, 415), Count =  0.00M /  0.10M  
  Iter 1 / 1 Rows = (413, 415), Count =  0.10M /  0.10M  

Verifying attacked memory ...
OK

Preparing ...
WARNING: only single word patterns supported, using: 0xaaaaaaaa

Filling memory with data ...

Verifying written memory ...
OK

Running Rowhammer attacks ...
read_count: 100000
  Iter 1 / 1 Rows = (414, 416), Count =  0.00M /  0.10M  
  Iter 1 / 1 Rows = (414, 416), Count =  0.10M /  0.10M  

Verifying attacked memory ...
OK

Preparing ...
WARNING: only single word patterns supported, using: 0xaaaaaaaa

Filling memory with data ...

Verifying written memory ...
OK

Running Rowhammer attacks ...
read_count: 100000
  Iter 1 / 1 Rows = (415, 417), Count =  0.00M /  0.10M  
  Iter 1 / 1 Rows = (415, 417), Count =  0.10M /  0.10M  

Verifying attacked memory ...
OK

Preparing ...
WARNING: only single word patterns supported, using: 0xaaaaaaaa

Filling memory with data ...

Verifying written memory ...
OK

Running Rowhammer attacks ...
read_count: 100000
  Iter 1 / 1 Rows = (416, 418), Count =  0.00M /  0.10M  
  Iter 1 / 1 Rows = (416, 418), Count =  0.10M /  0.10M  

Verifying attacked memory ...
OK

Preparing ...
WARNING: only single word patterns supported, using: 0xaaaaaaaa

Filling memory with data ...

Verifying written memory ...
OK

Running Rowhammer attacks ...
read_count: 100000
  Iter 1 / 1 Rows = (417, 419), Count =  0.00M /  0.10M  
  Iter 1 / 1 Rows = (417, 419), Count =  0.10M /  0.10M  

Verifying attacked memory ...
OK

Preparing ...
WARNING: only single word patterns supported, using: 0xaaaaaaaa

Filling memory with data ...

Verifying written memory ...
OK

Running Rowhammer attacks ...
read_count: 100000
  Iter 1 / 1 Rows = (418, 420), Count =  0.00M /  0.10M  
  Iter 1 / 1 Rows = (418, 420), Count =  0.10M /  0.10M  

Verifying attacked memory ...
OK

Preparing ...
WARNING: only single word patterns supported, using: 0xaaaaaaaa

Filling memory with data ...

Verifying written memory ...
OK

Running Rowhammer attacks ...
read_count: 100000
  Iter 1 / 1 Rows = (419, 421), Count =  0.00M /  0.10M  
  Iter 1 / 1 Rows = (419, 421), Count =  0.10M /  0.10M  

Verifying attacked memory ...
OK

Preparing ...
WARNING: only single word patterns supported, using: 0xaaaaaaaa

Filling memory with data ...

Verifying written memory ...
OK

Running Rowhammer attacks ...
read_count: 100000
  Iter 1 / 1 Rows = (420, 422), Count =  0.00M /  0.10M  
  Iter 1 / 1 Rows = (420, 422), Count =  0.10M /  0.10M  

Verifying attacked memory ...
OK

Preparing ...
WARNING: only single word patterns supported, using: 0xaaaaaaaa

Filling memory with data ...

Verifying written memory ...
OK

Running Rowhammer attacks ...
read_count: 100000
  Iter 1 / 1 Rows = (421, 423), Count =  0.00M /  0.10M  
  Iter 1 / 1 Rows = (421, 423), Count =  0.10M /  0.10M  

Verifying attacked memory ...
OK

Preparing ...
WARNING: only single word patterns supported, using: 0xaaaaaaaa

Filling memory with data ...

Verifying written memory ...
OK

Running Rowhammer attacks ...
read_count: 100000
  Iter 1 / 1 Rows = (422, 424), Count =  0.00M /  0.10M  
  Iter 1 / 1 Rows = (422, 424), Count =  0.10M /  0.10M  

Verifying attacked memory ...
OK

Preparing ...
WARNING: only single word patterns supported, using: 0xaaaaaaaa

Filling memory with data ...

Verifying written memory ...
OK

Running Rowhammer attacks ...
read_count: 100000
  Iter 1 / 1 Rows = (423, 425), Count =  0.01M /  0.10M  
  Iter 1 / 1 Rows = (423, 425), Count =  0.10M /  0.10M  

Verifying attacked memory ...
OK

Preparing ...
WARNING: only single word patterns supported, using: 0xaaaaaaaa

Filling memory with data ...

Verifying written memory ...
OK

Running Rowhammer attacks ...
read_count: 100000
  Iter 1 / 1 Rows = (424, 426), Count =  0.00M /  0.10M  
  Iter 1 / 1 Rows = (424, 426), Count =  0.10M /  0.10M  

Verifying attacked memory ...
OK

Preparing ...
WARNING: only single word patterns supported, using: 0xaaaaaaaa

Filling memory with data ...

Verifying written memory ...
OK

Running Rowhammer attacks ...
read_count: 100000
  Iter 1 / 1 Rows = (425, 427), Count =  0.00M /  0.10M  
  Iter 1 / 1 Rows = (425, 427), Count =  0.10M /  0.10M  

Verifying attacked memory ...
OK

Preparing ...
WARNING: only single word patterns supported, using: 0xaaaaaaaa

Filling memory with data ...

Verifying written memory ...
OK

Running Rowhammer attacks ...
read_count: 100000
  Iter 1 / 1 Rows = (426, 428), Count =  0.00M /  0.10M  
  Iter 1 / 1 Rows = (426, 428), Count =  0.10M /  0.10M  

Verifying attacked memory ...
OK

Preparing ...
WARNING: only single word patterns supported, using: 0xaaaaaaaa

Filling memory with data ...

Verifying written memory ...
OK

Running Rowhammer attacks ...
read_count: 100000
  Iter 1 / 1 Rows = (427, 429), Count =  0.00M /  0.10M  
  Iter 1 / 1 Rows = (427, 429), Count =  0.10M /  0.10M  

Verifying attacked memory ...
OK

Preparing ...
WARNING: only single word patterns supported, using: 0xaaaaaaaa

Filling memory with data ...

Verifying written memory ...
OK

Running Rowhammer attacks ...
read_count: 100000
  Iter 1 / 1 Rows = (428, 430), Count =  0.00M /  0.10M  
  Iter 1 / 1 Rows = (428, 430), Count =  0.10M /  0.10M  

Verifying attacked memory ...
OK

Preparing ...
WARNING: only single word patterns supported, using: 0xaaaaaaaa

Filling memory with data ...

Verifying written memory ...
OK

Running Rowhammer attacks ...
read_count: 100000
  Iter 1 / 1 Rows = (429, 431), Count =  0.00M /  0.10M  
  Iter 1 / 1 Rows = (429, 431), Count =  0.10M /  0.10M  

Verifying attacked memory ...
OK

Preparing ...
WARNING: only single word patterns supported, using: 0xaaaaaaaa

Filling memory with data ...

Verifying written memory ...
OK

Running Rowhammer attacks ...
read_count: 100000
  Iter 1 / 1 Rows = (430, 432), Count =  0.00M /  0.10M  
  Iter 1 / 1 Rows = (430, 432), Count =  0.10M /  0.10M  

Verifying attacked memory ...
OK

Preparing ...
WARNING: only single word patterns supported, using: 0xaaaaaaaa

Filling memory with data ...

Verifying written memory ...
OK

Running Rowhammer attacks ...
read_count: 100000
  Iter 1 / 1 Rows = (431, 433), Count =  0.00M /  0.10M  
  Iter 1 / 1 Rows = (431, 433), Count =  0.10M /  0.10M  

Verifying attacked memory ...
OK

Preparing ...
WARNING: only single word patterns supported, using: 0xaaaaaaaa

Filling memory with data ...

Verifying written memory ...
OK

Running Rowhammer attacks ...
read_count: 100000
  Iter 1 / 1 Rows = (432, 434), Count =  0.00M /  0.10M  
  Iter 1 / 1 Rows = (432, 434), Count =  0.10M /  0.10M  

Verifying attacked memory ...
OK

Preparing ...
WARNING: only single word patterns supported, using: 0xaaaaaaaa

Filling memory with data ...

Verifying written memory ...
OK

Running Rowhammer attacks ...
read_count: 100000
  Iter 1 / 1 Rows = (433, 435), Count =  0.00M /  0.10M  
  Iter 1 / 1 Rows = (433, 435), Count =  0.10M /  0.10M  

Verifying attacked memory ...
OK

Preparing ...
WARNING: only single word patterns supported, using: 0xaaaaaaaa

Filling memory with data ...

Verifying written memory ...
OK

Running Rowhammer attacks ...
read_count: 100000
  Iter 1 / 1 Rows = (434, 436), Count =  0.00M /  0.10M  
  Iter 1 / 1 Rows = (434, 436), Count =  0.10M /  0.10M  

Verifying attacked memory ...
OK

Preparing ...
WARNING: only single word patterns supported, using: 0xaaaaaaaa

Filling memory with data ...

Verifying written memory ...
OK

Running Rowhammer attacks ...
read_count: 100000
  Iter 1 / 1 Rows = (435, 437), Count =  0.00M /  0.10M  
  Iter 1 / 1 Rows = (435, 437), Count =  0.10M /  0.10M  

Verifying attacked memory ...
OK

Preparing ...
WARNING: only single word patterns supported, using: 0xaaaaaaaa

Filling memory with data ...

Verifying written memory ...
OK

Running Rowhammer attacks ...
read_count: 100000
  Iter 1 / 1 Rows = (436, 438), Count =  0.00M /  0.10M  
  Iter 1 / 1 Rows = (436, 438), Count =  0.10M /  0.10M  

Verifying attacked memory ...
OK

Preparing ...
WARNING: only single word patterns supported, using: 0xaaaaaaaa

Filling memory with data ...

Verifying written memory ...
OK

Running Rowhammer attacks ...
read_count: 100000
  Iter 1 / 1 Rows = (437, 439), Count =  0.00M /  0.10M  
  Iter 1 / 1 Rows = (437, 439), Count =  0.10M /  0.10M  

Verifying attacked memory ...
OK

Preparing ...
WARNING: only single word patterns supported, using: 0xaaaaaaaa

Filling memory with data ...

Verifying written memory ...
OK

Running Rowhammer attacks ...
read_count: 100000
  Iter 1 / 1 Rows = (438, 440), Count =  0.00M /  0.10M  
  Iter 1 / 1 Rows = (438, 440), Count =  0.10M /  0.10M  

Verifying attacked memory ...
OK

Preparing ...
WARNING: only single word patterns supported, using: 0xaaaaaaaa

Filling memory with data ...

Verifying written memory ...
OK

Running Rowhammer attacks ...
read_count: 100000
  Iter 1 / 1 Rows = (439, 441), Count =  0.00M /  0.10M  
  Iter 1 / 1 Rows = (439, 441), Count =  0.10M /  0.10M  

Verifying attacked memory ...
OK

Preparing ...
WARNING: only single word patterns supported, using: 0xaaaaaaaa

Filling memory with data ...

Verifying written memory ...
OK

Running Rowhammer attacks ...
read_count: 100000
  Iter 1 / 1 Rows = (440, 442), Count =  0.00M /  0.10M  
  Iter 1 / 1 Rows = (440, 442), Count =  0.10M /  0.10M  

Verifying attacked memory ...
OK

Preparing ...
WARNING: only single word patterns supported, using: 0xaaaaaaaa

Filling memory with data ...

Verifying written memory ...
OK

Running Rowhammer attacks ...
read_count: 100000
  Iter 1 / 1 Rows = (441, 443), Count =  0.00M /  0.10M  
  Iter 1 / 1 Rows = (441, 443), Count =  0.10M /  0.10M  

Verifying attacked memory ...
OK

Preparing ...
WARNING: only single word patterns supported, using: 0xaaaaaaaa

Filling memory with data ...

Verifying written memory ...
OK

Running Rowhammer attacks ...
read_count: 100000
  Iter 1 / 1 Rows = (442, 444), Count =  0.00M /  0.10M  
  Iter 1 / 1 Rows = (442, 444), Count =  0.10M /  0.10M  

Verifying attacked memory ...
OK

Preparing ...
WARNING: only single word patterns supported, using: 0xaaaaaaaa

Filling memory with data ...

Verifying written memory ...
OK

Running Rowhammer attacks ...
read_count: 100000
  Iter 1 / 1 Rows = (443, 445), Count =  0.00M /  0.10M  
  Iter 1 / 1 Rows = (443, 445), Count =  0.10M /  0.10M  

Verifying attacked memory ...
OK

Preparing ...
WARNING: only single word patterns supported, using: 0xaaaaaaaa

Filling memory with data ...

Verifying written memory ...
OK

Running Rowhammer attacks ...
read_count: 100000
  Iter 1 / 1 Rows = (444, 446), Count =  0.00M /  0.10M  
  Iter 1 / 1 Rows = (444, 446), Count =  0.10M /  0.10M  

Verifying attacked memory ...
OK

Preparing ...
WARNING: only single word patterns supported, using: 0xaaaaaaaa

Filling memory with data ...

Verifying written memory ...
OK

Running Rowhammer attacks ...
read_count: 100000
  Iter 1 / 1 Rows = (445, 447), Count =  0.00M /  0.10M  
  Iter 1 / 1 Rows = (445, 447), Count =  0.10M /  0.10M  

Verifying attacked memory ...
OK

Preparing ...
WARNING: only single word patterns supported, using: 0xaaaaaaaa

Filling memory with data ...

Verifying written memory ...
OK

Running Rowhammer attacks ...
read_count: 100000
  Iter 1 / 1 Rows = (446, 448), Count =  0.00M /  0.10M  
  Iter 1 / 1 Rows = (446, 448), Count =  0.10M /  0.10M  

Verifying attacked memory ...
OK

Preparing ...
WARNING: only single word patterns supported, using: 0xaaaaaaaa

Filling memory with data ...

Verifying written memory ...
OK

Running Rowhammer attacks ...
read_count: 100000
  Iter 1 / 1 Rows = (447, 449), Count =  0.00M /  0.10M  
  Iter 1 / 1 Rows = (447, 449), Count =  0.10M /  0.10M  

Verifying attacked memory ...
OK

Preparing ...
WARNING: only single word patterns supported, using: 0xaaaaaaaa

Filling memory with data ...

Verifying written memory ...
OK

Running Rowhammer attacks ...
read_count: 100000
  Iter 1 / 1 Rows = (448, 450), Count =  0.00M /  0.10M  
  Iter 1 / 1 Rows = (448, 450), Count =  0.10M /  0.10M  

Verifying attacked memory ...
OK

Preparing ...
WARNING: only single word patterns supported, using: 0xaaaaaaaa

Filling memory with data ...

Verifying written memory ...
OK

Running Rowhammer attacks ...
read_count: 100000
  Iter 1 / 1 Rows = (449, 451), Count =  0.00M /  0.10M  
  Iter 1 / 1 Rows = (449, 451), Count =  0.10M /  0.10M  

Verifying attacked memory ...
OK

Preparing ...
WARNING: only single word patterns supported, using: 0xaaaaaaaa

Filling memory with data ...

Verifying written memory ...
OK

Running Rowhammer attacks ...
read_count: 100000
  Iter 1 / 1 Rows = (450, 452), Count =  0.00M /  0.10M  
  Iter 1 / 1 Rows = (450, 452), Count =  0.10M /  0.10M  

Verifying attacked memory ...
OK

Preparing ...
WARNING: only single word patterns supported, using: 0xaaaaaaaa

Filling memory with data ...

Verifying written memory ...
OK

Running Rowhammer attacks ...
read_count: 100000
  Iter 1 / 1 Rows = (451, 453), Count =  0.00M /  0.10M  
  Iter 1 / 1 Rows = (451, 453), Count =  0.10M /  0.10M  

Verifying attacked memory ...
OK

Preparing ...
WARNING: only single word patterns supported, using: 0xaaaaaaaa

Filling memory with data ...

Verifying written memory ...
OK

Running Rowhammer attacks ...
read_count: 100000
  Iter 1 / 1 Rows = (452, 454), Count =  0.00M /  0.10M  
  Iter 1 / 1 Rows = (452, 454), Count =  0.10M /  0.10M  

Verifying attacked memory ...
OK

Preparing ...
WARNING: only single word patterns supported, using: 0xaaaaaaaa

Filling memory with data ...

Verifying written memory ...
OK

Running Rowhammer attacks ...
read_count: 100000
  Iter 1 / 1 Rows = (453, 455), Count =  0.00M /  0.10M  
  Iter 1 / 1 Rows = (453, 455), Count =  0.10M /  0.10M  

Verifying attacked memory ...
OK

Preparing ...
WARNING: only single word patterns supported, using: 0xaaaaaaaa

Filling memory with data ...

Verifying written memory ...
OK

Running Rowhammer attacks ...
read_count: 100000
  Iter 1 / 1 Rows = (454, 456), Count =  0.00M /  0.10M  
  Iter 1 / 1 Rows = (454, 456), Count =  0.10M /  0.10M  

Verifying attacked memory ...
OK

Preparing ...
WARNING: only single word patterns supported, using: 0xaaaaaaaa

Filling memory with data ...

Verifying written memory ...
OK

Running Rowhammer attacks ...
read_count: 100000
  Iter 1 / 1 Rows = (455, 457), Count =  0.00M /  0.10M  
  Iter 1 / 1 Rows = (455, 457), Count =  0.10M /  0.10M  

Verifying attacked memory ...
OK

Preparing ...
WARNING: only single word patterns supported, using: 0xaaaaaaaa

Filling memory with data ...

Verifying written memory ...
OK

Running Rowhammer attacks ...
read_count: 100000
  Iter 1 / 1 Rows = (456, 458), Count =  0.00M /  0.10M  
  Iter 1 / 1 Rows = (456, 458), Count =  0.10M /  0.10M  

Verifying attacked memory ...
OK

Preparing ...
WARNING: only single word patterns supported, using: 0xaaaaaaaa

Filling memory with data ...

Verifying written memory ...
OK

Running Rowhammer attacks ...
read_count: 100000
  Iter 1 / 1 Rows = (457, 459), Count =  0.00M /  0.10M  
  Iter 1 / 1 Rows = (457, 459), Count =  0.10M /  0.10M  

Verifying attacked memory ...
OK

Preparing ...
WARNING: only single word patterns supported, using: 0xaaaaaaaa

Filling memory with data ...

Verifying written memory ...
OK

Running Rowhammer attacks ...
read_count: 100000
  Iter 1 / 1 Rows = (458, 460), Count =  0.00M /  0.10M  
  Iter 1 / 1 Rows = (458, 460), Count =  0.10M /  0.10M  

Verifying attacked memory ...
OK

Preparing ...
WARNING: only single word patterns supported, using: 0xaaaaaaaa

Filling memory with data ...

Verifying written memory ...
OK

Running Rowhammer attacks ...
read_count: 100000
  Iter 1 / 1 Rows = (459, 461), Count =  0.00M /  0.10M  
  Iter 1 / 1 Rows = (459, 461), Count =  0.10M /  0.10M  

Verifying attacked memory ...
OK

Preparing ...
WARNING: only single word patterns supported, using: 0xaaaaaaaa

Filling memory with data ...

Verifying written memory ...
OK

Running Rowhammer attacks ...
read_count: 100000
  Iter 1 / 1 Rows = (460, 462), Count =  0.00M /  0.10M  
  Iter 1 / 1 Rows = (460, 462), Count =  0.10M /  0.10M  

Verifying attacked memory ...
OK

Preparing ...
WARNING: only single word patterns supported, using: 0xaaaaaaaa

Filling memory with data ...

Verifying written memory ...
OK

Running Rowhammer attacks ...
read_count: 100000
  Iter 1 / 1 Rows = (461, 463), Count =  0.00M /  0.10M  
  Iter 1 / 1 Rows = (461, 463), Count =  0.10M /  0.10M  

Verifying attacked memory ...
OK

Preparing ...
WARNING: only single word patterns supported, using: 0xaaaaaaaa

Filling memory with data ...

Verifying written memory ...
OK

Running Rowhammer attacks ...
read_count: 100000
  Iter 1 / 1 Rows = (462, 464), Count =  0.00M /  0.10M  
  Iter 1 / 1 Rows = (462, 464), Count =  0.10M /  0.10M  

Verifying attacked memory ...
OK

Preparing ...
WARNING: only single word patterns supported, using: 0xaaaaaaaa

Filling memory with data ...

Verifying written memory ...
OK

Running Rowhammer attacks ...
read_count: 100000
  Iter 1 / 1 Rows = (463, 465), Count =  0.00M /  0.10M  
  Iter 1 / 1 Rows = (463, 465), Count =  0.10M /  0.10M  

Verifying attacked memory ...
OK

Preparing ...
WARNING: only single word patterns supported, using: 0xaaaaaaaa

Filling memory with data ...

Verifying written memory ...
OK

Running Rowhammer attacks ...
read_count: 100000
  Iter 1 / 1 Rows = (464, 466), Count =  0.00M /  0.10M  
  Iter 1 / 1 Rows = (464, 466), Count =  0.10M /  0.10M  

Verifying attacked memory ...
OK

Preparing ...
WARNING: only single word patterns supported, using: 0xaaaaaaaa

Filling memory with data ...

Verifying written memory ...
OK

Running Rowhammer attacks ...
read_count: 100000
  Iter 1 / 1 Rows = (465, 467), Count =  0.00M /  0.10M  
  Iter 1 / 1 Rows = (465, 467), Count =  0.10M /  0.10M  

Verifying attacked memory ...
OK

Preparing ...
WARNING: only single word patterns supported, using: 0xaaaaaaaa

Filling memory with data ...

Verifying written memory ...
OK

Running Rowhammer attacks ...
read_count: 100000
  Iter 1 / 1 Rows = (466, 468), Count =  0.00M /  0.10M  
  Iter 1 / 1 Rows = (466, 468), Count =  0.10M /  0.10M  

Verifying attacked memory ...
OK

Preparing ...
WARNING: only single word patterns supported, using: 0xaaaaaaaa

Filling memory with data ...

Verifying written memory ...
OK

Running Rowhammer attacks ...
read_count: 100000
  Iter 1 / 1 Rows = (467, 469), Count =  0.01M /  0.10M  
  Iter 1 / 1 Rows = (467, 469), Count =  0.10M /  0.10M  

Verifying attacked memory ...
OK

Preparing ...
WARNING: only single word patterns supported, using: 0xaaaaaaaa

Filling memory with data ...

Verifying written memory ...
OK

Running Rowhammer attacks ...
read_count: 100000
  Iter 1 / 1 Rows = (468, 470), Count =  0.00M /  0.10M  
  Iter 1 / 1 Rows = (468, 470), Count =  0.10M /  0.10M  

Verifying attacked memory ...
OK

Preparing ...
WARNING: only single word patterns supported, using: 0xaaaaaaaa

Filling memory with data ...

Verifying written memory ...
OK

Running Rowhammer attacks ...
read_count: 100000
  Iter 1 / 1 Rows = (469, 471), Count =  0.00M /  0.10M  
  Iter 1 / 1 Rows = (469, 471), Count =  0.10M /  0.10M  

Verifying attacked memory ...
OK

Preparing ...
WARNING: only single word patterns supported, using: 0xaaaaaaaa

Filling memory with data ...

Verifying written memory ...
OK

Running Rowhammer attacks ...
read_count: 100000
  Iter 1 / 1 Rows = (470, 472), Count =  0.00M /  0.10M  
  Iter 1 / 1 Rows = (470, 472), Count =  0.10M /  0.10M  

Verifying attacked memory ...
OK

Preparing ...
WARNING: only single word patterns supported, using: 0xaaaaaaaa

Filling memory with data ...

Verifying written memory ...
OK

Running Rowhammer attacks ...
read_count: 100000
  Iter 1 / 1 Rows = (471, 473), Count =  0.00M /  0.10M  
  Iter 1 / 1 Rows = (471, 473), Count =  0.10M /  0.10M  

Verifying attacked memory ...
OK

Preparing ...
WARNING: only single word patterns supported, using: 0xaaaaaaaa

Filling memory with data ...

Verifying written memory ...
OK

Running Rowhammer attacks ...
read_count: 100000
  Iter 1 / 1 Rows = (472, 474), Count =  0.00M /  0.10M  
  Iter 1 / 1 Rows = (472, 474), Count =  0.10M /  0.10M  

Verifying attacked memory ...
OK

Preparing ...
WARNING: only single word patterns supported, using: 0xaaaaaaaa

Filling memory with data ...

Verifying written memory ...
OK

Running Rowhammer attacks ...
read_count: 100000
  Iter 1 / 1 Rows = (473, 475), Count =  0.00M /  0.10M  
  Iter 1 / 1 Rows = (473, 475), Count =  0.10M /  0.10M  

Verifying attacked memory ...
OK

Preparing ...
WARNING: only single word patterns supported, using: 0xaaaaaaaa

Filling memory with data ...

Verifying written memory ...
OK

Running Rowhammer attacks ...
read_count: 100000
  Iter 1 / 1 Rows = (474, 476), Count =  0.00M /  0.10M  
  Iter 1 / 1 Rows = (474, 476), Count =  0.10M /  0.10M  

Verifying attacked memory ...
OK

Preparing ...
WARNING: only single word patterns supported, using: 0xaaaaaaaa

Filling memory with data ...

Verifying written memory ...
OK

Running Rowhammer attacks ...
read_count: 100000
  Iter 1 / 1 Rows = (475, 477), Count =  0.00M /  0.10M  
  Iter 1 / 1 Rows = (475, 477), Count =  0.10M /  0.10M  

Verifying attacked memory ...
OK

Preparing ...
WARNING: only single word patterns supported, using: 0xaaaaaaaa

Filling memory with data ...

Verifying written memory ...
OK

Running Rowhammer attacks ...
read_count: 100000
  Iter 1 / 1 Rows = (476, 478), Count =  0.00M /  0.10M  
  Iter 1 / 1 Rows = (476, 478), Count =  0.10M /  0.10M  

Verifying attacked memory ...
OK

Preparing ...
WARNING: only single word patterns supported, using: 0xaaaaaaaa

Filling memory with data ...

Verifying written memory ...
OK

Running Rowhammer attacks ...
read_count: 100000
  Iter 1 / 1 Rows = (477, 479), Count =  0.00M /  0.10M  
  Iter 1 / 1 Rows = (477, 479), Count =  0.10M /  0.10M  

Verifying attacked memory ...
OK

Preparing ...
WARNING: only single word patterns supported, using: 0xaaaaaaaa

Filling memory with data ...

Verifying written memory ...
OK

Running Rowhammer attacks ...
read_count: 100000
  Iter 1 / 1 Rows = (478, 480), Count =  0.00M /  0.10M  
  Iter 1 / 1 Rows = (478, 480), Count =  0.10M /  0.10M  

Verifying attacked memory ...
OK

Preparing ...
WARNING: only single word patterns supported, using: 0xaaaaaaaa

Filling memory with data ...

Verifying written memory ...
OK

Running Rowhammer attacks ...
read_count: 100000
  Iter 1 / 1 Rows = (479, 481), Count =  0.00M /  0.10M  
  Iter 1 / 1 Rows = (479, 481), Count =  0.10M /  0.10M  

Verifying attacked memory ...
OK

Preparing ...
WARNING: only single word patterns supported, using: 0xaaaaaaaa

Filling memory with data ...

Verifying written memory ...
OK

Running Rowhammer attacks ...
read_count: 100000
  Iter 1 / 1 Rows = (480, 482), Count =  0.00M /  0.10M  
  Iter 1 / 1 Rows = (480, 482), Count =  0.10M /  0.10M  

Verifying attacked memory ...
OK

Preparing ...
WARNING: only single word patterns supported, using: 0xaaaaaaaa

Filling memory with data ...

Verifying written memory ...
OK

Running Rowhammer attacks ...
read_count: 100000
  Iter 1 / 1 Rows = (481, 483), Count =  0.00M /  0.10M  
  Iter 1 / 1 Rows = (481, 483), Count =  0.10M /  0.10M  

Verifying attacked memory ...
OK

Preparing ...
WARNING: only single word patterns supported, using: 0xaaaaaaaa

Filling memory with data ...

Verifying written memory ...
OK

Running Rowhammer attacks ...
read_count: 100000
  Iter 1 / 1 Rows = (482, 484), Count =  0.00M /  0.10M  
  Iter 1 / 1 Rows = (482, 484), Count =  0.10M /  0.10M  

Verifying attacked memory ...
OK

Preparing ...
WARNING: only single word patterns supported, using: 0xaaaaaaaa

Filling memory with data ...

Verifying written memory ...
OK

Running Rowhammer attacks ...
read_count: 100000
  Iter 1 / 1 Rows = (483, 485), Count =  0.00M /  0.10M  
  Iter 1 / 1 Rows = (483, 485), Count =  0.10M /  0.10M  

Verifying attacked memory ...
OK

Preparing ...
WARNING: only single word patterns supported, using: 0xaaaaaaaa

Filling memory with data ...

Verifying written memory ...
OK

Running Rowhammer attacks ...
read_count: 100000
  Iter 1 / 1 Rows = (484, 486), Count =  0.00M /  0.10M  
  Iter 1 / 1 Rows = (484, 486), Count =  0.10M /  0.10M  

Verifying attacked memory ...
OK

Preparing ...
WARNING: only single word patterns supported, using: 0xaaaaaaaa

Filling memory with data ...

Verifying written memory ...
OK

Running Rowhammer attacks ...
read_count: 100000
  Iter 1 / 1 Rows = (485, 487), Count =  0.00M /  0.10M  
  Iter 1 / 1 Rows = (485, 487), Count =  0.10M /  0.10M  

Verifying attacked memory ...
OK

Preparing ...
WARNING: only single word patterns supported, using: 0xaaaaaaaa

Filling memory with data ...

Verifying written memory ...
OK

Running Rowhammer attacks ...
read_count: 100000
  Iter 1 / 1 Rows = (486, 488), Count =  0.00M /  0.10M  
  Iter 1 / 1 Rows = (486, 488), Count =  0.10M /  0.10M  

Verifying attacked memory ...
OK

Preparing ...
WARNING: only single word patterns supported, using: 0xaaaaaaaa

Filling memory with data ...

Verifying written memory ...
OK

Running Rowhammer attacks ...
read_count: 100000
  Iter 1 / 1 Rows = (487, 489), Count =  0.00M /  0.10M  
  Iter 1 / 1 Rows = (487, 489), Count =  0.10M /  0.10M  

Verifying attacked memory ...
OK

Preparing ...
WARNING: only single word patterns supported, using: 0xaaaaaaaa

Filling memory with data ...

Verifying written memory ...
OK

Running Rowhammer attacks ...
read_count: 100000
  Iter 1 / 1 Rows = (488, 490), Count =  0.00M /  0.10M  
  Iter 1 / 1 Rows = (488, 490), Count =  0.10M /  0.10M  

Verifying attacked memory ...
OK

Preparing ...
WARNING: only single word patterns supported, using: 0xaaaaaaaa

Filling memory with data ...

Verifying written memory ...
OK

Running Rowhammer attacks ...
read_count: 100000
  Iter 1 / 1 Rows = (489, 491), Count =  0.00M /  0.10M  
  Iter 1 / 1 Rows = (489, 491), Count =  0.10M /  0.10M  

Verifying attacked memory ...
OK

Preparing ...
WARNING: only single word patterns supported, using: 0xaaaaaaaa

Filling memory with data ...

Verifying written memory ...
OK

Running Rowhammer attacks ...
read_count: 100000
  Iter 1 / 1 Rows = (490, 492), Count =  0.00M /  0.10M  
  Iter 1 / 1 Rows = (490, 492), Count =  0.10M /  0.10M  

Verifying attacked memory ...
OK

Preparing ...
WARNING: only single word patterns supported, using: 0xaaaaaaaa

Filling memory with data ...

Verifying written memory ...
OK

Running Rowhammer attacks ...
read_count: 100000
  Iter 1 / 1 Rows = (491, 493), Count =  0.00M /  0.10M  
  Iter 1 / 1 Rows = (491, 493), Count =  0.10M /  0.10M  

Verifying attacked memory ...
OK

Preparing ...
WARNING: only single word patterns supported, using: 0xaaaaaaaa

Filling memory with data ...

Verifying written memory ...
OK

Running Rowhammer attacks ...
read_count: 100000
  Iter 1 / 1 Rows = (492, 494), Count =  0.00M /  0.10M  
  Iter 1 / 1 Rows = (492, 494), Count =  0.10M /  0.10M  

Verifying attacked memory ...
OK

Preparing ...
WARNING: only single word patterns supported, using: 0xaaaaaaaa

Filling memory with data ...

Verifying written memory ...
OK

Running Rowhammer attacks ...
read_count: 100000
  Iter 1 / 1 Rows = (493, 495), Count =  0.00M /  0.10M  
  Iter 1 / 1 Rows = (493, 495), Count =  0.10M /  0.10M  

Verifying attacked memory ...
OK

Preparing ...
WARNING: only single word patterns supported, using: 0xaaaaaaaa

Filling memory with data ...

Verifying written memory ...
OK

Running Rowhammer attacks ...
read_count: 100000
  Iter 1 / 1 Rows = (494, 496), Count =  0.00M /  0.10M  
  Iter 1 / 1 Rows = (494, 496), Count =  0.10M /  0.10M  

Verifying attacked memory ...
OK

Preparing ...
WARNING: only single word patterns supported, using: 0xaaaaaaaa

Filling memory with data ...

Verifying written memory ...
OK

Running Rowhammer attacks ...
read_count: 100000
  Iter 1 / 1 Rows = (495, 497), Count =  0.00M /  0.10M  
  Iter 1 / 1 Rows = (495, 497), Count =  0.10M /  0.10M  

Verifying attacked memory ...
OK

Preparing ...
WARNING: only single word patterns supported, using: 0xaaaaaaaa

Filling memory with data ...

Verifying written memory ...
OK

Running Rowhammer attacks ...
read_count: 100000
  Iter 1 / 1 Rows = (496, 498), Count =  0.00M /  0.10M  
  Iter 1 / 1 Rows = (496, 498), Count =  0.10M /  0.10M  

Verifying attacked memory ...
OK

Preparing ...
WARNING: only single word patterns supported, using: 0xaaaaaaaa

Filling memory with data ...

Verifying written memory ...
OK

Running Rowhammer attacks ...
read_count: 100000
  Iter 1 / 1 Rows = (497, 499), Count =  0.00M /  0.10M  
  Iter 1 / 1 Rows = (497, 499), Count =  0.10M /  0.10M  

Verifying attacked memory ...
OK

Preparing ...
WARNING: only single word patterns supported, using: 0xaaaaaaaa

Filling memory with data ...

Verifying written memory ...
OK

Running Rowhammer attacks ...
read_count: 100000
  Iter 1 / 1 Rows = (498, 500), Count =  0.00M /  0.10M  
  Iter 1 / 1 Rows = (498, 500), Count =  0.10M /  0.10M  

Verifying attacked memory ...
OK

Preparing ...
WARNING: only single word patterns supported, using: 0xaaaaaaaa

Filling memory with data ...

Verifying written memory ...
OK

Running Rowhammer attacks ...
read_count: 100000
  Iter 1 / 1 Rows = (499, 501), Count =  0.00M /  0.10M  
  Iter 1 / 1 Rows = (499, 501), Count =  0.10M /  0.10M  

Verifying attacked memory ...
OK

Preparing ...
WARNING: only single word patterns supported, using: 0xaaaaaaaa

Filling memory with data ...

Verifying written memory ...
OK

Running Rowhammer attacks ...
read_count: 100000
  Iter 1 / 1 Rows = (500, 502), Count =  0.00M /  0.10M  
  Iter 1 / 1 Rows = (500, 502), Count =  0.10M /  0.10M  

Verifying attacked memory ...
OK

Preparing ...
WARNING: only single word patterns supported, using: 0xaaaaaaaa

Filling memory with data ...

Verifying written memory ...
OK

Running Rowhammer attacks ...
read_count: 100000
  Iter 1 / 1 Rows = (501, 503), Count =  0.00M /  0.10M  
  Iter 1 / 1 Rows = (501, 503), Count =  0.10M /  0.10M  

Verifying attacked memory ...
OK

Preparing ...
WARNING: only single word patterns supported, using: 0xaaaaaaaa

Filling memory with data ...

Verifying written memory ...
OK

Running Rowhammer attacks ...
read_count: 100000
  Iter 1 / 1 Rows = (502, 504), Count =  0.00M /  0.10M  
  Iter 1 / 1 Rows = (502, 504), Count =  0.10M /  0.10M  

Verifying attacked memory ...
OK

Preparing ...
WARNING: only single word patterns supported, using: 0xaaaaaaaa

Filling memory with data ...

Verifying written memory ...
OK

Running Rowhammer attacks ...
read_count: 100000
  Iter 1 / 1 Rows = (503, 505), Count =  0.00M /  0.10M  
  Iter 1 / 1 Rows = (503, 505), Count =  0.10M /  0.10M  

Verifying attacked memory ...
OK

Preparing ...
WARNING: only single word patterns supported, using: 0xaaaaaaaa

Filling memory with data ...

Verifying written memory ...
OK

Running Rowhammer attacks ...
read_count: 100000
  Iter 1 / 1 Rows = (504, 506), Count =  0.00M /  0.10M  
  Iter 1 / 1 Rows = (504, 506), Count =  0.10M /  0.10M  

Verifying attacked memory ...
OK

Preparing ...
WARNING: only single word patterns supported, using: 0xaaaaaaaa

Filling memory with data ...

Verifying written memory ...
OK

Running Rowhammer attacks ...
read_count: 100000
  Iter 1 / 1 Rows = (505, 507), Count =  0.00M /  0.10M  
  Iter 1 / 1 Rows = (505, 507), Count =  0.10M /  0.10M  

Verifying attacked memory ...
OK

Preparing ...
WARNING: only single word patterns supported, using: 0xaaaaaaaa

Filling memory with data ...

Verifying written memory ...
OK

Running Rowhammer attacks ...
read_count: 100000
  Iter 1 / 1 Rows = (506, 508), Count =  0.00M /  0.10M  
  Iter 1 / 1 Rows = (506, 508), Count =  0.10M /  0.10M  

Verifying attacked memory ...
OK

Preparing ...
WARNING: only single word patterns supported, using: 0xaaaaaaaa

Filling memory with data ...

Verifying written memory ...
OK

Running Rowhammer attacks ...
read_count: 100000
  Iter 1 / 1 Rows = (507, 509), Count =  0.00M /  0.10M  
  Iter 1 / 1 Rows = (507, 509), Count =  0.10M /  0.10M  

Verifying attacked memory ...
OK

Preparing ...
WARNING: only single word patterns supported, using: 0xaaaaaaaa

Filling memory with data ...

Verifying written memory ...
OK

Running Rowhammer attacks ...
read_count: 100000
  Iter 1 / 1 Rows = (508, 510), Count =  0.00M /  0.10M  
  Iter 1 / 1 Rows = (508, 510), Count =  0.10M /  0.10M  

Verifying attacked memory ...
OK

Preparing ...
WARNING: only single word patterns supported, using: 0xaaaaaaaa

Filling memory with data ...

Verifying written memory ...
OK

Running Rowhammer attacks ...
read_count: 100000
  Iter 1 / 1 Rows = (509, 511), Count =  0.00M /  0.10M  
  Iter 1 / 1 Rows = (509, 511), Count =  0.10M /  0.10M  

Verifying attacked memory ...
OK
